object={
	name="tree_africa_generator_1_0"
	clamp_to_water_level=no
	render_under_water=no
	generated_content=yes
	layer="tree_layer"
	pdxmesh="tree_olive_01_mesh"
	count=5239
	transform="5098.484375 0.000000 1245.530396 0.000000 0.807606 0.000000 0.589722 0.735756 0.735756 0.735756
5099.488281 0.000000 1231.720581 0.000000 0.980508 0.000000 -0.196480 0.820144 0.820144 0.820144
5099.836914 0.000000 1241.214233 0.000000 0.350755 0.000000 -0.936467 0.923496 0.923496 0.923496
5096.103516 0.000000 1229.298096 0.000000 0.685638 0.000000 -0.727943 0.800000 0.800000 0.800000
5097.813965 0.000000 1235.114990 0.000000 0.049120 0.000000 0.998793 0.645005 0.645005 0.645005
5097.041504 0.000000 1242.228638 0.000000 0.855810 0.000000 -0.517291 0.855379 0.855379 0.855379
5099.033691 0.000000 1238.317261 0.000000 0.996848 0.000000 -0.079330 0.808089 0.808089 0.808089
5098.750488 0.000000 1229.136230 0.000000 0.729411 0.000000 0.684076 0.723266 0.723266 0.723266
5097.937012 0.000000 1226.743164 0.000000 0.999165 0.000000 0.040868 0.800000 0.800000 0.800000
5101.081055 0.000000 1229.754883 0.000000 0.919155 0.000000 -0.393896 0.800000 0.800000 0.800000
5101.204590 0.000000 1239.266479 0.000000 0.971563 0.000000 0.236780 0.775651 0.775651 0.775651
5095.521973 0.000000 1236.382935 0.000000 0.127294 0.000000 0.991865 0.800000 0.800000 0.800000
5097.921875 0.000000 1240.186157 0.000000 0.389480 0.000000 -0.921035 0.800000 0.800000 0.800000
5097.479492 0.000000 1230.981323 0.000000 0.652341 0.000000 0.757926 0.800000 0.800000 0.800000
5098.937500 0.000000 1243.137207 0.000000 0.493653 0.000000 -0.869659 0.907412 0.907412 0.907412
5097.966797 0.000000 1233.065552 0.000000 0.998217 0.000000 0.059685 0.793917 0.793917 0.793917
5096.626953 0.000000 1244.834717 0.000000 0.253825 0.000000 -0.967250 0.800000 0.800000 0.800000
5097.355957 0.000000 1237.099243 0.000000 0.736269 0.000000 -0.676689 0.800000 0.800000 0.800000
5096.032227 0.000000 1234.350952 0.000000 0.061453 0.000000 -0.998110 0.953736 0.953736 0.953736
5096.430176 0.000000 1227.637329 0.000000 0.069272 0.000000 0.997598 0.800000 0.800000 0.800000
5096.372559 0.000000 1240.508911 0.000000 0.240174 0.000000 -0.970730 0.800000 0.800000 0.800000
5099.081543 0.000000 1234.150146 0.000000 0.885212 0.000000 0.465188 0.800000 0.800000 0.800000
5099.695801 0.000000 1239.702881 0.000000 0.996180 0.000000 0.087321 0.791094 0.791094 0.791094
5097.604004 0.000000 1243.708252 0.000000 0.208735 0.000000 -0.977972 0.938581 0.938581 0.938581
5099.075684 0.000000 1227.677734 0.000000 0.909064 0.000000 -0.416656 0.843775 0.843775 0.843775
5098.318848 0.000000 1241.566650 0.000000 0.614568 0.000000 -0.788864 0.892586 0.892586 0.892586
5099.789062 0.000000 1244.873901 0.000000 0.130129 0.000000 -0.991497 0.946707 0.946707 0.946707
5099.576172 0.000000 1230.274048 0.000000 0.990092 0.000000 -0.140421 0.814351 0.814351 0.814351
5096.593262 0.000000 1235.610474 0.000000 0.913329 0.000000 -0.407223 0.842721 0.842721 0.842721
5101.898438 0.000000 1238.135010 0.000000 0.372207 0.000000 0.928150 0.678848 0.678848 0.678848
5097.063965 0.000000 1232.180298 0.000000 0.643799 0.000000 -0.765195 0.888754 0.888754 0.888754
5099.343750 0.000000 1232.925049 0.000000 0.224591 0.000000 -0.974453 0.936927 0.936927 0.936927
5098.714844 0.000000 1244.331787 0.000000 0.487276 0.000000 -0.873248 0.908157 0.908157 0.908157
5098.253418 0.000000 1231.891113 0.000000 0.628713 0.000000 -0.777637 0.890746 0.890746 0.890746
5098.387695 0.000000 1230.240723 0.000000 0.246886 0.000000 0.969044 0.665410 0.665410 0.665410
5099.071289 0.000000 1226.469604 0.000000 0.947803 0.000000 -0.318858 0.833056 0.833056 0.833056
5098.945312 0.000000 1240.533691 0.000000 0.272568 0.000000 0.962137 0.668119 0.668119 0.668119
5099.226074 0.000000 1242.115845 0.000000 0.351850 0.000000 -0.936057 0.923377 0.923377 0.923377
5106.604980 0.000000 1270.964844 0.000000 0.858024 0.000000 -0.513610 0.800000 0.800000 0.800000
5096.532227 0.000000 1256.712158 0.000000 0.886078 0.000000 -0.463536 0.800000 0.800000 0.800000
5109.494141 0.000000 1251.975830 0.000000 0.656939 0.000000 0.753944 0.713008 0.713008 0.713008
5106.674805 0.000000 1264.570068 0.000000 0.635569 0.000000 0.772044 0.710155 0.710155 0.710155
5097.818359 0.000000 1252.514404 0.000000 0.062916 0.000000 0.998019 0.646413 0.646413 0.646413
5112.881348 0.000000 1254.743896 0.000000 0.747513 0.000000 0.664247 0.726001 0.726001 0.726001
5111.070312 0.000000 1263.147827 0.000000 0.986573 0.000000 -0.163322 0.816711 0.816711 0.816711
5096.103516 0.000000 1261.298096 0.000000 0.736669 0.000000 -0.676254 0.875647 0.875647 0.875647
5097.813965 0.000000 1267.114990 0.000000 0.356852 0.000000 -0.934161 0.922832 0.922832 0.922832
5107.926758 0.000000 1267.724976 0.000000 0.901959 0.000000 0.431821 0.800000 0.800000 0.800000
5095.792480 0.000000 1264.479248 0.000000 0.974658 0.000000 0.223701 0.777020 0.777020 0.777020
5110.609375 0.000000 1266.199951 0.000000 0.984692 0.000000 0.174306 0.800000 0.800000 0.800000
5109.305664 0.000000 1271.923584 0.000000 0.201925 0.000000 0.979401 0.660710 0.660710 0.660710
5095.368652 0.000000 1253.585327 0.000000 0.827259 0.000000 -0.561821 0.800000 0.800000 0.800000
5094.830566 0.000000 1258.974487 0.000000 0.692483 0.000000 -0.721434 0.882085 0.882085 0.882085
5097.937012 0.000000 1258.743164 0.000000 0.213780 0.000000 -0.976882 0.938055 0.938055 0.938055
5110.221680 0.000000 1254.269287 0.000000 0.015162 0.000000 -0.999885 0.958456 0.958456 0.958456
5110.485352 0.000000 1260.843628 0.000000 0.923292 0.000000 -0.384098 0.800000 0.800000 0.800000
5108.653320 0.000000 1263.088989 0.000000 0.023531 0.000000 -0.999723 0.957603 0.957603 0.957603
5095.521973 0.000000 1268.382935 0.000000 0.796604 0.000000 0.604502 0.800000 0.800000 0.800000
5094.273438 0.000000 1262.596924 0.000000 0.315244 0.000000 0.949011 0.672668 0.672668 0.672668
5097.479492 0.000000 1262.981323 0.000000 0.264810 0.000000 -0.964301 0.932701 0.932701 0.932701
5112.831543 0.000000 1264.414062 0.000000 0.990980 0.000000 -0.134012 0.800000 0.800000 0.800000
5097.272949 0.000000 1254.693604 0.000000 0.213580 0.000000 0.976926 0.661924 0.661924 0.661924
5108.604980 0.000000 1265.452393 0.000000 0.998237 0.000000 0.059359 0.793950 0.793950 0.793950
5108.404785 0.000000 1269.760620 0.000000 0.914026 0.000000 0.405655 0.757454 0.757454 0.757454
5112.985840 0.000000 1262.133301 0.000000 0.987923 0.000000 0.154947 0.800000 0.800000 0.800000
5106.561035 0.000000 1262.499390 0.000000 0.243846 0.000000 0.969814 0.800000 0.800000 0.800000
5097.966797 0.000000 1265.065552 0.000000 0.038489 0.000000 -0.999259 0.956079 0.956079 0.956079
5097.355957 0.000000 1269.099243 0.000000 0.117951 0.000000 -0.993019 0.947958 0.947958 0.947958
5096.032227 0.000000 1266.350952 0.000000 0.936279 0.000000 -0.351258 0.836559 0.836559 0.836559
5111.844727 0.000000 1253.176880 0.000000 0.607170 0.000000 0.794572 0.706462 0.706462 0.706462
5109.761719 0.000000 1268.190674 0.000000 0.477271 0.000000 -0.878756 0.909320 0.909320 0.909320
5106.603516 0.000000 1269.108765 0.000000 0.996716 0.000000 0.080972 0.800000 0.800000 0.800000
5095.581543 0.000000 1255.327881 0.000000 0.802942 0.000000 0.596057 0.734955 0.734955 0.734955
5094.456055 0.000000 1257.303711 0.000000 0.660215 0.000000 0.751077 0.800000 0.800000 0.800000
5096.430176 0.000000 1259.637329 0.000000 0.094859 0.000000 0.995491 0.649677 0.649677 0.649677
5108.375488 0.000000 1250.693115 0.000000 0.423474 0.000000 -0.905908 0.915459 0.915459 0.915459
5109.941895 0.000000 1264.472168 0.000000 0.915865 0.000000 0.401487 0.757918 0.757918 0.757918
5113.583496 0.000000 1253.075439 0.000000 0.039456 0.000000 -0.999221 0.955980 0.955980 0.955980
5094.640625 0.000000 1265.559204 0.000000 0.990737 0.000000 0.135792 0.786126 0.786126 0.786126
5094.650879 0.000000 1260.563354 0.000000 0.837865 0.000000 0.545877 0.741183 0.741183 0.741183
5112.145020 0.000000 1265.820312 0.000000 0.843119 0.000000 0.537728 0.800000 0.800000 0.800000
5094.268555 0.000000 1252.503174 0.000000 0.578255 0.000000 0.815856 0.800000 0.800000 0.800000
5109.873535 0.000000 1262.191772 0.000000 0.990038 0.000000 -0.140800 0.814390 0.814390 0.814390
5095.752441 0.000000 1262.923462 0.000000 0.243748 0.000000 0.969839 0.665081 0.665081 0.665081
5096.221191 0.000000 1258.161499 0.000000 0.923455 0.000000 0.383708 0.759887 0.759887 0.759887
5109.252441 0.000000 1266.833130 0.000000 0.352984 0.000000 -0.935629 0.923253 0.923253 0.923253
5097.362793 0.000000 1260.692749 0.000000 0.673886 0.000000 0.738835 0.715320 0.715320 0.715320
5111.339844 0.000000 1264.552490 0.000000 0.981055 0.000000 0.193730 0.780141 0.780141 0.780141
5109.116211 0.000000 1253.296265 0.000000 0.165639 0.000000 -0.986186 0.943050 0.943050 0.943050
5096.593262 0.000000 1267.610474 0.000000 0.529283 0.000000 -0.848446 0.903188 0.903188 0.903188
5094.549805 0.000000 1263.987061 0.000000 0.267464 0.000000 -0.963568 0.932421 0.932421 0.932421
5114.966797 0.000000 1252.838013 0.000000 0.447204 0.000000 -0.894432 0.912774 0.912774 0.912774
5097.063965 0.000000 1264.180298 0.000000 0.253482 0.000000 -0.967340 0.933896 0.933896 0.933896
5096.803223 0.000000 1265.394287 0.000000 0.723229 0.000000 -0.690608 0.877650 0.877650 0.877650
5112.718262 0.000000 1252.261475 0.000000 0.356637 0.000000 -0.934243 0.922855 0.922855 0.922855
5097.154297 0.000000 1261.842285 0.000000 0.915987 0.000000 -0.401208 0.842051 0.842051 0.842051
5094.979492 0.000000 1261.660400 0.000000 0.681357 0.000000 -0.731951 0.883645 0.883645 0.883645
5096.259277 0.000000 1269.355713 0.000000 0.621224 0.000000 0.783633 0.708277 0.708277 0.708277
5096.226074 0.000000 1254.267700 0.000000 0.906918 0.000000 0.421307 0.755703 0.755703 0.755703
5109.716797 0.000000 1263.403076 0.000000 0.036267 0.000000 0.999342 0.643695 0.643695 0.643695
5097.121094 0.000000 1255.790527 0.000000 0.789842 0.000000 0.613311 0.732748 0.732748 0.732748
5097.618164 0.000000 1266.069458 0.000000 0.885637 0.000000 -0.464378 0.849191 0.849191 0.849191
4735.086914 0.000000 2041.549561 0.000000 0.092130 0.000000 0.995747 0.800000 0.800000 0.800000
4735.804688 0.000000 2039.430420 0.000000 0.130764 0.000000 0.991413 0.800000 0.800000 0.800000
4724.604980 0.000000 2033.452393 0.000000 0.390240 0.000000 0.920713 0.800000 0.800000 0.800000
4725.941895 0.000000 2032.472168 0.000000 0.886907 0.000000 0.461947 0.800000 0.800000 0.800000
4734.265625 0.000000 2040.111206 0.000000 0.726634 0.000000 0.687025 0.800000 0.800000 0.800000
4744.221191 0.000000 2038.684937 0.000000 0.348604 0.000000 -0.937270 0.800000 0.800000 0.800000
4741.686523 0.000000 2034.909302 0.000000 0.982506 0.000000 0.186231 0.800000 0.800000 0.800000
4748.705078 0.000000 2034.370483 0.000000 0.478319 0.000000 -0.878186 0.800000 0.800000 0.800000
4738.246094 0.000000 2042.551270 0.000000 0.820593 0.000000 0.571513 0.800000 0.800000 0.800000
4747.396973 0.000000 2036.324585 0.000000 0.545254 0.000000 -0.838271 0.800000 0.800000 0.800000
4745.966797 0.000000 2033.065552 0.000000 0.993907 0.000000 -0.110224 0.800000 0.800000 0.800000
4745.355957 0.000000 2037.099243 0.000000 0.830380 0.000000 -0.557197 0.800000 0.800000 0.800000
4740.093262 0.000000 2034.067139 0.000000 0.999975 0.000000 -0.007125 0.800000 0.800000 0.800000
4740.183105 0.000000 2035.820801 0.000000 0.624435 0.000000 -0.781077 0.800000 0.800000 0.800000
4739.667480 0.000000 2039.368164 0.000000 0.148872 0.000000 -0.988856 0.800000 0.800000 0.800000
4752.966309 0.000000 2030.535278 0.000000 0.481315 0.000000 0.876548 0.800000 0.800000 0.800000
4747.081543 0.000000 2034.150146 0.000000 0.746313 0.000000 -0.665595 0.800000 0.800000 0.800000
4738.465332 0.000000 2038.346924 0.000000 0.530913 0.000000 0.847426 0.800000 0.800000 0.800000
4748.549805 0.000000 2032.835205 0.000000 0.989112 0.000000 0.147161 0.800000 0.800000 0.800000
4738.733887 0.000000 2041.056030 0.000000 0.848680 0.000000 0.528907 0.800000 0.800000 0.800000
4796.322754 0.000000 2042.183716 0.000000 0.029384 0.000000 -0.999568 0.800000 0.800000 0.800000
4793.850586 0.000000 2034.422363 0.000000 0.777871 0.000000 -0.628424 0.800000 0.800000 0.800000
4786.674805 0.000000 2032.570068 0.000000 0.820482 0.000000 -0.571673 0.800000 0.800000 0.800000
4797.637695 0.000000 2029.300781 0.000000 0.129438 0.000000 -0.991588 0.800000 0.800000 0.800000
4798.278320 0.000000 2046.367676 0.000000 0.843037 0.000000 0.537856 0.800000 0.800000 0.800000
4793.183105 0.000000 2046.203613 0.000000 0.695705 0.000000 0.718328 0.800000 0.800000 0.800000
4790.946289 0.000000 2037.656006 0.000000 0.614223 0.000000 0.789133 0.800000 0.800000 0.800000
4787.964844 0.000000 2028.796021 0.000000 0.506806 0.000000 0.862060 0.800000 0.800000 0.800000
4798.638184 0.000000 2034.081055 0.000000 0.997859 0.000000 -0.065407 0.800000 0.800000 0.800000
4794.338867 0.000000 2039.165649 0.000000 0.909244 0.000000 -0.416263 0.800000 0.800000 0.800000
4794.762207 0.000000 2031.116089 0.000000 0.975201 0.000000 0.221321 0.800000 0.800000 0.800000
4790.609375 0.000000 2034.199951 0.000000 0.887989 0.000000 -0.459865 0.800000 0.800000 0.800000
4793.589844 0.000000 2043.289551 0.000000 0.920288 0.000000 -0.391241 0.800000 0.800000 0.800000
4799.086914 0.000000 2041.549561 0.000000 0.927136 0.000000 -0.374724 0.800000 0.800000 0.800000
4796.349609 0.000000 2035.803589 0.000000 0.141162 0.000000 -0.989987 0.800000 0.800000 0.800000
4795.829590 0.000000 2044.882324 0.000000 0.135538 0.000000 0.990772 0.800000 0.800000 0.800000
4794.228027 0.000000 2028.555420 0.000000 0.436844 0.000000 -0.899537 0.800000 0.800000 0.800000
4791.974609 0.000000 2039.988403 0.000000 0.608524 0.000000 -0.793536 0.800000 0.800000 0.800000
4797.393555 0.000000 2031.808228 0.000000 0.188859 0.000000 -0.982004 0.800000 0.800000 0.800000
4793.373047 0.000000 2036.834229 0.000000 0.138281 0.000000 0.990393 0.800000 0.800000 0.800000
4798.364258 0.000000 2043.971680 0.000000 0.141045 0.000000 -0.990003 0.800000 0.800000 0.800000
4796.687012 0.000000 2039.710327 0.000000 0.813164 0.000000 0.582035 0.800000 0.800000 0.800000
4795.976074 0.000000 2033.555908 0.000000 0.892306 0.000000 0.451430 0.800000 0.800000 0.800000
4799.804688 0.000000 2039.430420 0.000000 0.291436 0.000000 -0.956590 0.800000 0.800000 0.800000
4792.831543 0.000000 2032.414062 0.000000 0.004100 0.000000 -0.999992 0.800000 0.800000 0.800000
4799.486328 0.000000 2030.729858 0.000000 0.925300 0.000000 -0.379235 0.800000 0.800000 0.800000
4794.053711 0.000000 2041.255005 0.000000 0.901683 0.000000 -0.432397 0.800000 0.800000 0.800000
4792.985840 0.000000 2030.133301 0.000000 0.833266 0.000000 -0.552873 0.800000 0.800000 0.800000
4795.794434 0.000000 2037.787598 0.000000 0.739576 0.000000 -0.673073 0.800000 0.800000 0.800000
4786.561035 0.000000 2030.499390 0.000000 0.068397 0.000000 0.997658 0.800000 0.800000 0.800000
4795.040039 0.000000 2047.215088 0.000000 0.788554 0.000000 0.614966 0.800000 0.800000 0.800000
4792.048828 0.000000 2035.469727 0.000000 0.971227 0.000000 -0.238157 0.800000 0.800000 0.800000
4799.356934 0.000000 2028.235718 0.000000 0.991609 0.000000 0.129270 0.800000 0.800000 0.800000
4795.785645 0.000000 2029.631348 0.000000 0.999557 0.000000 -0.029775 0.800000 0.800000 0.800000
4792.453613 0.000000 2041.787109 0.000000 0.979629 0.000000 0.200815 0.800000 0.800000 0.800000
4798.976074 0.000000 2032.349609 0.000000 0.684844 0.000000 -0.728690 0.800000 0.800000 0.800000
4796.635254 0.000000 2046.694336 0.000000 0.706463 0.000000 0.707750 0.800000 0.800000 0.800000
4793.429199 0.000000 2047.939209 0.000000 0.681564 0.000000 0.731759 0.800000 0.800000 0.800000
4794.438965 0.000000 2032.730713 0.000000 0.941503 0.000000 -0.337005 0.800000 0.800000 0.800000
4792.854492 0.000000 2038.473877 0.000000 0.577319 0.000000 0.816519 0.800000 0.800000 0.800000
4798.265625 0.000000 2040.111206 0.000000 0.919395 0.000000 0.393335 0.800000 0.800000 0.800000
4794.728516 0.000000 2035.922974 0.000000 0.113461 0.000000 0.993542 0.800000 0.800000 0.800000
4794.185547 0.000000 2044.829590 0.000000 0.362254 0.000000 0.932080 0.800000 0.800000 0.800000
4792.203125 0.000000 2028.719360 0.000000 0.389191 0.000000 -0.921157 0.800000 0.800000 0.800000
4792.145020 0.000000 2033.820312 0.000000 0.994306 0.000000 0.106563 0.800000 0.800000 0.800000
4795.508301 0.000000 2040.722168 0.000000 0.990219 0.000000 0.139520 0.800000 0.800000 0.800000
4795.178223 0.000000 2043.461670 0.000000 0.581447 0.000000 0.813584 0.800000 0.800000 0.800000
4799.500000 0.000000 2047.470337 0.000000 0.998982 0.000000 -0.045113 0.800000 0.800000 0.800000
4790.630859 0.000000 2040.743408 0.000000 0.950865 0.000000 -0.309606 0.800000 0.800000 0.800000
4810.484375 0.000000 2045.530396 0.000000 0.989837 0.000000 0.142205 0.800000 0.800000 0.800000
4824.140625 0.000000 2026.975464 0.000000 0.324955 0.000000 -0.945729 0.800000 0.800000 0.800000
4800.987305 0.000000 2037.511475 0.000000 0.195148 0.000000 -0.980774 0.800000 0.800000 0.800000
4818.604980 0.000000 2038.964844 0.000000 0.163077 0.000000 0.986613 0.800000 0.800000 0.800000
4802.780762 0.000000 2045.285156 0.000000 0.977088 0.000000 -0.212834 0.800000 0.800000 0.800000
4804.083496 0.000000 2030.666748 0.000000 0.265774 0.000000 0.964035 0.800000 0.800000 0.800000
4808.221191 0.000000 2038.684937 0.000000 0.982046 0.000000 -0.188640 0.800000 0.800000 0.800000
4816.895020 0.000000 2026.459717 0.000000 0.999592 0.000000 0.028563 0.800000 0.800000 0.800000
4818.674805 0.000000 2032.570068 0.000000 0.998623 0.000000 -0.052464 0.800000 0.800000 0.800000
4829.637695 0.000000 2029.300781 0.000000 0.899867 0.000000 -0.436164 0.800000 0.800000 0.800000
4830.231934 0.000000 2037.910522 0.000000 0.949028 0.000000 0.315192 0.800000 0.800000 0.800000
4825.183105 0.000000 2046.203613 0.000000 0.638206 0.000000 0.769866 0.800000 0.800000 0.800000
4805.686523 0.000000 2034.909302 0.000000 0.990283 0.000000 -0.139063 0.800000 0.800000 0.800000
4804.280762 0.000000 2040.940430 0.000000 0.951591 0.000000 -0.307369 0.800000 0.800000 0.800000
4800.114746 0.000000 2028.443359 0.000000 0.319448 0.000000 -0.947604 0.800000 0.800000 0.800000
4800.356445 0.000000 2033.087769 0.000000 0.658920 0.000000 -0.752213 0.800000 0.800000 0.800000
4812.507324 0.000000 2027.169922 0.000000 0.918142 0.000000 0.396252 0.800000 0.800000 0.800000
4811.836914 0.000000 2041.214233 0.000000 0.960427 0.000000 0.278533 0.800000 0.800000 0.800000
4822.946289 0.000000 2037.656006 0.000000 0.038677 0.000000 -0.999252 0.800000 0.800000 0.800000
4823.070312 0.000000 2031.147827 0.000000 0.889491 0.000000 -0.456952 0.800000 0.800000 0.800000
4800.250000 0.000000 2041.564819 0.000000 0.999886 0.000000 0.015122 0.800000 0.800000 0.800000
4815.467285 0.000000 2030.134033 0.000000 0.072976 0.000000 -0.997334 0.800000 0.800000 0.800000
4819.964844 0.000000 2028.796021 0.000000 0.704654 0.000000 -0.709551 0.800000 0.800000 0.800000
4830.638184 0.000000 2034.081055 0.000000 0.987084 0.000000 -0.160201 0.800000 0.800000 0.800000
4827.688477 0.000000 2026.264893 0.000000 0.909407 0.000000 -0.415907 0.800000 0.800000 0.800000
4815.359863 0.000000 2033.909424 0.000000 0.657781 0.000000 0.753210 0.800000 0.800000 0.800000
4819.926758 0.000000 2035.724976 0.000000 0.524002 0.000000 0.851717 0.800000 0.800000 0.800000
4826.762207 0.000000 2031.116089 0.000000 0.997547 0.000000 -0.069996 0.800000 0.800000 0.800000
4807.792480 0.000000 2032.479248 0.000000 0.859951 0.000000 -0.510376 0.800000 0.800000 0.800000
4804.128418 0.000000 2037.752075 0.000000 0.262775 0.000000 0.964857 0.800000 0.800000 0.800000
4822.609375 0.000000 2034.199951 0.000000 0.241698 0.000000 0.970352 0.800000 0.800000 0.800000
4830.717773 0.000000 2026.415527 0.000000 0.418277 0.000000 -0.908319 0.800000 0.800000 0.800000
4800.050293 0.000000 2046.543213 0.000000 0.997349 0.000000 -0.072769 0.800000 0.800000 0.800000
4809.041504 0.000000 2042.228638 0.000000 0.321201 0.000000 -0.947011 0.800000 0.800000 0.800000
4816.835938 0.000000 2036.439819 0.000000 0.710098 0.000000 -0.704103 0.800000 0.800000 0.800000
4802.625977 0.000000 2035.021362 0.000000 0.552834 0.000000 0.833291 0.800000 0.800000 0.800000
4831.086914 0.000000 2041.549561 0.000000 0.366131 0.000000 0.930563 0.800000 0.800000 0.800000
4828.349609 0.000000 2035.803589 0.000000 0.983697 0.000000 -0.179833 0.800000 0.800000 0.800000
4822.474609 0.000000 2045.118042 0.000000 0.210845 0.000000 0.977520 0.800000 0.800000 0.800000
4811.033691 0.000000 2038.317261 0.000000 0.991311 0.000000 -0.131540 0.800000 0.800000 0.800000
4821.305664 0.000000 2039.923584 0.000000 0.032255 0.000000 0.999480 0.800000 0.800000 0.800000
4802.786621 0.000000 2047.978394 0.000000 0.530031 0.000000 -0.847978 0.800000 0.800000 0.800000
4826.228027 0.000000 2028.555420 0.000000 0.988749 0.000000 0.149587 0.800000 0.800000 0.800000
4802.680176 0.000000 2028.167236 0.000000 0.825437 0.000000 0.564494 0.800000 0.800000 0.800000
4801.512695 0.000000 2030.743652 0.000000 0.347313 0.000000 0.937749 0.800000 0.800000 0.800000
4821.446777 0.000000 2026.620972 0.000000 0.028971 0.000000 -0.999580 0.800000 0.800000 0.800000
4823.974609 0.000000 2039.988403 0.000000 0.409925 0.000000 0.912119 0.800000 0.800000 0.800000
4829.393555 0.000000 2031.808228 0.000000 0.811503 0.000000 0.584349 0.800000 0.800000 0.800000
4800.467285 0.000000 2044.073120 0.000000 0.803569 0.000000 -0.595212 0.800000 0.800000 0.800000
4825.373047 0.000000 2036.834229 0.000000 0.086903 0.000000 0.996217 0.800000 0.800000 0.800000
4801.881836 0.000000 2039.758057 0.000000 0.912667 0.000000 0.408705 0.800000 0.800000 0.800000
4804.362793 0.000000 2043.354004 0.000000 0.999805 0.000000 -0.019736 0.800000 0.800000 0.800000
4823.161133 0.000000 2024.527832 0.000000 0.145786 0.000000 -0.989316 0.800000 0.800000 0.800000
4813.081055 0.000000 2029.754883 0.000000 0.289266 0.000000 0.957249 0.800000 0.800000 0.800000
4817.465332 0.000000 2028.796753 0.000000 0.992594 0.000000 0.121480 0.800000 0.800000 0.800000
4814.810547 0.000000 2027.831421 0.000000 0.670108 0.000000 0.742264 0.800000 0.800000 0.800000
4825.684082 0.000000 2024.959351 0.000000 0.534808 0.000000 0.844974 0.800000 0.800000 0.800000
4822.485352 0.000000 2028.843628 0.000000 0.753370 0.000000 -0.657597 0.800000 0.800000 0.800000
4830.364258 0.000000 2043.971680 0.000000 0.760654 0.000000 -0.649158 0.800000 0.800000 0.800000
4807.521973 0.000000 2036.382935 0.000000 0.719247 0.000000 0.694755 0.800000 0.800000 0.800000
4802.933105 0.000000 2032.728027 0.000000 0.746850 0.000000 0.664992 0.800000 0.800000 0.800000
4805.062500 0.000000 2028.391846 0.000000 0.808672 0.000000 -0.588259 0.800000 0.800000 0.800000
4805.313965 0.000000 2032.662354 0.000000 0.115861 0.000000 -0.993265 0.800000 0.800000 0.800000
4802.246094 0.000000 2042.551270 0.000000 0.980267 0.000000 0.197678 0.800000 0.800000 0.800000
4800.165527 0.000000 2035.417603 0.000000 0.582089 0.000000 0.813125 0.800000 0.800000 0.800000
4827.976074 0.000000 2033.555908 0.000000 0.148003 0.000000 0.988987 0.800000 0.800000 0.800000
4809.921875 0.000000 2040.186157 0.000000 0.376998 0.000000 -0.926214 0.800000 0.800000 0.800000
4816.561035 0.000000 2032.060791 0.000000 0.344314 0.000000 -0.938855 0.800000 0.800000 0.800000
4831.804688 0.000000 2039.430420 0.000000 0.965017 0.000000 -0.262186 0.800000 0.800000 0.800000
4824.831543 0.000000 2032.414062 0.000000 0.668407 0.000000 -0.743796 0.800000 0.800000 0.800000
4831.486328 0.000000 2030.729858 0.000000 0.991075 0.000000 0.133305 0.800000 0.800000 0.800000
4817.991211 0.000000 2034.651855 0.000000 0.884306 0.000000 0.466907 0.800000 0.800000 0.800000
4812.532715 0.000000 2046.151123 0.000000 0.995663 0.000000 0.093037 0.800000 0.800000 0.800000
4820.604980 0.000000 2033.452393 0.000000 0.634147 0.000000 0.773213 0.800000 0.800000 0.800000
4826.053711 0.000000 2041.255005 0.000000 0.999461 0.000000 -0.032827 0.800000 0.800000 0.800000
4806.105957 0.000000 2038.550537 0.000000 0.907899 0.000000 0.419189 0.800000 0.800000 0.800000
4820.404785 0.000000 2037.760620 0.000000 0.768177 0.000000 0.640237 0.800000 0.800000 0.800000
4822.239258 0.000000 2047.347656 0.000000 0.092477 0.000000 0.995715 0.800000 0.800000 0.800000
4831.156738 0.000000 2036.075439 0.000000 0.774151 0.000000 -0.633000 0.800000 0.800000 0.800000
4827.545410 0.000000 2024.090576 0.000000 0.996510 0.000000 0.083479 0.800000 0.800000 0.800000
4824.985840 0.000000 2030.133301 0.000000 0.199757 0.000000 0.979845 0.800000 0.800000 0.800000
4818.561035 0.000000 2030.499390 0.000000 0.226796 0.000000 0.973942 0.800000 0.800000 0.800000
4827.040039 0.000000 2047.215088 0.000000 0.077783 0.000000 0.996970 0.800000 0.800000 0.800000
4808.626953 0.000000 2044.834717 0.000000 0.772215 0.000000 -0.635361 0.800000 0.800000 0.800000
4809.355957 0.000000 2037.099243 0.000000 0.400407 0.000000 0.916337 0.800000 0.800000 0.800000
4810.949219 0.000000 2047.362671 0.000000 0.874107 0.000000 -0.485733 0.800000 0.800000 0.800000
4821.761719 0.000000 2036.190674 0.000000 0.836383 0.000000 0.548146 0.800000 0.800000 0.800000
4800.139160 0.000000 2039.112183 0.000000 0.799621 0.000000 0.600506 0.800000 0.800000 0.800000
4818.603516 0.000000 2037.108765 0.000000 0.992449 0.000000 0.122656 0.800000 0.800000 0.800000
4823.884277 0.000000 2043.793701 0.000000 0.648415 0.000000 -0.761287 0.800000 0.800000 0.800000
4804.581055 0.000000 2045.118164 0.000000 0.397618 0.000000 0.917551 0.800000 0.800000 0.800000
4827.785645 0.000000 2029.631348 0.000000 0.783371 0.000000 0.621554 0.800000 0.800000 0.800000
4805.716797 0.000000 2036.723511 0.000000 0.905008 0.000000 -0.425394 0.800000 0.800000 0.800000
4804.093262 0.000000 2034.067139 0.000000 0.526099 0.000000 0.850424 0.800000 0.800000 0.800000
4804.183105 0.000000 2035.820801 0.000000 0.999390 0.000000 -0.034929 0.800000 0.800000 0.800000
4826.002930 0.000000 2026.849609 0.000000 0.146939 0.000000 0.989146 0.800000 0.800000 0.800000
4821.188477 0.000000 2041.717773 0.000000 0.984400 0.000000 0.175944 0.800000 0.800000 0.800000
4802.624512 0.000000 2036.837891 0.000000 0.211197 0.000000 0.977444 0.800000 0.800000 0.800000
4824.453613 0.000000 2041.787109 0.000000 0.861901 0.000000 0.507077 0.800000 0.800000 0.800000
4803.667480 0.000000 2039.368164 0.000000 0.239069 0.000000 -0.971003 0.800000 0.800000 0.800000
4830.976074 0.000000 2032.349609 0.000000 0.988459 0.000000 0.151486 0.800000 0.800000 0.800000
4819.362793 0.000000 2040.532715 0.000000 0.184686 0.000000 -0.982798 0.800000 0.800000 0.800000
4820.462891 0.000000 2045.276733 0.000000 0.921580 0.000000 0.388188 0.800000 0.800000 0.800000
4825.429199 0.000000 2047.939209 0.000000 0.997123 0.000000 0.075804 0.800000 0.800000 0.800000
4826.438965 0.000000 2032.730713 0.000000 0.458610 0.000000 -0.888638 0.800000 0.800000 0.800000
4821.941895 0.000000 2032.472168 0.000000 0.257626 0.000000 -0.966245 0.800000 0.800000 0.800000
4824.854492 0.000000 2038.473877 0.000000 0.336183 0.000000 0.941797 0.800000 0.800000 0.800000
4801.893555 0.000000 2046.636963 0.000000 0.877844 0.000000 -0.478947 0.800000 0.800000 0.800000
4830.265625 0.000000 2040.111206 0.000000 0.666092 0.000000 0.745869 0.800000 0.800000 0.800000
4800.011719 0.000000 2030.166138 0.000000 0.059047 0.000000 -0.998255 0.800000 0.800000 0.800000
4806.640625 0.000000 2033.559204 0.000000 0.275893 0.000000 -0.961188 0.800000 0.800000 0.800000
4823.590820 0.000000 2046.342407 0.000000 0.330770 0.000000 -0.943711 0.800000 0.800000 0.800000
4826.185547 0.000000 2044.829590 0.000000 0.901517 0.000000 0.432743 0.800000 0.800000 0.800000
4808.372559 0.000000 2040.508911 0.000000 0.790217 0.000000 0.612827 0.800000 0.800000 0.800000
4824.203125 0.000000 2028.719360 0.000000 0.244284 0.000000 -0.969704 0.800000 0.800000 0.800000
4824.145020 0.000000 2033.820312 0.000000 0.230776 0.000000 -0.973007 0.800000 0.800000 0.800000
4827.508301 0.000000 2040.722168 0.000000 0.101792 0.000000 0.994806 0.800000 0.800000 0.800000
4827.178223 0.000000 2043.461670 0.000000 0.272780 0.000000 0.962077 0.800000 0.800000 0.800000
4802.465332 0.000000 2038.346924 0.000000 0.822923 0.000000 -0.568153 0.800000 0.800000 0.800000
4805.416504 0.000000 2039.920776 0.000000 0.348350 0.000000 -0.937364 0.800000 0.800000 0.800000
4802.733887 0.000000 2041.056030 0.000000 0.474534 0.000000 -0.880237 0.800000 0.800000 0.800000
4803.676758 0.000000 2046.721313 0.000000 0.746255 0.000000 -0.665660 0.800000 0.800000 0.800000
4801.424805 0.000000 2029.200684 0.000000 0.507581 0.000000 0.861604 0.800000 0.800000 0.800000
4831.549805 0.000000 2045.235229 0.000000 0.879813 0.000000 0.475320 0.800000 0.800000 0.800000
4831.500000 0.000000 2047.470337 0.000000 0.980974 0.000000 0.194139 0.800000 0.800000 0.800000
4811.695801 0.000000 2039.702881 0.000000 0.943878 0.000000 0.330294 0.800000 0.800000 0.800000
4802.875000 0.000000 2029.760010 0.000000 0.157903 0.000000 0.987455 0.800000 0.800000 0.800000
4822.630859 0.000000 2040.743408 0.000000 0.650244 0.000000 0.759726 0.800000 0.800000 0.800000
4843.488281 0.000000 2031.720581 0.000000 0.878819 0.000000 -0.477155 0.800000 0.800000 0.800000
4857.850586 0.000000 2034.422363 0.000000 0.866567 0.000000 0.499061 0.800000 0.800000 0.800000
4836.083496 0.000000 2030.666748 0.000000 0.474677 0.000000 0.880160 0.800000 0.800000 0.800000
4840.221191 0.000000 2038.684937 0.000000 0.998755 0.000000 -0.049890 0.800000 0.800000 0.800000
4848.895020 0.000000 2026.459717 0.000000 0.099068 0.000000 0.995081 0.800000 0.800000 0.800000
4861.208008 0.000000 2022.763794 0.000000 0.999333 0.000000 -0.036514 0.800000 0.800000 0.800000
4861.637695 0.000000 2029.300781 0.000000 0.070385 0.000000 -0.997520 0.800000 0.800000 0.800000
4845.486816 0.000000 2036.908325 0.000000 0.727972 0.000000 -0.685606 0.800000 0.800000 0.800000
4857.183105 0.000000 2046.203613 0.000000 0.965280 0.000000 -0.261219 0.800000 0.800000 0.800000
4837.686523 0.000000 2034.909302 0.000000 0.120713 0.000000 -0.992687 0.800000 0.800000 0.800000
4832.114746 0.000000 2028.443359 0.000000 0.949804 0.000000 0.312846 0.800000 0.800000 0.800000
4832.356445 0.000000 2033.087769 0.000000 0.715314 0.000000 0.698803 0.800000 0.800000 0.800000
4844.507324 0.000000 2027.169922 0.000000 0.999765 0.000000 -0.021670 0.800000 0.800000 0.800000
4843.836914 0.000000 2041.214233 0.000000 0.557976 0.000000 0.829857 0.800000 0.800000 0.800000
4854.946289 0.000000 2037.656006 0.000000 0.836300 0.000000 -0.548271 0.800000 0.800000 0.800000
4856.881348 0.000000 2022.743896 0.000000 0.765086 0.000000 0.643928 0.800000 0.800000 0.800000
4852.771973 0.000000 2024.209351 0.000000 0.465184 0.000000 0.885214 0.800000 0.800000 0.800000
4855.070312 0.000000 2031.147827 0.000000 0.337205 0.000000 0.941431 0.800000 0.800000 0.800000
4840.103516 0.000000 2029.298096 0.000000 0.666430 0.000000 -0.745567 0.800000 0.800000 0.800000
4836.398926 0.000000 2026.167725 0.000000 0.997957 0.000000 0.063896 0.800000 0.800000 0.800000
4832.250000 0.000000 2041.564819 0.000000 0.534443 0.000000 0.845204 0.800000 0.800000 0.800000
4847.467285 0.000000 2030.134033 0.000000 0.709268 0.000000 -0.704939 0.800000 0.800000 0.800000
4851.964844 0.000000 2028.796021 0.000000 0.938308 0.000000 -0.345801 0.800000 0.800000 0.800000
4862.638184 0.000000 2034.081055 0.000000 0.944327 0.000000 -0.329008 0.800000 0.800000 0.800000
4841.813965 0.000000 2035.114990 0.000000 0.785741 0.000000 -0.618556 0.800000 0.800000 0.800000
4859.688477 0.000000 2026.264893 0.000000 0.006523 0.000000 0.999979 0.800000 0.800000 0.800000
4846.251953 0.000000 2047.496216 0.000000 0.347130 0.000000 -0.937817 0.800000 0.800000 0.800000
4847.359863 0.000000 2033.909424 0.000000 0.723909 0.000000 -0.689895 0.800000 0.800000 0.800000
4851.926758 0.000000 2035.724976 0.000000 0.388144 0.000000 0.921599 0.800000 0.800000 0.800000
4858.762207 0.000000 2031.116089 0.000000 0.952588 0.000000 0.304263 0.800000 0.800000 0.800000
4851.479004 0.000000 2042.200806 0.000000 0.881505 0.000000 -0.472174 0.800000 0.800000 0.800000
4839.792480 0.000000 2032.479248 0.000000 0.753353 0.000000 -0.657616 0.800000 0.800000 0.800000
4836.128418 0.000000 2037.752075 0.000000 0.185515 0.000000 0.982641 0.800000 0.800000 0.800000
4843.363281 0.000000 2023.162964 0.000000 0.579166 0.000000 -0.815210 0.800000 0.800000 0.800000
4857.589844 0.000000 2043.289551 0.000000 0.413634 0.000000 -0.910443 0.800000 0.800000 0.800000
4848.835938 0.000000 2036.439819 0.000000 0.004397 0.000000 0.999990 0.800000 0.800000 0.800000
4834.625977 0.000000 2035.021362 0.000000 0.439160 0.000000 -0.898409 0.800000 0.800000 0.800000
4860.349609 0.000000 2035.803589 0.000000 0.989191 0.000000 0.146634 0.800000 0.800000 0.800000
4854.474609 0.000000 2045.118042 0.000000 0.006676 0.000000 -0.999978 0.800000 0.800000 0.800000
4849.125977 0.000000 2046.585815 0.000000 0.523828 0.000000 0.851824 0.800000 0.800000 0.800000
4859.829590 0.000000 2044.882324 0.000000 0.941421 0.000000 -0.337233 0.800000 0.800000 0.800000
4858.228027 0.000000 2028.555420 0.000000 0.557600 0.000000 -0.830109 0.800000 0.800000 0.800000
4842.750488 0.000000 2029.136230 0.000000 0.719728 0.000000 0.694257 0.800000 0.800000 0.800000
4844.705078 0.000000 2034.370483 0.000000 0.897411 0.000000 -0.441197 0.800000 0.800000 0.800000
4834.680176 0.000000 2028.167236 0.000000 0.899308 0.000000 -0.437315 0.800000 0.800000 0.800000
4833.512695 0.000000 2030.743652 0.000000 0.982351 0.000000 -0.187045 0.800000 0.800000 0.800000
4853.446777 0.000000 2026.620972 0.000000 0.678316 0.000000 0.734770 0.800000 0.800000 0.800000
4838.830566 0.000000 2026.974487 0.000000 0.285018 0.000000 0.958522 0.800000 0.800000 0.800000
4841.937012 0.000000 2026.743164 0.000000 0.973693 0.000000 -0.227862 0.800000 0.800000 0.800000
4861.393555 0.000000 2031.808228 0.000000 0.888388 0.000000 -0.459093 0.800000 0.800000 0.800000
4850.198730 0.000000 2024.187256 0.000000 0.999562 0.000000 -0.029592 0.800000 0.800000 0.800000
4832.467285 0.000000 2044.073120 0.000000 0.090160 0.000000 -0.995927 0.800000 0.800000 0.800000
4857.373047 0.000000 2036.834229 0.000000 0.999432 0.000000 0.033697 0.800000 0.800000 0.800000
4838.820312 0.000000 2040.960938 0.000000 0.378849 0.000000 -0.925458 0.800000 0.800000 0.800000
4836.362793 0.000000 2043.354004 0.000000 0.567713 0.000000 -0.823227 0.800000 0.800000 0.800000
4855.161133 0.000000 2024.527832 0.000000 0.575916 0.000000 0.817509 0.800000 0.800000 0.800000
4854.221680 0.000000 2022.269287 0.000000 0.888594 0.000000 -0.458695 0.800000 0.800000 0.800000
4845.081055 0.000000 2029.754883 0.000000 0.964816 0.000000 0.262927 0.800000 0.800000 0.800000
4846.810547 0.000000 2027.831421 0.000000 0.230735 0.000000 0.973017 0.800000 0.800000 0.800000
4845.875977 0.000000 2032.021362 0.000000 0.875690 0.000000 -0.482874 0.800000 0.800000 0.800000
4862.364258 0.000000 2043.971680 0.000000 0.110465 0.000000 -0.993880 0.800000 0.800000 0.800000
4860.687012 0.000000 2039.710327 0.000000 0.999846 0.000000 -0.017577 0.800000 0.800000 0.800000
4845.204590 0.000000 2039.266479 0.000000 0.752071 0.000000 0.659082 0.800000 0.800000 0.800000
4839.521973 0.000000 2036.382935 0.000000 0.027781 0.000000 -0.999614 0.800000 0.800000 0.800000
4834.933105 0.000000 2032.728027 0.000000 0.280283 0.000000 0.959917 0.800000 0.800000 0.800000
4849.166992 0.000000 2041.831421 0.000000 0.980897 0.000000 0.194530 0.800000 0.800000 0.800000
4837.062500 0.000000 2028.391846 0.000000 0.839027 0.000000 0.544091 0.800000 0.800000 0.800000
4837.313965 0.000000 2032.662354 0.000000 0.477645 0.000000 -0.878553 0.800000 0.800000 0.800000
4851.970703 0.000000 2022.099609 0.000000 0.802227 0.000000 0.597019 0.800000 0.800000 0.800000
4834.246094 0.000000 2042.551270 0.000000 0.976101 0.000000 0.217316 0.800000 0.800000 0.800000
4851.187500 0.000000 2026.143555 0.000000 0.954183 0.000000 -0.299223 0.800000 0.800000 0.800000
4859.976074 0.000000 2033.555908 0.000000 0.476729 0.000000 -0.879050 0.800000 0.800000 0.800000
4841.921875 0.000000 2040.186157 0.000000 0.163867 0.000000 -0.986482 0.800000 0.800000 0.800000
4848.561035 0.000000 2032.060791 0.000000 0.756817 0.000000 -0.653627 0.800000 0.800000 0.800000
4858.989258 0.000000 2022.111938 0.000000 0.456713 0.000000 -0.889614 0.800000 0.800000 0.800000
4838.273438 0.000000 2030.596924 0.000000 0.673312 0.000000 0.739358 0.800000 0.800000 0.800000
4845.964355 0.000000 2042.016846 0.000000 0.842073 0.000000 0.539363 0.800000 0.800000 0.800000
4841.479492 0.000000 2030.981323 0.000000 0.999416 0.000000 0.034163 0.800000 0.800000 0.800000
4846.213867 0.000000 2025.784546 0.000000 0.376212 0.000000 0.926533 0.800000 0.800000 0.800000
4849.991211 0.000000 2034.651855 0.000000 0.439044 0.000000 -0.898465 0.800000 0.800000 0.800000
4843.514160 0.000000 2025.306763 0.000000 0.394530 0.000000 -0.918883 0.800000 0.800000 0.800000
4852.604980 0.000000 2033.452393 0.000000 0.523527 0.000000 -0.852009 0.800000 0.800000 0.800000
4838.105957 0.000000 2038.550537 0.000000 0.878155 0.000000 0.478376 0.800000 0.800000 0.800000
4852.404785 0.000000 2037.760620 0.000000 0.379967 0.000000 0.925000 0.800000 0.800000 0.800000
4852.979980 0.000000 2043.617798 0.000000 0.018711 0.000000 0.999825 0.800000 0.800000 0.800000
4842.937500 0.000000 2043.137207 0.000000 0.284257 0.000000 -0.958748 0.800000 0.800000 0.800000
4859.545410 0.000000 2024.090576 0.000000 0.472931 0.000000 0.881099 0.800000 0.800000 0.800000
4860.344727 0.000000 2020.531372 0.000000 0.607061 0.000000 -0.794655 0.800000 0.800000 0.800000
4856.985840 0.000000 2030.133301 0.000000 0.010717 0.000000 -0.999943 0.800000 0.800000 0.800000
4850.561035 0.000000 2030.499390 0.000000 0.465824 0.000000 -0.884877 0.800000 0.800000 0.800000
4859.040039 0.000000 2047.215088 0.000000 0.172890 0.000000 0.984941 0.800000 0.800000 0.800000
4848.224609 0.000000 2024.540039 0.000000 0.075288 0.000000 -0.997162 0.800000 0.800000 0.800000
4841.966797 0.000000 2033.065552 0.000000 0.764442 0.000000 -0.644692 0.800000 0.800000 0.800000
4840.626953 0.000000 2044.834717 0.000000 0.912815 0.000000 -0.408374 0.800000 0.800000 0.800000
4841.355957 0.000000 2037.099243 0.000000 0.289548 0.000000 -0.957163 0.800000 0.800000 0.800000
4856.048828 0.000000 2035.469727 0.000000 0.246264 0.000000 0.969203 0.800000 0.800000 0.800000
4842.949219 0.000000 2047.362671 0.000000 0.993545 0.000000 -0.113440 0.800000 0.800000 0.800000
4840.032227 0.000000 2034.350952 0.000000 0.718969 0.000000 0.695042 0.800000 0.800000 0.800000
4863.356934 0.000000 2028.235718 0.000000 0.619569 0.000000 0.784942 0.800000 0.800000 0.800000
4861.257812 0.000000 2025.213013 0.000000 0.997045 0.000000 0.076824 0.800000 0.800000 0.800000
4861.113770 0.000000 2027.523193 0.000000 0.040555 0.000000 -0.999177 0.800000 0.800000 0.800000
4853.761719 0.000000 2036.190674 0.000000 0.914566 0.000000 0.404437 0.800000 0.800000 0.800000
4847.044922 0.000000 2035.861572 0.000000 0.848466 0.000000 0.529250 0.800000 0.800000 0.800000
4850.603516 0.000000 2037.108765 0.000000 0.809701 0.000000 -0.586842 0.800000 0.800000 0.800000
4855.884277 0.000000 2043.793701 0.000000 0.764470 0.000000 0.644659 0.800000 0.800000 0.800000
4836.581055 0.000000 2045.118164 0.000000 0.579826 0.000000 -0.814740 0.800000 0.800000 0.800000
4859.785645 0.000000 2029.631348 0.000000 0.491171 0.000000 0.871063 0.800000 0.800000 0.800000
4837.716797 0.000000 2036.723511 0.000000 0.859229 0.000000 -0.511591 0.800000 0.800000 0.800000
4848.863281 0.000000 2039.367554 0.000000 0.137531 0.000000 -0.990497 0.800000 0.800000 0.800000
4851.708496 0.000000 2020.376953 0.000000 0.008755 0.000000 -0.999962 0.800000 0.800000 0.800000
4838.020020 0.000000 2042.623779 0.000000 0.929644 0.000000 0.368459 0.800000 0.800000 0.800000
4836.093262 0.000000 2034.067139 0.000000 0.801388 0.000000 -0.598145 0.800000 0.800000 0.800000
4836.183105 0.000000 2035.820801 0.000000 0.996792 0.000000 -0.080032 0.800000 0.800000 0.800000
4858.002930 0.000000 2026.849609 0.000000 0.371317 0.000000 0.928506 0.800000 0.800000 0.800000
4853.188477 0.000000 2041.717773 0.000000 0.058292 0.000000 0.998300 0.800000 0.800000 0.800000
4835.667480 0.000000 2039.368164 0.000000 0.540229 0.000000 -0.841518 0.800000 0.800000 0.800000
4862.976074 0.000000 2032.349609 0.000000 0.999506 0.000000 -0.031442 0.800000 0.800000 0.800000
4838.456055 0.000000 2025.303711 0.000000 0.967823 0.000000 -0.251631 0.800000 0.800000 0.800000
4852.462891 0.000000 2045.276733 0.000000 0.233055 0.000000 0.972463 0.800000 0.800000 0.800000
4840.430176 0.000000 2027.637329 0.000000 0.679681 0.000000 0.733508 0.800000 0.800000 0.800000
4860.635254 0.000000 2046.694336 0.000000 0.496786 0.000000 -0.867873 0.800000 0.800000 0.800000
4857.429199 0.000000 2047.939209 0.000000 0.506686 0.000000 -0.862131 0.800000 0.800000 0.800000
4858.438965 0.000000 2032.730713 0.000000 0.996987 0.000000 0.077570 0.800000 0.800000 0.800000
4853.941895 0.000000 2032.472168 0.000000 0.950166 0.000000 -0.311746 0.800000 0.800000 0.800000
4845.696777 0.000000 2022.164185 0.000000 0.811107 0.000000 -0.584898 0.800000 0.800000 0.800000
4857.583496 0.000000 2021.075439 0.000000 0.944390 0.000000 0.328826 0.800000 0.800000 0.800000
4845.047852 0.000000 2024.605469 0.000000 0.996902 0.000000 -0.078649 0.800000 0.800000 0.800000
4842.195801 0.000000 2024.319580 0.000000 0.660763 0.000000 0.750594 0.800000 0.800000 0.800000
4833.893555 0.000000 2046.636963 0.000000 0.033835 0.000000 0.999427 0.800000 0.800000 0.800000
4847.578613 0.000000 2042.102539 0.000000 0.772270 0.000000 -0.635295 0.800000 0.800000 0.800000
4862.265625 0.000000 2040.111206 0.000000 0.713320 0.000000 0.700839 0.800000 0.800000 0.800000
4832.011719 0.000000 2030.166138 0.000000 0.999716 0.000000 0.023837 0.800000 0.800000 0.800000
4847.964355 0.000000 2047.705688 0.000000 0.840867 0.000000 -0.541242 0.800000 0.800000 0.800000
4858.728516 0.000000 2035.922974 0.000000 0.779213 0.000000 0.626759 0.800000 0.800000 0.800000
4838.640625 0.000000 2033.559204 0.000000 0.965853 0.000000 0.259090 0.800000 0.800000 0.800000
4850.771973 0.000000 2027.671021 0.000000 0.266915 0.000000 0.963720 0.800000 0.800000 0.800000
4838.650879 0.000000 2028.563354 0.000000 0.698778 0.000000 -0.715339 0.800000 0.800000 0.800000
4849.285645 0.000000 2043.556274 0.000000 0.626882 0.000000 -0.779114 0.800000 0.800000 0.800000
4855.590820 0.000000 2046.342407 0.000000 0.990789 0.000000 0.135415 0.800000 0.800000 0.800000
4858.185547 0.000000 2044.829590 0.000000 0.947255 0.000000 0.320480 0.800000 0.800000 0.800000
4840.372559 0.000000 2040.508911 0.000000 0.917615 0.000000 0.397471 0.800000 0.800000 0.800000
4856.203125 0.000000 2028.719360 0.000000 0.400146 0.000000 -0.916451 0.800000 0.800000 0.800000
4856.145020 0.000000 2033.820312 0.000000 0.989273 0.000000 -0.146082 0.800000 0.800000 0.800000
4848.966309 0.000000 2030.535278 0.000000 0.245308 0.000000 -0.969445 0.800000 0.800000 0.800000
4843.081543 0.000000 2034.150146 0.000000 0.719829 0.000000 0.694151 0.800000 0.800000 0.800000
4859.178223 0.000000 2043.461670 0.000000 0.288604 0.000000 -0.957448 0.800000 0.800000 0.800000
4848.834961 0.000000 2045.049438 0.000000 0.787593 0.000000 0.616196 0.800000 0.800000 0.800000
4834.465332 0.000000 2038.346924 0.000000 0.663174 0.000000 -0.748466 0.800000 0.800000 0.800000
4844.549805 0.000000 2032.835205 0.000000 0.665435 0.000000 0.746456 0.800000 0.800000 0.800000
4837.416504 0.000000 2039.920776 0.000000 0.194964 0.000000 0.980810 0.800000 0.800000 0.800000
4834.733887 0.000000 2041.056030 0.000000 0.609209 0.000000 0.793010 0.800000 0.800000 0.800000
4850.473633 0.000000 2047.398560 0.000000 0.403024 0.000000 0.915189 0.800000 0.800000 0.800000
4833.424805 0.000000 2029.200684 0.000000 0.806688 0.000000 -0.590978 0.800000 0.800000 0.800000
4863.549805 0.000000 2045.235229 0.000000 0.519458 0.000000 -0.854496 0.800000 0.800000 0.800000
4851.002441 0.000000 2045.975586 0.000000 0.673512 0.000000 0.739176 0.800000 0.800000 0.800000
4863.500000 0.000000 2047.470337 0.000000 0.344544 0.000000 0.938770 0.800000 0.800000 0.800000
4839.569336 0.000000 2042.779663 0.000000 0.956835 0.000000 0.290631 0.800000 0.800000 0.800000
4843.695801 0.000000 2039.702881 0.000000 1.000000 0.000000 -0.000990 0.800000 0.800000 0.800000
4834.875000 0.000000 2029.760010 0.000000 0.389181 0.000000 -0.921161 0.800000 0.800000 0.800000
4854.630859 0.000000 2040.743408 0.000000 0.597113 0.000000 0.802157 0.800000 0.800000 0.800000
4892.322754 0.000000 2042.183716 0.000000 0.849105 0.000000 -0.528224 0.800000 0.800000 0.800000
4889.850586 0.000000 2034.422363 0.000000 0.835513 0.000000 -0.549471 0.800000 0.800000 0.800000
4866.780762 0.000000 2045.285156 0.000000 0.896439 0.000000 0.443168 0.800000 0.800000 0.800000
4884.161621 0.000000 2046.979736 0.000000 0.984082 0.000000 0.177714 0.800000 0.800000 0.800000
4872.532227 0.000000 2024.712158 0.000000 0.022020 0.000000 0.999758 0.800000 0.800000 0.800000
4872.221191 0.000000 2038.684937 0.000000 0.999413 0.000000 -0.034246 0.800000 0.800000 0.800000
4882.674805 0.000000 2032.570068 0.000000 0.581061 0.000000 0.813860 0.800000 0.800000 0.800000
4893.637695 0.000000 2029.300781 0.000000 0.675608 0.000000 0.737261 0.800000 0.800000 0.800000
4894.278320 0.000000 2046.367676 0.000000 0.997698 0.000000 0.067820 0.800000 0.800000 0.800000
4894.231934 0.000000 2037.910522 0.000000 0.943970 0.000000 -0.330031 0.800000 0.800000 0.800000
4869.686523 0.000000 2034.909302 0.000000 0.120389 0.000000 0.992727 0.800000 0.800000 0.800000
4875.836914 0.000000 2041.214233 0.000000 0.448275 0.000000 0.893896 0.800000 0.800000 0.800000
4886.946289 0.000000 2037.656006 0.000000 0.518673 0.000000 0.854973 0.800000 0.800000 0.800000
4873.818359 0.000000 2020.514404 0.000000 0.870624 0.000000 -0.491949 0.800000 0.800000 0.800000
4888.881348 0.000000 2022.743896 0.000000 0.440707 0.000000 -0.897651 0.800000 0.800000 0.800000
4884.771973 0.000000 2024.209351 0.000000 0.936401 0.000000 -0.350932 0.800000 0.800000 0.800000
4887.070312 0.000000 2031.147827 0.000000 0.562869 0.000000 0.826546 0.800000 0.800000 0.800000
4868.398926 0.000000 2026.167725 0.000000 0.493711 0.000000 0.869626 0.800000 0.800000 0.800000
4864.250000 0.000000 2041.564819 0.000000 0.999881 0.000000 -0.015444 0.800000 0.800000 0.800000
4894.638184 0.000000 2034.081055 0.000000 0.914789 0.000000 0.403933 0.800000 0.800000 0.800000
4891.688477 0.000000 2026.264893 0.000000 0.835432 0.000000 -0.549593 0.800000 0.800000 0.800000
4878.251953 0.000000 2047.496216 0.000000 0.991200 0.000000 -0.132371 0.800000 0.800000 0.800000
4871.792480 0.000000 2032.479248 0.000000 0.508902 0.000000 -0.860825 0.800000 0.800000 0.800000
4868.128418 0.000000 2037.752075 0.000000 0.101750 0.000000 0.994810 0.800000 0.800000 0.800000
4875.363281 0.000000 2023.162964 0.000000 0.398857 0.000000 0.917013 0.800000 0.800000 0.800000
4894.717773 0.000000 2026.415527 0.000000 0.999977 0.000000 0.006839 0.800000 0.800000 0.800000
4880.835938 0.000000 2036.439819 0.000000 0.622470 0.000000 0.782643 0.800000 0.800000 0.800000
4866.625977 0.000000 2035.021362 0.000000 0.981792 0.000000 -0.189961 0.800000 0.800000 0.800000
4869.181152 0.000000 2046.856445 0.000000 0.546704 0.000000 -0.837326 0.800000 0.800000 0.800000
4892.349609 0.000000 2035.803589 0.000000 0.444582 0.000000 0.895738 0.800000 0.800000 0.800000
4869.927246 0.000000 2023.717529 0.000000 0.987779 0.000000 -0.155863 0.800000 0.800000 0.800000
4891.829590 0.000000 2044.882324 0.000000 0.148405 0.000000 0.988927 0.800000 0.800000 0.800000
4866.786621 0.000000 2047.978394 0.000000 0.174010 0.000000 0.984744 0.800000 0.800000 0.800000
4890.228027 0.000000 2028.555420 0.000000 0.901265 0.000000 -0.433269 0.800000 0.800000 0.800000
4874.750488 0.000000 2029.136230 0.000000 0.678612 0.000000 0.734497 0.800000 0.800000 0.800000
4871.368652 0.000000 2021.585327 0.000000 0.556296 0.000000 0.830984 0.800000 0.800000 0.800000
4865.512695 0.000000 2030.743652 0.000000 0.585320 0.000000 0.810802 0.800000 0.800000 0.800000
4885.446777 0.000000 2026.620972 0.000000 0.627720 0.000000 -0.778439 0.800000 0.800000 0.800000
4867.293457 0.000000 2023.879272 0.000000 0.700165 0.000000 -0.713981 0.800000 0.800000 0.800000
4873.937012 0.000000 2026.743164 0.000000 0.921564 0.000000 -0.388228 0.800000 0.800000 0.800000
4893.393555 0.000000 2031.808228 0.000000 0.356050 0.000000 0.934467 0.800000 0.800000 0.800000
4882.198730 0.000000 2024.187256 0.000000 0.882821 0.000000 0.469709 0.800000 0.800000 0.800000
4864.467285 0.000000 2044.073120 0.000000 0.999996 0.000000 -0.002899 0.800000 0.800000 0.800000
4870.820312 0.000000 2040.960938 0.000000 0.483630 0.000000 0.875272 0.800000 0.800000 0.800000
4865.881836 0.000000 2039.758057 0.000000 0.991038 0.000000 -0.133579 0.800000 0.800000 0.800000
4887.161133 0.000000 2024.527832 0.000000 0.753914 0.000000 0.656973 0.800000 0.800000 0.800000
4886.221680 0.000000 2022.269287 0.000000 0.187882 0.000000 0.982192 0.800000 0.800000 0.800000
4881.465332 0.000000 2028.796753 0.000000 0.770529 0.000000 -0.637405 0.800000 0.800000 0.800000
4886.485352 0.000000 2028.843628 0.000000 0.724022 0.000000 -0.689777 0.800000 0.800000 0.800000
4894.364258 0.000000 2043.971680 0.000000 0.577215 0.000000 -0.816592 0.800000 0.800000 0.800000
4884.653320 0.000000 2031.088989 0.000000 0.007010 0.000000 0.999975 0.800000 0.800000 0.800000
4864.958984 0.000000 2026.274536 0.000000 0.573013 0.000000 -0.819547 0.800000 0.800000 0.800000
4881.166992 0.000000 2041.831421 0.000000 0.999657 0.000000 -0.026172 0.800000 0.800000 0.800000
4869.062500 0.000000 2028.391846 0.000000 0.907706 0.000000 -0.419606 0.800000 0.800000 0.800000
4895.139160 0.000000 2023.961670 0.000000 0.795039 0.000000 -0.606559 0.800000 0.800000 0.800000
4866.246094 0.000000 2042.551270 0.000000 0.702701 0.000000 0.711485 0.800000 0.800000 0.800000
4883.187500 0.000000 2026.143555 0.000000 0.906475 0.000000 0.422259 0.800000 0.800000 0.800000
4891.976074 0.000000 2033.555908 0.000000 0.350479 0.000000 -0.936571 0.800000 0.800000 0.800000
4880.561035 0.000000 2032.060791 0.000000 0.517206 0.000000 -0.855861 0.800000 0.800000 0.800000
4890.989258 0.000000 2022.111938 0.000000 0.082000 0.000000 0.996632 0.800000 0.800000 0.800000
4870.273438 0.000000 2030.596924 0.000000 0.565426 0.000000 0.824799 0.800000 0.800000 0.800000
4888.831543 0.000000 2032.414062 0.000000 0.956186 0.000000 0.292759 0.800000 0.800000 0.800000
4895.486328 0.000000 2030.729858 0.000000 0.830098 0.000000 0.557618 0.800000 0.800000 0.800000
4873.272949 0.000000 2022.693604 0.000000 0.614846 0.000000 0.788647 0.800000 0.800000 0.800000
4884.604980 0.000000 2033.452393 0.000000 0.981929 0.000000 -0.189251 0.800000 0.800000 0.800000
4886.239258 0.000000 2047.347656 0.000000 0.644311 0.000000 0.764764 0.800000 0.800000 0.800000
4884.979980 0.000000 2043.617798 0.000000 0.363269 0.000000 0.931684 0.800000 0.800000 0.800000
4895.156738 0.000000 2036.075439 0.000000 0.618697 0.000000 0.785630 0.800000 0.800000 0.800000
4891.545410 0.000000 2024.090576 0.000000 0.799981 0.000000 0.600026 0.800000 0.800000 0.800000
4888.985840 0.000000 2030.133301 0.000000 0.235517 0.000000 0.971870 0.800000 0.800000 0.800000
4891.794434 0.000000 2037.787598 0.000000 0.787389 0.000000 0.616457 0.800000 0.800000 0.800000
4891.040039 0.000000 2047.215088 0.000000 0.433706 0.000000 -0.901055 0.800000 0.800000 0.800000
4866.932617 0.000000 2021.660889 0.000000 0.370599 0.000000 -0.928793 0.800000 0.800000 0.800000
4873.966797 0.000000 2033.065552 0.000000 0.939822 0.000000 -0.341665 0.800000 0.800000 0.800000
4872.626953 0.000000 2044.834717 0.000000 0.347266 0.000000 -0.937767 0.800000 0.800000 0.800000
4873.355957 0.000000 2037.099243 0.000000 0.982578 0.000000 -0.185849 0.800000 0.800000 0.800000
4888.048828 0.000000 2035.469727 0.000000 0.121140 0.000000 0.992635 0.800000 0.800000 0.800000
4895.356934 0.000000 2028.235718 0.000000 0.617014 0.000000 -0.786952 0.800000 0.800000 0.800000
4887.844727 0.000000 2021.176880 0.000000 0.833531 0.000000 0.552473 0.800000 0.800000 0.800000
4893.113770 0.000000 2027.523193 0.000000 0.983769 0.000000 -0.179439 0.800000 0.800000 0.800000
4879.044922 0.000000 2035.861572 0.000000 0.445354 0.000000 0.895355 0.800000 0.800000 0.800000
4864.139160 0.000000 2039.112183 0.000000 0.791926 0.000000 -0.610617 0.800000 0.800000 0.800000
4882.603516 0.000000 2037.108765 0.000000 0.989519 0.000000 0.144404 0.800000 0.800000 0.800000
4887.884277 0.000000 2043.793701 0.000000 0.999849 0.000000 0.017354 0.800000 0.800000 0.800000
4868.581055 0.000000 2045.118164 0.000000 0.649817 0.000000 -0.760091 0.800000 0.800000 0.800000
4891.785645 0.000000 2029.631348 0.000000 0.712772 0.000000 0.701396 0.800000 0.800000 0.800000
4869.716797 0.000000 2036.723511 0.000000 0.248283 0.000000 -0.968687 0.800000 0.800000 0.800000
4866.712402 0.000000 2025.707275 0.000000 0.966357 0.000000 -0.257205 0.800000 0.800000 0.800000
4870.020020 0.000000 2042.623779 0.000000 0.381126 0.000000 -0.924523 0.800000 0.800000 0.800000
4868.093262 0.000000 2034.067139 0.000000 0.963665 0.000000 0.267113 0.800000 0.800000 0.800000
4868.183105 0.000000 2035.820801 0.000000 0.983569 0.000000 0.180531 0.800000 0.800000 0.800000
4890.002930 0.000000 2026.849609 0.000000 0.988731 0.000000 0.149704 0.800000 0.800000 0.800000
4885.188477 0.000000 2041.717773 0.000000 0.501898 0.000000 -0.864927 0.800000 0.800000 0.800000
4870.806641 0.000000 2045.964111 0.000000 0.749679 0.000000 0.661801 0.800000 0.800000 0.800000
4894.976074 0.000000 2032.349609 0.000000 0.668208 0.000000 -0.743975 0.800000 0.800000 0.800000
4871.581543 0.000000 2023.327881 0.000000 0.387494 0.000000 -0.921872 0.800000 0.800000 0.800000
4883.362793 0.000000 2040.532715 0.000000 0.960484 0.000000 0.278335 0.800000 0.800000 0.800000
4870.456055 0.000000 2025.303711 0.000000 0.452092 0.000000 -0.891971 0.800000 0.800000 0.800000
4884.462891 0.000000 2045.276733 0.000000 0.991835 0.000000 -0.127524 0.800000 0.800000 0.800000
4872.430176 0.000000 2027.637329 0.000000 0.737242 0.000000 -0.675629 0.800000 0.800000 0.800000
4889.429199 0.000000 2047.939209 0.000000 0.832730 0.000000 0.553679 0.800000 0.800000 0.800000
4890.438965 0.000000 2032.730713 0.000000 0.806537 0.000000 -0.591184 0.800000 0.800000 0.800000
4885.941895 0.000000 2032.472168 0.000000 0.560262 0.000000 -0.828315 0.800000 0.800000 0.800000
4888.854492 0.000000 2038.473877 0.000000 0.054597 0.000000 0.998508 0.800000 0.800000 0.800000
4867.270996 0.000000 2020.019043 0.000000 0.064415 0.000000 -0.997923 0.800000 0.800000 0.800000
4868.522949 0.000000 2022.759521 0.000000 0.831221 0.000000 0.555942 0.800000 0.800000 0.800000
4865.893555 0.000000 2046.636963 0.000000 0.040472 0.000000 -0.999181 0.800000 0.800000 0.800000
4894.265625 0.000000 2040.111206 0.000000 0.925505 0.000000 -0.378735 0.800000 0.800000 0.800000
4864.011719 0.000000 2030.166138 0.000000 0.437128 0.000000 0.899399 0.800000 0.800000 0.800000
4879.964355 0.000000 2047.705688 0.000000 0.998226 0.000000 -0.059531 0.800000 0.800000 0.800000
4890.728516 0.000000 2035.922974 0.000000 0.884097 0.000000 -0.467304 0.800000 0.800000 0.800000
4870.640625 0.000000 2033.559204 0.000000 0.510001 0.000000 0.860174 0.800000 0.800000 0.800000
4882.771973 0.000000 2027.671021 0.000000 0.228006 0.000000 -0.973660 0.800000 0.800000 0.800000
4870.650879 0.000000 2028.563354 0.000000 0.958638 0.000000 -0.284628 0.800000 0.800000 0.800000
4881.285645 0.000000 2043.556274 0.000000 0.764283 0.000000 0.644881 0.800000 0.800000 0.800000
4887.590820 0.000000 2046.342407 0.000000 0.069422 0.000000 0.997587 0.800000 0.800000 0.800000
4890.185547 0.000000 2044.829590 0.000000 0.204458 0.000000 0.978875 0.800000 0.800000 0.800000
4872.372559 0.000000 2040.508911 0.000000 0.827404 0.000000 -0.561607 0.800000 0.800000 0.800000
4888.203125 0.000000 2028.719360 0.000000 0.708573 0.000000 -0.705638 0.800000 0.800000 0.800000
4888.145020 0.000000 2033.820312 0.000000 0.963520 0.000000 0.267637 0.800000 0.800000 0.800000
4880.966309 0.000000 2030.535278 0.000000 0.272423 0.000000 0.962178 0.800000 0.800000 0.800000
4868.652344 0.000000 2024.635620 0.000000 0.941161 0.000000 -0.337960 0.800000 0.800000 0.800000
4891.508301 0.000000 2040.722168 0.000000 0.751298 0.000000 0.659963 0.800000 0.800000 0.800000
4880.834961 0.000000 2045.049438 0.000000 0.015092 0.000000 -0.999886 0.800000 0.800000 0.800000
4870.268555 0.000000 2020.503174 0.000000 0.675397 0.000000 -0.737454 0.800000 0.800000 0.800000
4869.416504 0.000000 2039.920776 0.000000 0.422715 0.000000 -0.906263 0.800000 0.800000 0.800000
4874.891602 0.000000 2021.670898 0.000000 0.719499 0.000000 0.694494 0.800000 0.800000 0.800000
4867.676758 0.000000 2046.721313 0.000000 0.999999 0.000000 0.001546 0.800000 0.800000 0.800000
4882.473633 0.000000 2047.398560 0.000000 0.832993 0.000000 0.553284 0.800000 0.800000 0.800000
4865.424805 0.000000 2029.200684 0.000000 0.155472 0.000000 -0.987840 0.800000 0.800000 0.800000
4895.549805 0.000000 2045.235229 0.000000 0.869045 0.000000 -0.494734 0.800000 0.800000 0.800000
4883.002441 0.000000 2045.975586 0.000000 0.710511 0.000000 0.703686 0.800000 0.800000 0.800000
4895.500000 0.000000 2047.470337 0.000000 0.284200 0.000000 0.958765 0.800000 0.800000 0.800000
4871.569336 0.000000 2042.779663 0.000000 0.247160 0.000000 0.968975 0.800000 0.800000 0.800000
4866.875000 0.000000 2029.760010 0.000000 0.239332 0.000000 0.970938 0.800000 0.800000 0.800000
4885.873535 0.000000 2030.191772 0.000000 0.850052 0.000000 0.526700 0.800000 0.800000 0.800000
4886.630859 0.000000 2040.743408 0.000000 0.781638 0.000000 -0.623732 0.800000 0.800000 0.800000
4906.484375 0.000000 2045.530396 0.000000 0.720652 0.000000 -0.693297 0.800000 0.800000 0.800000
4896.750488 0.000000 2023.931519 0.000000 0.867963 0.000000 0.496630 0.800000 0.800000 0.800000
4924.322754 0.000000 2042.183716 0.000000 0.155739 0.000000 -0.987798 0.800000 0.800000 0.800000
4907.488281 0.000000 2031.720581 0.000000 0.982664 0.000000 -0.185393 0.800000 0.800000 0.800000
4896.987305 0.000000 2037.511475 0.000000 0.599634 0.000000 0.800274 0.800000 0.800000 0.800000
4921.850586 0.000000 2034.422363 0.000000 0.887093 0.000000 -0.461591 0.800000 0.800000 0.800000
4914.674805 0.000000 2032.570068 0.000000 0.896220 0.000000 0.443610 0.800000 0.800000 0.800000
4909.486816 0.000000 2036.908325 0.000000 0.620557 0.000000 0.784162 0.800000 0.800000 0.800000
4918.825195 0.000000 2042.234253 0.000000 0.763534 0.000000 0.645768 0.800000 0.800000 0.800000
4926.278320 0.000000 2046.367676 0.000000 0.979511 0.000000 0.201388 0.800000 0.800000 0.800000
4900.280762 0.000000 2040.940430 0.000000 0.588728 0.000000 0.808331 0.800000 0.800000 0.800000
4919.070312 0.000000 2031.147827 0.000000 0.317529 0.000000 -0.948249 0.800000 0.800000 0.800000
4904.103516 0.000000 2029.298096 0.000000 0.766590 0.000000 0.642137 0.800000 0.800000 0.800000
4900.398926 0.000000 2026.167725 0.000000 0.341185 0.000000 -0.939996 0.800000 0.800000 0.800000
4902.714355 0.000000 2044.230957 0.000000 0.869422 0.000000 0.494070 0.800000 0.800000 0.800000
4911.467285 0.000000 2030.134033 0.000000 0.570144 0.000000 -0.821545 0.800000 0.800000 0.800000
4915.964844 0.000000 2028.796021 0.000000 0.921489 0.000000 0.388404 0.800000 0.800000 0.800000
4926.638184 0.000000 2034.081055 0.000000 0.774449 0.000000 0.632637 0.800000 0.800000 0.800000
4910.251953 0.000000 2047.496216 0.000000 0.705877 0.000000 0.708334 0.800000 0.800000 0.800000
4911.359863 0.000000 2033.909424 0.000000 0.955853 0.000000 -0.293844 0.800000 0.800000 0.800000
4915.926758 0.000000 2035.724976 0.000000 0.934094 0.000000 -0.357028 0.800000 0.800000 0.800000
4922.762207 0.000000 2031.116089 0.000000 0.181371 0.000000 -0.983415 0.800000 0.800000 0.800000
4915.479004 0.000000 2042.200806 0.000000 0.467698 0.000000 0.883888 0.800000 0.800000 0.800000
4896.050293 0.000000 2046.543213 0.000000 0.993722 0.000000 -0.111878 0.800000 0.800000 0.800000
4921.589844 0.000000 2043.289551 0.000000 0.999864 0.000000 0.016465 0.800000 0.800000 0.800000
4905.041504 0.000000 2042.228638 0.000000 0.961677 0.000000 0.274184 0.800000 0.800000 0.800000
4898.625977 0.000000 2035.021362 0.000000 0.999753 0.000000 0.022215 0.800000 0.800000 0.800000
4901.181152 0.000000 2046.856445 0.000000 0.449742 0.000000 0.893158 0.800000 0.800000 0.800000
4924.349609 0.000000 2035.803589 0.000000 0.922541 0.000000 -0.385900 0.800000 0.800000 0.800000
4913.125977 0.000000 2046.585815 0.000000 0.954534 0.000000 -0.298101 0.800000 0.800000 0.800000
4901.927246 0.000000 2023.717529 0.000000 0.993163 0.000000 -0.116734 0.800000 0.800000 0.800000
4908.854004 0.000000 2043.902832 0.000000 0.335820 0.000000 -0.941926 0.800000 0.800000 0.800000
4923.829590 0.000000 2044.882324 0.000000 0.616669 0.000000 -0.787223 0.800000 0.800000 0.800000
4922.228027 0.000000 2028.555420 0.000000 0.375535 0.000000 -0.926808 0.800000 0.800000 0.800000
4898.680176 0.000000 2028.167236 0.000000 0.244306 0.000000 0.969698 0.800000 0.800000 0.800000
4905.937012 0.000000 2026.743164 0.000000 0.183698 0.000000 0.982983 0.800000 0.800000 0.800000
4896.467285 0.000000 2044.073120 0.000000 0.983168 0.000000 -0.182704 0.800000 0.800000 0.800000
4921.373047 0.000000 2036.834229 0.000000 0.014515 0.000000 0.999895 0.800000 0.800000 0.800000
4902.820312 0.000000 2040.960938 0.000000 0.964576 0.000000 -0.263805 0.800000 0.800000 0.800000
4900.362793 0.000000 2043.354004 0.000000 0.719533 0.000000 0.694458 0.800000 0.800000 0.800000
4918.485352 0.000000 2028.843628 0.000000 0.609074 0.000000 -0.793114 0.800000 0.800000 0.800000
4926.364258 0.000000 2043.971680 0.000000 0.935202 0.000000 0.354114 0.800000 0.800000 0.800000
4916.653320 0.000000 2031.088989 0.000000 0.907709 0.000000 0.419601 0.800000 0.800000 0.800000
4898.933105 0.000000 2032.728027 0.000000 0.312233 0.000000 -0.950005 0.800000 0.800000 0.800000
4913.166992 0.000000 2041.831421 0.000000 0.188645 0.000000 -0.982045 0.800000 0.800000 0.800000
4901.062500 0.000000 2028.391846 0.000000 0.944866 0.000000 0.327458 0.800000 0.800000 0.800000
4901.313965 0.000000 2032.662354 0.000000 0.886307 0.000000 0.463098 0.800000 0.800000 0.800000
4896.165527 0.000000 2035.417603 0.000000 0.470276 0.000000 0.882520 0.800000 0.800000 0.800000
4923.976074 0.000000 2033.555908 0.000000 0.402753 0.000000 0.915309 0.800000 0.800000 0.800000
4909.964355 0.000000 2042.016846 0.000000 0.989060 0.000000 0.147516 0.800000 0.800000 0.800000
4927.804688 0.000000 2039.430420 0.000000 0.732108 0.000000 -0.681188 0.800000 0.800000 0.800000
4905.479492 0.000000 2030.981323 0.000000 0.346202 0.000000 0.938160 0.800000 0.800000 0.800000
4920.831543 0.000000 2032.414062 0.000000 0.400330 0.000000 0.916371 0.800000 0.800000 0.800000
4911.287109 0.000000 2038.051514 0.000000 0.881204 0.000000 -0.472737 0.800000 0.800000 0.800000
4913.991211 0.000000 2034.651855 0.000000 0.570212 0.000000 0.821498 0.800000 0.800000 0.800000
4916.604980 0.000000 2033.452393 0.000000 0.925840 0.000000 0.377916 0.800000 0.800000 0.800000
4902.105957 0.000000 2038.550537 0.000000 0.535226 0.000000 0.844709 0.800000 0.800000 0.800000
4916.404785 0.000000 2037.760620 0.000000 0.914566 0.000000 0.404437 0.800000 0.800000 0.800000
4916.979980 0.000000 2043.617798 0.000000 0.909439 0.000000 -0.415838 0.800000 0.800000 0.800000
4906.937500 0.000000 2043.137207 0.000000 0.996978 0.000000 -0.077690 0.800000 0.800000 0.800000
4923.794434 0.000000 2037.787598 0.000000 0.993737 0.000000 0.111745 0.800000 0.800000 0.800000
4914.561035 0.000000 2030.499390 0.000000 0.820070 0.000000 -0.572263 0.800000 0.800000 0.800000
4923.040039 0.000000 2047.215088 0.000000 0.865684 0.000000 -0.500590 0.800000 0.800000 0.800000
4905.966797 0.000000 2033.065552 0.000000 0.002429 0.000000 0.999997 0.800000 0.800000 0.800000
4904.626953 0.000000 2044.834717 0.000000 0.584430 0.000000 0.811444 0.800000 0.800000 0.800000
4920.048828 0.000000 2035.469727 0.000000 0.277488 0.000000 -0.960729 0.800000 0.800000 0.800000
4910.784668 0.000000 2045.668091 0.000000 0.999484 0.000000 -0.032112 0.800000 0.800000 0.800000
4917.761719 0.000000 2036.190674 0.000000 0.996412 0.000000 -0.084637 0.800000 0.800000 0.800000
4914.603516 0.000000 2037.108765 0.000000 0.955574 0.000000 -0.294753 0.800000 0.800000 0.800000
4919.884277 0.000000 2043.793701 0.000000 0.630610 0.000000 -0.776100 0.800000 0.800000 0.800000
4900.581055 0.000000 2045.118164 0.000000 0.035511 0.000000 -0.999369 0.800000 0.800000 0.800000
4923.785645 0.000000 2029.631348 0.000000 0.498725 0.000000 0.866760 0.800000 0.800000 0.800000
4912.863281 0.000000 2039.367554 0.000000 0.990665 0.000000 -0.136321 0.800000 0.800000 0.800000
4900.093262 0.000000 2034.067139 0.000000 0.867869 0.000000 0.496794 0.800000 0.800000 0.800000
4900.183105 0.000000 2035.820801 0.000000 0.573931 0.000000 0.818904 0.800000 0.800000 0.800000
4896.006836 0.000000 2022.326660 0.000000 0.911430 0.000000 0.411455 0.800000 0.800000 0.800000
4917.188477 0.000000 2041.717773 0.000000 0.292005 0.000000 -0.956417 0.800000 0.800000 0.800000
4898.624512 0.000000 2036.837891 0.000000 0.541771 0.000000 0.840526 0.800000 0.800000 0.800000
4902.806641 0.000000 2045.964111 0.000000 0.268401 0.000000 -0.963307 0.800000 0.800000 0.800000
4899.667480 0.000000 2039.368164 0.000000 0.917017 0.000000 -0.398849 0.800000 0.800000 0.800000
4903.581543 0.000000 2023.327881 0.000000 0.934438 0.000000 -0.356125 0.800000 0.800000 0.800000
4915.362793 0.000000 2040.532715 0.000000 0.869212 0.000000 0.494440 0.800000 0.800000 0.800000
4902.456055 0.000000 2025.303711 0.000000 0.524330 0.000000 0.851515 0.800000 0.800000 0.800000
4916.462891 0.000000 2045.276733 0.000000 0.370616 0.000000 -0.928786 0.800000 0.800000 0.800000
4904.430176 0.000000 2027.637329 0.000000 0.881392 0.000000 0.472385 0.800000 0.800000 0.800000
4924.635254 0.000000 2046.694336 0.000000 0.513016 0.000000 0.858379 0.800000 0.800000 0.800000
4922.438965 0.000000 2032.730713 0.000000 0.887367 0.000000 0.461064 0.800000 0.800000 0.800000
4917.941895 0.000000 2032.472168 0.000000 0.862271 0.000000 0.506447 0.800000 0.800000 0.800000
4920.854492 0.000000 2038.473877 0.000000 0.352426 0.000000 -0.935840 0.800000 0.800000 0.800000
4900.522949 0.000000 2022.759521 0.000000 0.207322 0.000000 -0.978273 0.800000 0.800000 0.800000
4897.893555 0.000000 2046.636963 0.000000 0.745436 0.000000 -0.666577 0.800000 0.800000 0.800000
4926.265625 0.000000 2040.111206 0.000000 0.933608 0.000000 0.358296 0.800000 0.800000 0.800000
4911.964355 0.000000 2047.705688 0.000000 0.985114 0.000000 0.171904 0.800000 0.800000 0.800000
4902.640625 0.000000 2033.559204 0.000000 0.282062 0.000000 0.959396 0.800000 0.800000 0.800000
4897.570801 0.000000 2022.543213 0.000000 0.107757 0.000000 -0.994177 0.800000 0.800000 0.800000
4913.285645 0.000000 2043.556274 0.000000 0.694488 0.000000 0.719504 0.800000 0.800000 0.800000
4919.590820 0.000000 2046.342407 0.000000 0.070496 0.000000 0.997512 0.800000 0.800000 0.800000
4922.185547 0.000000 2044.829590 0.000000 0.804691 0.000000 -0.593694 0.800000 0.800000 0.800000
4904.372559 0.000000 2040.508911 0.000000 0.493663 0.000000 -0.869653 0.800000 0.800000 0.800000
4920.145020 0.000000 2033.820312 0.000000 0.603372 0.000000 -0.797460 0.800000 0.800000 0.800000
4912.966309 0.000000 2030.535278 0.000000 0.869040 0.000000 -0.494742 0.800000 0.800000 0.800000
4900.652344 0.000000 2024.635620 0.000000 0.903317 0.000000 -0.428974 0.800000 0.800000 0.800000
4923.508301 0.000000 2040.722168 0.000000 0.990897 0.000000 0.134624 0.800000 0.800000 0.800000
4923.178223 0.000000 2043.461670 0.000000 0.922191 0.000000 -0.386735 0.800000 0.800000 0.800000
4912.834961 0.000000 2045.049438 0.000000 0.927136 0.000000 0.374725 0.800000 0.800000 0.800000
4898.465332 0.000000 2038.346924 0.000000 0.544139 0.000000 0.838995 0.800000 0.800000 0.800000
4908.549805 0.000000 2032.835205 0.000000 0.967728 0.000000 0.251997 0.800000 0.800000 0.800000
4901.416504 0.000000 2039.920776 0.000000 0.791255 0.000000 0.611487 0.800000 0.800000 0.800000
4898.733887 0.000000 2041.056030 0.000000 0.708751 0.000000 -0.705458 0.800000 0.800000 0.800000
4899.676758 0.000000 2046.721313 0.000000 0.684369 0.000000 -0.729136 0.800000 0.800000 0.800000
4902.694336 0.000000 2047.479492 0.000000 0.485310 0.000000 0.874342 0.800000 0.800000 0.800000
4914.473633 0.000000 2047.398560 0.000000 0.132693 0.000000 -0.991157 0.800000 0.800000 0.800000
4897.424805 0.000000 2029.200684 0.000000 0.622183 0.000000 0.782872 0.800000 0.800000 0.800000
4927.549805 0.000000 2045.235229 0.000000 0.990517 0.000000 -0.137389 0.800000 0.800000 0.800000
4915.002441 0.000000 2045.975586 0.000000 0.949224 0.000000 0.314600 0.800000 0.800000 0.800000
4927.500000 0.000000 2047.470337 0.000000 0.855832 0.000000 0.517253 0.800000 0.800000 0.800000
4898.875000 0.000000 2029.760010 0.000000 0.834557 0.000000 0.550921 0.800000 0.800000 0.800000
4917.873535 0.000000 2030.191772 0.000000 0.990752 0.000000 0.135682 0.800000 0.800000 0.800000
4918.630859 0.000000 2040.743408 0.000000 0.773264 0.000000 0.634085 0.800000 0.800000 0.800000
4938.484375 0.000000 2045.530396 0.000000 0.974554 0.000000 -0.224151 0.800000 0.800000 0.800000
4928.987305 0.000000 2037.511475 0.000000 0.793591 0.000000 0.608452 0.800000 0.800000 0.800000
4946.604980 0.000000 2038.964844 0.000000 0.920509 0.000000 -0.390722 0.800000 0.800000 0.800000
4930.780762 0.000000 2045.285156 0.000000 0.947354 0.000000 0.320188 0.800000 0.800000 0.800000
4932.083496 0.000000 2030.666748 0.000000 0.807721 0.000000 0.589565 0.800000 0.800000 0.800000
4943.659668 0.000000 2043.973877 0.000000 0.673099 0.000000 0.739553 0.800000 0.800000 0.800000
4933.686523 0.000000 2034.909302 0.000000 0.853410 0.000000 0.521240 0.800000 0.800000 0.800000
4934.714355 0.000000 2044.230957 0.000000 0.849994 0.000000 -0.526792 0.800000 0.800000 0.800000
4937.813965 0.000000 2035.114990 0.000000 0.719484 0.000000 0.694509 0.800000 0.800000 0.800000
4942.251953 0.000000 2047.496216 0.000000 0.388527 0.000000 0.921437 0.800000 0.800000 0.800000
4943.351562 0.000000 2040.339844 0.000000 0.978234 0.000000 0.207503 0.800000 0.800000 0.800000
4947.926758 0.000000 2035.724976 0.000000 0.899533 0.000000 0.436853 0.800000 0.800000 0.800000
4935.792480 0.000000 2032.479248 0.000000 0.861971 0.000000 0.506957 0.800000 0.800000 0.800000
4937.041504 0.000000 2042.228638 0.000000 0.340697 0.000000 -0.940173 0.800000 0.800000 0.800000
4933.181152 0.000000 2046.856445 0.000000 0.514824 0.000000 0.857296 0.800000 0.800000 0.800000
4936.185059 0.000000 2047.080200 0.000000 0.675325 0.000000 0.737520 0.800000 0.800000 0.800000
4932.362793 0.000000 2043.354004 0.000000 0.887133 0.000000 -0.461513 0.800000 0.800000 0.800000
4941.204590 0.000000 2039.266479 0.000000 0.580825 0.000000 -0.814029 0.800000 0.800000 0.800000
4935.521973 0.000000 2036.382935 0.000000 0.824434 0.000000 -0.565958 0.800000 0.800000 0.800000
4930.933105 0.000000 2032.728027 0.000000 0.999976 0.000000 0.006889 0.800000 0.800000 0.800000
4945.166992 0.000000 2041.831421 0.000000 0.914832 0.000000 -0.403834 0.800000 0.800000 0.800000
4933.062500 0.000000 2028.391846 0.000000 0.975113 0.000000 -0.221710 0.800000 0.800000 0.800000
4933.313965 0.000000 2032.662354 0.000000 0.694826 0.000000 0.719178 0.800000 0.800000 0.800000
4930.246094 0.000000 2042.551270 0.000000 0.221354 0.000000 0.975194 0.800000 0.800000 0.800000
4937.921875 0.000000 2040.186157 0.000000 0.795511 0.000000 -0.605939 0.800000 0.800000 0.800000
4940.532715 0.000000 2046.151123 0.000000 0.377766 0.000000 -0.925901 0.800000 0.800000 0.800000
4934.105957 0.000000 2038.550537 0.000000 0.930077 0.000000 -0.367365 0.800000 0.800000 0.800000
4948.979980 0.000000 2043.617798 0.000000 0.215023 0.000000 -0.976609 0.800000 0.800000 0.800000
4938.937500 0.000000 2043.137207 0.000000 0.958663 0.000000 0.284543 0.800000 0.800000 0.800000
4939.396973 0.000000 2036.324585 0.000000 0.459730 0.000000 -0.888059 0.800000 0.800000 0.800000
4936.626953 0.000000 2044.834717 0.000000 0.868126 0.000000 0.496343 0.800000 0.800000 0.800000
4937.355957 0.000000 2037.099243 0.000000 0.673084 0.000000 0.739566 0.800000 0.800000 0.800000
4942.784668 0.000000 2045.668091 0.000000 0.404431 0.000000 -0.914568 0.800000 0.800000 0.800000
4938.949219 0.000000 2047.362671 0.000000 0.479650 0.000000 -0.877460 0.800000 0.800000 0.800000
4936.032227 0.000000 2034.350952 0.000000 0.859639 0.000000 0.510903 0.800000 0.800000 0.800000
4946.603516 0.000000 2037.108765 0.000000 0.153775 0.000000 0.988106 0.800000 0.800000 0.800000
4932.581055 0.000000 2045.118164 0.000000 0.915031 0.000000 -0.403383 0.800000 0.800000 0.800000
4934.020020 0.000000 2042.623779 0.000000 0.986515 0.000000 -0.163669 0.800000 0.800000 0.800000
4932.093262 0.000000 2034.067139 0.000000 0.999662 0.000000 -0.026001 0.800000 0.800000 0.800000
4932.183105 0.000000 2035.820801 0.000000 0.160524 0.000000 -0.987032 0.800000 0.800000 0.800000
4934.806641 0.000000 2045.964111 0.000000 0.964667 0.000000 0.263472 0.800000 0.800000 0.800000
4931.667480 0.000000 2039.368164 0.000000 0.736378 0.000000 0.676570 0.800000 0.800000 0.800000
4929.893555 0.000000 2046.636963 0.000000 0.697295 0.000000 0.716784 0.800000 0.800000 0.800000
4943.578613 0.000000 2042.102539 0.000000 0.135788 0.000000 0.990738 0.800000 0.800000 0.800000
4943.964355 0.000000 2047.705688 0.000000 0.012036 0.000000 0.999928 0.800000 0.800000 0.800000
4934.640625 0.000000 2033.559204 0.000000 0.262100 0.000000 -0.965041 0.800000 0.800000 0.800000
4945.285645 0.000000 2043.556274 0.000000 0.473868 0.000000 0.880596 0.800000 0.800000 0.800000
4936.372559 0.000000 2040.508911 0.000000 0.488943 0.000000 -0.872316 0.800000 0.800000 0.800000
4939.081543 0.000000 2034.150146 0.000000 0.930021 0.000000 -0.367507 0.800000 0.800000 0.800000
4944.834961 0.000000 2045.049438 0.000000 0.748834 0.000000 -0.662757 0.800000 0.800000 0.800000
4930.465332 0.000000 2038.346924 0.000000 0.808146 0.000000 -0.588982 0.800000 0.800000 0.800000
4933.416504 0.000000 2039.920776 0.000000 0.282700 0.000000 0.959208 0.800000 0.800000 0.800000
4930.733887 0.000000 2041.056030 0.000000 0.939575 0.000000 -0.342343 0.800000 0.800000 0.800000
4931.676758 0.000000 2046.721313 0.000000 0.899889 0.000000 -0.436118 0.800000 0.800000 0.800000
4935.569336 0.000000 2042.779663 0.000000 0.886134 0.000000 0.463430 0.800000 0.800000 0.800000
5128.532227 0.000000 1064.712158 0.000000 0.587753 0.000000 0.809040 0.800000 0.800000 0.800000
5150.278320 0.000000 1086.367676 0.000000 0.932773 0.000000 0.360463 0.800000 0.800000 0.800000
5132.507324 0.000000 1067.169922 0.000000 0.813154 0.000000 0.582049 0.800000 0.800000 0.800000
5135.467285 0.000000 1070.134033 0.000000 0.999568 0.000000 -0.029388 0.800000 0.800000 0.800000
5135.359863 0.000000 1073.909424 0.000000 0.360601 0.000000 0.932720 0.800000 0.800000 0.800000
5129.937012 0.000000 1066.743164 0.000000 0.493827 0.000000 -0.869560 0.800000 0.800000 0.800000
5133.081055 0.000000 1069.754883 0.000000 0.203304 0.000000 0.979116 0.660854 0.660854 0.660854
5137.465332 0.000000 1068.796753 0.000000 0.150935 0.000000 0.988544 0.800000 0.800000 0.800000
5134.810547 0.000000 1067.831421 0.000000 0.414053 0.000000 -0.910253 0.800000 0.800000 0.800000
5136.561035 0.000000 1072.060791 0.000000 0.633267 0.000000 0.773933 0.800000 0.800000 0.800000
5131.514160 0.000000 1065.306763 0.000000 0.994747 0.000000 0.102364 0.800000 0.800000 0.800000
5128.430176 0.000000 1067.637329 0.000000 0.893140 0.000000 0.449779 0.800000 0.800000 0.800000
5148.635254 0.000000 1086.694336 0.000000 0.980771 0.000000 -0.195161 0.820007 0.820007 0.820007
5133.047852 0.000000 1064.605469 0.000000 0.972046 0.000000 -0.234791 0.800000 0.800000 0.800000
5130.195801 0.000000 1064.319580 0.000000 0.055906 0.000000 0.998436 0.800000 0.800000 0.800000
5136.966309 0.000000 1070.535278 0.000000 0.082435 0.000000 -0.996596 0.951594 0.951594 0.951594
5151.549805 0.000000 1085.235229 0.000000 0.675031 0.000000 0.737789 0.800000 0.800000 0.800000
5151.500000 0.000000 1087.470337 0.000000 0.516538 0.000000 0.856264 0.800000 0.800000 0.800000
5133.426270 0.000000 1068.337769 0.000000 0.894093 0.000000 -0.447882 0.847303 0.847303 0.847303
5135.946777 0.000000 1068.740234 0.000000 0.975254 0.000000 -0.221089 0.822708 0.822708 0.822708
5131.075684 0.000000 1067.677734 0.000000 0.985465 0.000000 0.169876 0.782612 0.782612 0.782612
5132.114258 0.000000 1068.791260 0.000000 0.181686 0.000000 -0.983357 0.941390 0.941390 0.941390
5134.525391 0.000000 1069.180176 0.000000 0.875363 0.000000 -0.483466 0.851399 0.851399 0.851399
5137.779785 0.000000 1071.576660 0.000000 0.337113 0.000000 -0.941464 0.924976 0.924976 0.924976
5140.161621 0.000000 1118.979736 0.000000 0.808807 0.000000 0.588074 0.735964 0.735964 0.735964
5150.278320 0.000000 1118.367676 0.000000 0.681610 0.000000 -0.731715 0.800000 0.800000 0.800000
5150.231934 0.000000 1109.910522 0.000000 0.556262 0.000000 0.831007 0.700085 0.700085 0.700085
5150.638184 0.000000 1106.081055 0.000000 0.999641 0.000000 0.026782 0.797272 0.797272 0.797272
5149.834961 0.000000 1091.189209 0.000000 0.400825 0.000000 -0.916155 0.800000 0.800000 0.800000
5146.762207 0.000000 1103.116089 0.000000 0.970986 0.000000 -0.239137 0.800000 0.800000 0.800000
5139.479004 0.000000 1114.200806 0.000000 0.166922 0.000000 0.985970 0.800000 0.800000 0.800000
5151.086914 0.000000 1113.549561 0.000000 0.033673 0.000000 -0.999433 0.956569 0.956569 0.956569
5148.349609 0.000000 1107.803589 0.000000 0.807263 0.000000 -0.590192 0.864303 0.864303 0.864303
5150.826660 0.000000 1088.403198 0.000000 0.707864 0.000000 -0.706349 0.879891 0.879891 0.879891
5138.547852 0.000000 1116.525391 0.000000 0.189336 0.000000 0.981912 0.800000 0.800000 0.800000
5149.393555 0.000000 1103.808228 0.000000 0.009135 0.000000 -0.999958 0.800000 0.800000 0.800000
5150.364258 0.000000 1115.971680 0.000000 0.075859 0.000000 0.997119 0.647734 0.647734 0.647734
5151.132812 0.000000 1093.350342 0.000000 0.448647 0.000000 0.893709 0.687390 0.687390 0.687390
5151.139160 0.000000 1095.961670 0.000000 0.819192 0.000000 -0.573520 0.862215 0.862215 0.862215
5151.804688 0.000000 1111.430420 0.000000 0.252190 0.000000 -0.967678 0.800000 0.800000 0.800000
5142.239258 0.000000 1119.347656 0.000000 0.530070 0.000000 -0.847954 0.800000 0.800000 0.800000
5140.979980 0.000000 1115.617798 0.000000 0.649506 0.000000 0.760356 0.712008 0.712008 0.712008
5151.156738 0.000000 1108.075439 0.000000 0.540798 0.000000 -0.841152 0.901799 0.901799 0.901799
5148.015625 0.000000 1090.344360 0.000000 0.923159 0.000000 0.384418 0.800000 0.800000 0.800000
5151.681152 0.000000 1091.447632 0.000000 0.281416 0.000000 -0.959586 0.930943 0.930943 0.930943
5149.178223 0.000000 1088.849121 0.000000 0.930371 0.000000 -0.366618 0.800000 0.800000 0.800000
5141.188477 0.000000 1113.717773 0.000000 0.783613 0.000000 0.621249 0.800000 0.800000 0.800000
5150.976074 0.000000 1104.349609 0.000000 0.854007 0.000000 0.520262 0.744267 0.744267 0.744267
5139.362793 0.000000 1112.532715 0.000000 0.063197 0.000000 0.998001 0.800000 0.800000 0.800000
5140.462891 0.000000 1117.276733 0.000000 0.877845 0.000000 -0.478945 0.850874 0.850874 0.850874
5150.265625 0.000000 1112.111206 0.000000 0.989372 0.000000 -0.145408 0.814864 0.814864 0.814864
5143.590820 0.000000 1118.342407 0.000000 0.482254 0.000000 -0.876032 0.800000 0.800000 0.800000
5150.987305 0.000000 1090.009277 0.000000 0.128677 0.000000 -0.991687 0.946857 0.946857 0.946857
5151.549805 0.000000 1117.235229 0.000000 0.896996 0.000000 0.442039 0.800000 0.800000 0.800000
5139.002441 0.000000 1117.975586 0.000000 0.796312 0.000000 0.604886 0.800000 0.800000 0.800000
5151.500000 0.000000 1119.470337 0.000000 0.445986 0.000000 0.895040 0.800000 0.800000 0.800000
5149.783203 0.000000 1107.373291 0.000000 0.428820 0.000000 -0.903390 0.914857 0.914857 0.914857
5151.846191 0.000000 1097.276733 0.000000 0.316463 0.000000 -0.948605 0.927201 0.927201 0.927201
5151.466797 0.000000 1114.965210 0.000000 0.915005 0.000000 0.403442 0.757700 0.757700 0.757700
5151.588379 0.000000 1109.437378 0.000000 0.773696 0.000000 0.633557 0.730110 0.730110 0.730110
5149.386719 0.000000 1105.318604 0.000000 0.743021 0.000000 0.669268 0.725315 0.725315 0.725315
5150.583008 0.000000 1094.606567 0.000000 0.992774 0.000000 0.120003 0.787747 0.787747 0.787747
5141.452148 0.000000 1118.230713 0.000000 0.638162 0.000000 0.769902 0.710498 0.710498 0.710498
5148.669922 0.000000 1106.581665 0.000000 0.699190 0.000000 0.714936 0.718866 0.718866 0.718866
5151.847168 0.000000 1106.230103 0.000000 0.942972 0.000000 0.332872 0.765434 0.765434 0.765434
5140.958496 0.000000 1119.896484 0.000000 0.999697 0.000000 -0.024608 0.802507 0.802507 0.802507
5151.562012 0.000000 1112.520508 0.000000 0.623713 0.000000 0.781654 0.708600 0.708600 0.708600
5141.382812 0.000000 1116.652100 0.000000 0.431209 0.000000 0.902252 0.685412 0.685412 0.685412
5152.750488 0.000000 1095.931519 0.000000 0.951072 0.000000 0.308969 0.800000 0.800000 0.800000
5152.987305 0.000000 1109.511475 0.000000 0.362382 0.000000 -0.932030 0.922228 0.922228 0.922228
5154.780762 0.000000 1117.285156 0.000000 0.139158 0.000000 -0.990270 0.945779 0.945779 0.945779
5156.835938 0.000000 1093.125488 0.000000 0.833209 0.000000 0.552959 0.800000 0.800000 0.800000
5152.356445 0.000000 1105.087769 0.000000 0.989683 0.000000 0.143276 0.800000 0.800000 0.800000
5152.250000 0.000000 1113.564819 0.000000 0.884794 0.000000 -0.465983 0.849376 0.849376 0.849376
5153.156250 0.000000 1092.733643 0.000000 0.653269 0.000000 0.757126 0.712513 0.712513 0.712513
5152.050293 0.000000 1118.543213 0.000000 0.528071 0.000000 -0.849200 0.903333 0.903333 0.903333
5155.392090 0.000000 1090.345947 0.000000 0.647782 0.000000 0.761826 0.800000 0.800000 0.800000
5154.625977 0.000000 1107.021362 0.000000 0.841682 0.000000 -0.539974 0.800000 0.800000 0.800000
5157.181152 0.000000 1118.856445 0.000000 0.898372 0.000000 -0.439234 0.800000 0.800000 0.800000
5157.927246 0.000000 1095.717529 0.000000 0.824148 0.000000 0.566374 0.800000 0.800000 0.800000
5154.786621 0.000000 1119.978394 0.000000 0.736676 0.000000 -0.676246 0.800000 0.800000 0.800000
5155.293457 0.000000 1095.879272 0.000000 0.844624 0.000000 -0.535360 0.857544 0.857544 0.857544
5152.467285 0.000000 1116.073120 0.000000 0.999585 0.000000 0.028807 0.797065 0.797065 0.797065
5153.881836 0.000000 1111.758057 0.000000 0.476482 0.000000 0.879184 0.690588 0.690588 0.690588
5152.958984 0.000000 1098.274536 0.000000 0.960100 0.000000 0.279657 0.800000 0.800000 0.800000
5154.246094 0.000000 1114.551270 0.000000 0.286832 0.000000 -0.957981 0.930367 0.930367 0.930367
5152.165527 0.000000 1107.417603 0.000000 0.229546 0.000000 0.973298 0.663592 0.663592 0.663592
5154.932617 0.000000 1093.660889 0.000000 0.917383 0.000000 0.398006 0.758305 0.758305 0.758305
5153.607910 0.000000 1090.884888 0.000000 0.352564 0.000000 0.935788 0.800000 0.800000 0.800000
5152.139160 0.000000 1111.112183 0.000000 0.998563 0.000000 0.053588 0.794539 0.794539 0.794539
5156.581055 0.000000 1117.118164 0.000000 0.882133 0.000000 0.471000 0.800000 0.800000 0.800000
5154.712402 0.000000 1097.707275 0.000000 0.757863 0.000000 -0.652413 0.872398 0.872398 0.872398
5152.006836 0.000000 1094.326660 0.000000 0.992562 0.000000 0.121738 0.800000 0.800000 0.800000
5154.624512 0.000000 1108.837891 0.000000 0.890306 0.000000 -0.455362 0.848157 0.848157 0.848157
5155.667480 0.000000 1111.368164 0.000000 0.999304 0.000000 0.037296 0.796200 0.796200 0.796200
5155.270996 0.000000 1092.019043 0.000000 0.460019 0.000000 -0.887909 0.911310 0.911310 0.911310
5156.522949 0.000000 1094.759521 0.000000 0.049547 0.000000 -0.998772 0.800000 0.800000 0.800000
5153.893555 0.000000 1118.636963 0.000000 0.995058 0.000000 -0.099298 0.810131 0.810131 0.810131
5152.008301 0.000000 1091.433228 0.000000 0.997418 0.000000 0.071822 0.800000 0.800000 0.800000
5153.570801 0.000000 1094.543213 0.000000 0.846695 0.000000 0.532079 0.800000 0.800000 0.800000
5156.652344 0.000000 1096.635620 0.000000 0.836769 0.000000 0.547556 0.800000 0.800000 0.800000
5154.465332 0.000000 1110.346924 0.000000 0.122432 0.000000 -0.992477 0.947498 0.947498 0.947498
5154.733887 0.000000 1113.056030 0.000000 0.385852 0.000000 -0.922561 0.919650 0.919650 0.919650
5155.676758 0.000000 1118.721313 0.000000 0.310980 0.000000 -0.950416 0.800000 0.800000 0.800000
5154.935547 0.000000 1115.843018 0.000000 0.701092 0.000000 -0.713071 0.880863 0.880863 0.880863
5153.228516 0.000000 1117.371460 0.000000 0.910533 0.000000 -0.413437 0.843415 0.843415 0.843415
5153.448730 0.000000 1108.006348 0.000000 0.931300 0.000000 -0.364254 0.837976 0.837976 0.837976
5154.047852 0.000000 1096.469238 0.000000 0.321878 0.000000 -0.946781 0.926620 0.926620 0.926620
5155.627441 0.000000 1114.079224 0.000000 0.592066 0.000000 -0.805890 0.895460 0.895460 0.895460
5153.531738 0.000000 1113.492432 0.000000 0.797182 0.000000 0.603739 0.733977 0.733977 0.733977
5152.737793 0.000000 1112.350952 0.000000 0.855079 0.000000 -0.518498 0.855523 0.855523 0.855523
5152.948242 0.000000 1114.655151 0.000000 0.764378 0.000000 0.644768 0.728625 0.728625 0.728625
5152.042480 0.000000 1108.646240 0.000000 0.997311 0.000000 -0.073289 0.807472 0.807472 0.807472
5152.394043 0.000000 1097.168335 0.000000 0.818870 0.000000 0.573979 0.737728 0.737728 0.737728
5153.259277 0.000000 1110.735352 0.000000 0.517205 0.000000 -0.855861 0.904631 0.904631 0.904631
5152.477539 0.000000 1106.279663 0.000000 0.880723 0.000000 0.473632 0.749742 0.749742 0.749742
5145.850586 0.000000 1138.422363 0.000000 0.996558 0.000000 0.082897 0.800000 0.800000 0.800000
5141.494141 0.000000 1123.975830 0.000000 0.762309 0.000000 -0.647214 0.871701 0.871701 0.871701
5142.825195 0.000000 1146.234253 0.000000 0.993165 0.000000 0.116719 0.800000 0.800000 0.800000
5150.278320 0.000000 1150.367676 0.000000 0.673209 0.000000 0.739452 0.800000 0.800000 0.800000
5145.183105 0.000000 1150.203613 0.000000 0.354749 0.000000 0.934961 0.800000 0.800000 0.800000
5142.946289 0.000000 1141.656006 0.000000 0.346912 0.000000 0.937898 0.676086 0.676086 0.676086
5143.776855 0.000000 1120.715942 0.000000 0.997979 0.000000 0.063549 0.800000 0.800000 0.800000
5146.338867 0.000000 1143.165649 0.000000 0.346773 0.000000 0.937949 0.800000 0.800000 0.800000
5134.251953 0.000000 1151.496216 0.000000 0.519530 0.000000 0.854452 0.800000 0.800000 0.800000
5146.762207 0.000000 1135.116089 0.000000 0.303983 0.000000 0.952677 0.800000 0.800000 0.800000
5142.609375 0.000000 1138.199951 0.000000 0.768648 0.000000 -0.639671 0.800000 0.800000 0.800000
5145.589844 0.000000 1147.289551 0.000000 0.986199 0.000000 -0.165565 0.816942 0.816942 0.816942
5140.718750 0.000000 1121.037598 0.000000 0.864528 0.000000 0.502585 0.746362 0.746362 0.746362
5148.349609 0.000000 1139.803589 0.000000 0.258554 0.000000 0.965997 0.800000 0.800000 0.800000
5137.125977 0.000000 1150.585815 0.000000 0.614081 0.000000 -0.789243 0.800000 0.800000 0.800000
5141.305664 0.000000 1143.923584 0.000000 0.984782 0.000000 0.173793 0.800000 0.800000 0.800000
5138.714355 0.000000 1122.874390 0.000000 0.967218 0.000000 0.253946 0.800000 0.800000 0.800000
5147.829590 0.000000 1148.882324 0.000000 0.565858 0.000000 -0.824503 0.898735 0.898735 0.898735
5143.880371 0.000000 1123.297852 0.000000 0.008098 0.000000 0.999967 0.800000 0.800000 0.800000
5143.974609 0.000000 1143.988403 0.000000 0.997119 0.000000 0.075859 0.792266 0.792266 0.792266
5145.373047 0.000000 1140.834229 0.000000 0.220253 0.000000 -0.975443 0.800000 0.800000 0.800000
5142.221680 0.000000 1126.269287 0.000000 0.852348 0.000000 0.522976 0.743943 0.743943 0.743943
5148.687012 0.000000 1143.710327 0.000000 0.161871 0.000000 -0.986812 0.943439 0.943439 0.943439
5147.976074 0.000000 1137.555908 0.000000 0.816168 0.000000 0.577814 0.737250 0.737250 0.737250
5144.831543 0.000000 1136.414062 0.000000 0.808786 0.000000 0.588103 0.800000 0.800000 0.800000
5140.604980 0.000000 1137.452393 0.000000 0.271480 0.000000 -0.962444 0.800000 0.800000 0.800000
5146.053711 0.000000 1145.255005 0.000000 0.999411 0.000000 0.034311 0.796504 0.796504 0.796504
5140.404785 0.000000 1141.760620 0.000000 0.996783 0.000000 0.080151 0.800000 0.800000 0.800000
5144.985840 0.000000 1134.133301 0.000000 0.144825 0.000000 0.989457 0.800000 0.800000 0.800000
5147.794434 0.000000 1141.787598 0.000000 0.505180 0.000000 0.863014 0.693944 0.693944 0.693944
5147.040039 0.000000 1151.215088 0.000000 0.396791 0.000000 0.917909 0.681560 0.681560 0.681560
5144.048828 0.000000 1139.469727 0.000000 0.173554 0.000000 -0.984824 0.800000 0.800000 0.800000
5142.376465 0.000000 1122.117065 0.000000 0.999885 0.000000 0.015185 0.800000 0.800000 0.800000
5143.844727 0.000000 1125.176880 0.000000 0.784649 0.000000 -0.619940 0.868110 0.868110 0.868110
5141.761719 0.000000 1140.190674 0.000000 0.348823 0.000000 -0.937189 0.800000 0.800000 0.800000
5143.884277 0.000000 1147.793701 0.000000 0.996054 0.000000 -0.088746 0.800000 0.800000 0.800000
5141.188477 0.000000 1145.717773 0.000000 0.939664 0.000000 0.342100 0.800000 0.800000 0.800000
5144.453613 0.000000 1145.787109 0.000000 0.653361 0.000000 0.757047 0.712525 0.712525 0.712525
5148.635254 0.000000 1150.694336 0.000000 0.521629 0.000000 0.853172 0.695896 0.695896 0.695896
5145.429199 0.000000 1151.939209 0.000000 0.833614 0.000000 -0.552347 0.800000 0.800000 0.800000
5140.375488 0.000000 1122.693115 0.000000 0.726636 0.000000 -0.687023 0.877146 0.877146 0.877146
5142.152832 0.000000 1120.035645 0.000000 0.457616 0.000000 0.889150 0.800000 0.800000 0.800000
5146.438965 0.000000 1136.730713 0.000000 0.979567 0.000000 -0.201120 0.820627 0.820627 0.820627
5141.941895 0.000000 1136.472168 0.000000 0.028484 0.000000 -0.999594 0.800000 0.800000 0.800000
5144.854492 0.000000 1142.473877 0.000000 0.995547 0.000000 0.094262 0.790384 0.790384 0.790384
5135.964355 0.000000 1151.705688 0.000000 0.999640 0.000000 0.026839 0.800000 0.800000 0.800000
5146.728516 0.000000 1139.922974 0.000000 0.216908 0.000000 0.976192 0.662271 0.662271 0.662271
5139.084473 0.000000 1121.335083 0.000000 0.994679 0.000000 0.103026 0.789487 0.789487 0.789487
5146.185547 0.000000 1148.829590 0.000000 0.941503 0.000000 0.337005 0.764988 0.764988 0.764988
5144.145020 0.000000 1137.820312 0.000000 0.724892 0.000000 0.688863 0.800000 0.800000 0.800000
5147.508301 0.000000 1144.722168 0.000000 0.607801 0.000000 -0.794090 0.893457 0.893457 0.893457
5147.178223 0.000000 1147.461670 0.000000 0.055118 0.000000 0.998480 0.645617 0.645617 0.645617
5138.473633 0.000000 1151.398560 0.000000 0.980853 0.000000 0.194750 0.800000 0.800000 0.800000
5151.500000 0.000000 1151.470337 0.000000 0.499794 0.000000 0.866144 0.800000 0.800000 0.800000
5142.630859 0.000000 1144.743408 0.000000 0.230910 0.000000 -0.972975 0.936265 0.936265 0.936265
5142.680176 0.000000 1143.235840 0.000000 0.840687 0.000000 0.541521 0.741712 0.741712 0.741712
5147.854980 0.000000 1136.086304 0.000000 0.106945 0.000000 -0.994265 0.949086 0.949086 0.949086
5143.533203 0.000000 1127.122925 0.000000 0.236388 0.000000 -0.971659 0.935692 0.935692 0.935692
5139.676270 0.000000 1120.042969 0.000000 0.902364 0.000000 0.430975 0.754614 0.754614 0.754614
5145.311523 0.000000 1144.058350 0.000000 0.234167 0.000000 -0.972196 0.935924 0.935924 0.935924
5149.677246 0.000000 1151.569946 0.000000 0.137369 0.000000 0.990520 0.654037 0.654037 0.654037
5147.178711 0.000000 1138.601562 0.000000 0.561660 0.000000 0.827368 0.700748 0.700748 0.700748
5146.974121 0.000000 1146.219482 0.000000 0.066129 0.000000 -0.997811 0.953259 0.953259 0.953259
5148.601074 0.000000 1151.923340 0.000000 0.997503 0.000000 0.070631 0.792800 0.792800 0.792800
5141.870117 0.000000 1121.136108 0.000000 0.992647 0.000000 0.121044 0.787640 0.787640 0.787640
5160.532227 0.000000 1128.712158 0.000000 0.952709 0.000000 0.303883 0.768549 0.768549 0.768549
5156.083496 0.000000 1134.666748 0.000000 0.898654 0.000000 0.438657 0.753745 0.753745 0.753745
5156.835938 0.000000 1125.125488 0.000000 0.770731 0.000000 0.637161 0.800000 0.800000 0.800000
5161.818359 0.000000 1124.514404 0.000000 0.997843 0.000000 0.065638 0.800000 0.800000 0.800000
5160.103516 0.000000 1133.298096 0.000000 0.743870 0.000000 -0.668325 0.874556 0.874556 0.874556
5156.398926 0.000000 1130.167725 0.000000 0.915143 0.000000 0.403130 0.757735 0.757735 0.757735
5159.792480 0.000000 1136.479248 0.000000 0.674044 0.000000 -0.738691 0.800000 0.800000 0.800000
5157.927246 0.000000 1127.717529 0.000000 0.953444 0.000000 0.301569 0.768797 0.768797 0.768797
5162.750488 0.000000 1133.136230 0.000000 0.976622 0.000000 0.214964 0.800000 0.800000 0.800000
5159.368652 0.000000 1125.585327 0.000000 0.023805 0.000000 -0.999717 0.957575 0.957575 0.957575
5158.830566 0.000000 1130.974487 0.000000 0.374239 0.000000 -0.927332 0.920929 0.920929 0.920929
5161.937012 0.000000 1130.743164 0.000000 0.895812 0.000000 -0.444433 0.846910 0.846910 0.846910
5158.085938 0.000000 1122.963989 0.000000 0.040261 0.000000 -0.999189 0.955898 0.955898 0.955898
5157.062500 0.000000 1132.391846 0.000000 0.988716 0.000000 0.149804 0.784683 0.784683 0.784683
5157.313965 0.000000 1136.662354 0.000000 0.999788 0.000000 -0.020614 0.802100 0.802100 0.802100
5158.273438 0.000000 1134.596924 0.000000 0.999727 0.000000 -0.023358 0.802379 0.802379 0.802379
5161.479492 0.000000 1134.981323 0.000000 0.046889 0.000000 0.998900 0.644778 0.644778 0.644778
5161.272949 0.000000 1126.693604 0.000000 0.831100 0.000000 0.556122 0.739932 0.739932 0.739932
5160.128906 0.000000 1123.728271 0.000000 0.389736 0.000000 -0.920927 0.800000 0.800000 0.800000
5161.937500 0.000000 1122.556641 0.000000 0.620468 0.000000 -0.784232 0.800000 0.800000 0.800000
5159.581543 0.000000 1127.327881 0.000000 0.981342 0.000000 0.192269 0.780293 0.780293 0.780293
5158.456055 0.000000 1129.303711 0.000000 0.793903 0.000000 -0.608044 0.866575 0.866575 0.866575
5160.430176 0.000000 1131.637329 0.000000 0.483680 0.000000 0.875245 0.691424 0.691424 0.691424
5156.522949 0.000000 1126.759521 0.000000 0.979347 0.000000 0.202186 0.779262 0.779262 0.779262
5158.640625 0.000000 1137.559204 0.000000 0.402543 0.000000 -0.915401 0.800000 0.800000 0.800000
5158.650879 0.000000 1132.563354 0.000000 0.718795 0.000000 0.695222 0.721698 0.721698 0.721698
5156.652344 0.000000 1128.635620 0.000000 0.533991 0.000000 0.845490 0.697379 0.697379 0.697379
5158.268555 0.000000 1124.503174 0.000000 0.086230 0.000000 -0.996275 0.951206 0.951206 0.951206
5159.752441 0.000000 1134.923462 0.000000 0.995159 0.000000 0.098278 0.789973 0.789973 0.789973
5157.975098 0.000000 1126.218628 0.000000 0.698120 0.000000 -0.715981 0.881287 0.881287 0.881287
5160.221191 0.000000 1130.161499 0.000000 0.219654 0.000000 0.975578 0.662558 0.662558 0.662558
5161.362793 0.000000 1132.692749 0.000000 0.125739 0.000000 0.992063 0.652842 0.652842 0.652842
5157.147949 0.000000 1133.734863 0.000000 0.999644 0.000000 0.026684 0.797282 0.797282 0.797282
5156.083008 0.000000 1136.007202 0.000000 0.611313 0.000000 0.791389 0.706995 0.706995 0.706995
5161.609863 0.000000 1129.491943 0.000000 0.245572 0.000000 -0.969378 0.934728 0.934728 0.934728
5158.549805 0.000000 1135.987061 0.000000 0.416043 0.000000 0.909345 0.683707 0.683707 0.683707
5157.204590 0.000000 1135.309937 0.000000 0.548415 0.000000 0.836206 0.699126 0.699126 0.699126
5159.353027 0.000000 1128.535889 0.000000 0.620008 0.000000 -0.784596 0.891881 0.891881 0.891881
5161.154297 0.000000 1133.842285 0.000000 0.995773 0.000000 0.091851 0.790631 0.790631 0.790631
5158.979492 0.000000 1133.660400 0.000000 0.982046 0.000000 -0.188644 0.819331 0.819331 0.819331
5134.183594 0.000000 1155.834839 0.000000 0.145574 0.000000 0.989347 0.800000 0.800000 0.800000
5147.528809 0.000000 1152.375977 0.000000 0.631699 0.000000 0.775214 0.709646 0.709646 0.709646
5140.161621 0.000000 1182.979736 0.000000 0.036972 0.000000 -0.999316 0.800000 0.800000 0.800000
5149.208008 0.000000 1158.763794 0.000000 0.970231 0.000000 0.242180 0.775084 0.775084 0.775084
5149.637695 0.000000 1165.300781 0.000000 0.236137 0.000000 -0.971720 0.935718 0.935718 0.935718
5142.825195 0.000000 1178.234253 0.000000 0.758784 0.000000 0.651343 0.800000 0.800000 0.800000
5137.748535 0.000000 1152.283081 0.000000 0.989337 0.000000 -0.145647 0.814888 0.814888 0.814888
5150.231934 0.000000 1173.910522 0.000000 0.717405 0.000000 0.696657 0.800000 0.800000 0.800000
5145.183105 0.000000 1182.203613 0.000000 0.073914 0.000000 0.997265 0.647536 0.647536 0.647536
5137.761719 0.000000 1157.575317 0.000000 0.464457 0.000000 -0.885596 0.800000 0.800000 0.800000
5150.638184 0.000000 1170.081055 0.000000 0.900762 0.000000 -0.434314 0.800000 0.800000 0.800000
5147.688477 0.000000 1162.264893 0.000000 0.948941 0.000000 0.315453 0.800000 0.800000 0.800000
5149.834961 0.000000 1155.189209 0.000000 0.815617 0.000000 0.578593 0.737153 0.737153 0.737153
5146.444336 0.000000 1155.654053 0.000000 0.184823 0.000000 -0.982772 0.800000 0.800000 0.800000
5134.752441 0.000000 1152.863770 0.000000 0.497476 0.000000 -0.867477 0.906963 0.906963 0.906963
5150.717773 0.000000 1162.415527 0.000000 0.600968 0.000000 -0.799273 0.800000 0.800000 0.800000
5142.474609 0.000000 1181.118042 0.000000 0.978076 0.000000 0.208249 0.778632 0.778632 0.778632
5150.826660 0.000000 1152.403198 0.000000 0.988040 0.000000 0.154199 0.784230 0.784230 0.784230
5138.714355 0.000000 1154.874390 0.000000 0.864120 0.000000 0.503286 0.746280 0.746280 0.746280
5147.829590 0.000000 1180.882324 0.000000 0.930175 0.000000 0.367117 0.800000 0.800000 0.800000
5149.393555 0.000000 1167.808228 0.000000 0.666711 0.000000 -0.745316 0.800000 0.800000 0.800000
5136.428711 0.000000 1154.484985 0.000000 0.999529 0.000000 0.030688 0.796874 0.796874 0.796874
5151.132812 0.000000 1157.350342 0.000000 0.652971 0.000000 -0.757383 0.887527 0.887527 0.887527
5151.139160 0.000000 1159.961670 0.000000 0.739715 0.000000 0.672920 0.724813 0.724813 0.724813
5139.970703 0.000000 1158.099609 0.000000 0.530197 0.000000 0.847875 0.696922 0.696922 0.696922
5146.989258 0.000000 1158.111938 0.000000 0.675793 0.000000 -0.737092 0.884417 0.884417 0.884417
5151.486328 0.000000 1166.729858 0.000000 0.520624 0.000000 -0.853786 0.800000 0.800000 0.800000
5142.239258 0.000000 1183.347656 0.000000 0.804082 0.000000 0.594519 0.735150 0.735150 0.735150
5151.156738 0.000000 1172.075439 0.000000 0.997461 0.000000 -0.071210 0.800000 0.800000 0.800000
5147.545410 0.000000 1160.090576 0.000000 0.755097 0.000000 0.655613 0.800000 0.800000 0.800000
5148.015625 0.000000 1154.344360 0.000000 0.474900 0.000000 0.880040 0.690405 0.690405 0.690405
5148.344727 0.000000 1156.531372 0.000000 0.605611 0.000000 -0.795761 0.800000 0.800000 0.800000
5147.040039 0.000000 1183.215088 0.000000 0.578031 0.000000 0.816015 0.702777 0.702777 0.702777
5151.356934 0.000000 1164.235718 0.000000 0.161320 0.000000 -0.986902 0.800000 0.800000 0.800000
5149.257812 0.000000 1161.213013 0.000000 0.988636 0.000000 0.150330 0.784629 0.784629 0.784629
5149.113770 0.000000 1163.523193 0.000000 0.645466 0.000000 0.763789 0.711468 0.711468 0.711468
5151.681152 0.000000 1155.447632 0.000000 0.383164 0.000000 0.923680 0.800000 0.800000 0.800000
5143.884277 0.000000 1179.793701 0.000000 0.682757 0.000000 -0.730645 0.800000 0.800000 0.800000
5136.537598 0.000000 1156.257935 0.000000 0.342619 0.000000 -0.939474 0.800000 0.800000 0.800000
5139.708496 0.000000 1156.376953 0.000000 0.928127 0.000000 -0.372264 0.838854 0.838854 0.838854
5149.178223 0.000000 1152.849121 0.000000 0.198178 0.000000 0.980166 0.660321 0.660321 0.660321
5146.002930 0.000000 1162.849609 0.000000 0.907342 0.000000 0.420393 0.800000 0.800000 0.800000
5150.976074 0.000000 1168.349609 0.000000 0.418742 0.000000 0.908105 0.800000 0.800000 0.800000
5140.462891 0.000000 1181.276733 0.000000 0.887774 0.000000 0.460280 0.800000 0.800000 0.800000
5145.429199 0.000000 1183.939209 0.000000 0.590832 0.000000 0.806794 0.704384 0.704384 0.704384
5139.084473 0.000000 1153.335083 0.000000 0.870562 0.000000 0.492059 0.747598 0.747598 0.747598
5143.590820 0.000000 1182.342407 0.000000 0.320182 0.000000 -0.947356 0.926802 0.926802 0.926802
5146.185547 0.000000 1180.829590 0.000000 0.976435 0.000000 0.215813 0.800000 0.800000 0.800000
5150.987305 0.000000 1154.009277 0.000000 0.925870 0.000000 -0.377843 0.800000 0.800000 0.800000
5136.136719 0.000000 1152.126831 0.000000 0.747813 0.000000 -0.663909 0.873953 0.873953 0.873953
5151.846191 0.000000 1161.276733 0.000000 0.468131 0.000000 0.883659 0.689623 0.689623 0.689623
5138.692871 0.000000 1158.806763 0.000000 0.135162 0.000000 -0.990824 0.946190 0.946190 0.946190
5146.228027 0.000000 1159.452637 0.000000 0.703619 0.000000 -0.710578 0.880501 0.880501 0.880501
5137.687500 0.000000 1153.728638 0.000000 0.908383 0.000000 -0.418138 0.843942 0.843942 0.843942
5139.676270 0.000000 1152.042969 0.000000 0.871417 0.000000 -0.490543 0.852224 0.852224 0.852224
5150.583008 0.000000 1158.606567 0.000000 0.751804 0.000000 0.659387 0.726661 0.726661 0.726661
5150.625977 0.000000 1161.086792 0.000000 0.997213 0.000000 0.074607 0.792394 0.792394 0.792394
5137.534668 0.000000 1155.061768 0.000000 0.999908 0.000000 -0.013558 0.801381 0.801381 0.801381
5138.970215 0.000000 1157.448853 0.000000 0.085435 0.000000 0.996344 0.648713 0.648713 0.648713
5148.625977 0.000000 1160.281860 0.000000 0.438254 0.000000 0.898851 0.686209 0.686209 0.686209
5152.987305 0.000000 1173.511475 0.000000 0.003715 0.000000 -0.999993 0.959622 0.959622 0.959622
5152.114746 0.000000 1164.443359 0.000000 0.822430 0.000000 0.568866 0.738362 0.738362 0.738362
5152.356445 0.000000 1169.087769 0.000000 0.163645 0.000000 0.986519 0.656744 0.656744 0.656744
5153.512695 0.000000 1166.743652 0.000000 0.182405 0.000000 -0.983223 0.941316 0.941316 0.941316
5152.958984 0.000000 1162.274536 0.000000 0.470167 0.000000 -0.882577 0.910142 0.910142 0.910142
5152.165527 0.000000 1171.417603 0.000000 0.264147 0.000000 0.964483 0.667229 0.667229 0.667229
5152.011719 0.000000 1166.166138 0.000000 0.100914 0.000000 -0.994895 0.949704 0.949704 0.949704
5153.424805 0.000000 1165.200684 0.000000 0.576323 0.000000 0.817222 0.702564 0.702564 0.702564
5153.529785 0.000000 1169.992065 0.000000 0.170982 0.000000 0.985274 0.657502 0.657502 0.657502
5153.599121 0.000000 1168.192749 0.000000 0.701345 0.000000 0.712822 0.719173 0.719173 0.719173
5147.528809 0.000000 1184.375977 0.000000 0.516946 0.000000 -0.856018 0.904662 0.904662 0.904662
5142.825195 0.000000 1210.234253 0.000000 0.227328 0.000000 0.973818 0.663360 0.663360 0.663360
5145.183105 0.000000 1214.203613 0.000000 0.651827 0.000000 0.758367 0.712319 0.712319 0.712319
5142.946289 0.000000 1205.656006 0.000000 0.262262 0.000000 -0.964997 0.800000 0.800000 0.800000
5143.776855 0.000000 1184.715942 0.000000 0.039809 0.000000 0.999207 0.644056 0.644056 0.644056
5146.338867 0.000000 1207.165649 0.000000 0.785103 0.000000 0.619365 0.800000 0.800000 0.800000
5149.834961 0.000000 1187.189209 0.000000 0.875620 0.000000 0.483000 0.748655 0.748655 0.748655
5146.444336 0.000000 1187.654053 0.000000 0.647036 0.000000 -0.762459 0.888323 0.888323 0.888323
5145.589844 0.000000 1211.289551 0.000000 0.998107 0.000000 -0.061495 0.806268 0.806268 0.806268
5140.718750 0.000000 1185.037598 0.000000 0.166626 0.000000 -0.986020 0.800000 0.800000 0.800000
5142.474609 0.000000 1213.118042 0.000000 0.345883 0.000000 0.938278 0.800000 0.800000 0.800000
5143.880371 0.000000 1187.297852 0.000000 0.952592 0.000000 0.304249 0.800000 0.800000 0.800000
5143.974609 0.000000 1207.988403 0.000000 0.795487 0.000000 -0.605971 0.800000 0.800000 0.800000
5145.373047 0.000000 1204.834229 0.000000 0.902993 0.000000 0.429656 0.754763 0.754763 0.754763
5151.132812 0.000000 1189.350342 0.000000 0.620187 0.000000 0.784454 0.800000 0.800000 0.800000
5145.803223 0.000000 1185.642578 0.000000 0.795808 0.000000 -0.605549 0.866255 0.866255 0.866255
5148.015625 0.000000 1186.344360 0.000000 0.262692 0.000000 0.964880 0.667075 0.667075 0.667075
5148.344727 0.000000 1188.531372 0.000000 0.883924 0.000000 0.467630 0.800000 0.800000 0.800000
5147.794434 0.000000 1205.787598 0.000000 0.674985 0.000000 -0.737832 0.800000 0.800000 0.800000
5142.376465 0.000000 1186.117065 0.000000 0.906139 0.000000 0.422980 0.800000 0.800000 0.800000
5151.681152 0.000000 1187.447632 0.000000 0.890479 0.000000 0.455024 0.751882 0.751882 0.751882
5143.884277 0.000000 1211.793701 0.000000 0.390147 0.000000 0.920753 0.680824 0.680824 0.680824
5149.178223 0.000000 1184.849121 0.000000 0.634221 0.000000 -0.773152 0.800000 0.800000 0.800000
5144.453613 0.000000 1209.787109 0.000000 0.826812 0.000000 0.562478 0.739151 0.739151 0.739151
5145.429199 0.000000 1215.939209 0.000000 0.992476 0.000000 -0.122438 0.812503 0.812503 0.812503
5142.152832 0.000000 1184.035645 0.000000 0.425969 0.000000 0.904738 0.684821 0.684821 0.684821
5145.583496 0.000000 1189.075439 0.000000 0.986667 0.000000 0.162749 0.800000 0.800000 0.800000
5144.854492 0.000000 1206.473877 0.000000 0.435680 0.000000 -0.900102 0.914083 0.914083 0.914083
5150.987305 0.000000 1186.009277 0.000000 0.998649 0.000000 0.051964 0.794705 0.794705 0.794705
5145.544434 0.000000 1184.103149 0.000000 0.772735 0.000000 0.634728 0.729956 0.729956 0.729956
5142.630859 0.000000 1208.743408 0.000000 0.997934 0.000000 0.064249 0.793451 0.793451 0.793451
5144.281250 0.000000 1213.154663 0.000000 0.632930 0.000000 0.774209 0.709807 0.709807 0.709807
5145.311523 0.000000 1208.058350 0.000000 0.049671 0.000000 0.998766 0.645061 0.645061 0.645061
5144.182617 0.000000 1215.494263 0.000000 0.923324 0.000000 -0.384022 0.840148 0.840148 0.840148
5147.058594 0.000000 1185.547974 0.000000 0.038569 0.000000 0.999256 0.643930 0.643930 0.643930
5145.093262 0.000000 1212.344849 0.000000 0.654299 0.000000 0.756236 0.712652 0.712652 0.712652
5180.322754 0.000000 1210.183716 0.000000 0.611070 0.000000 -0.791577 0.893037 0.893037 0.893037
5177.850586 0.000000 1202.422363 0.000000 0.322950 0.000000 0.946416 0.673496 0.673496 0.673496
5170.674805 0.000000 1200.570068 0.000000 0.942110 0.000000 0.335304 0.800000 0.800000 0.800000
5174.825195 0.000000 1210.234253 0.000000 0.981664 0.000000 -0.190622 0.800000 0.800000 0.800000
5182.278320 0.000000 1214.367676 0.000000 0.156544 0.000000 0.987671 0.800000 0.800000 0.800000
5177.183105 0.000000 1214.203613 0.000000 0.445498 0.000000 -0.895283 0.800000 0.800000 0.800000
5157.686523 0.000000 1202.909302 0.000000 0.962458 0.000000 -0.271429 0.800000 0.800000 0.800000
5174.946289 0.000000 1205.656006 0.000000 0.990261 0.000000 0.139220 0.785773 0.785773 0.785773
5175.070312 0.000000 1199.147827 0.000000 0.910595 0.000000 -0.413301 0.800000 0.800000 0.800000
5171.964844 0.000000 1196.796021 0.000000 0.106431 0.000000 0.994320 0.650862 0.650862 0.650862
5178.338867 0.000000 1207.165649 0.000000 0.024742 0.000000 -0.999694 0.957479 0.957479 0.957479
5178.762207 0.000000 1199.116089 0.000000 0.074360 0.000000 -0.997231 0.952419 0.952419 0.952419
5159.792480 0.000000 1200.479248 0.000000 0.935562 0.000000 0.353161 0.763234 0.763234 0.763234
5156.128418 0.000000 1205.752075 0.000000 0.952478 0.000000 0.304606 0.768472 0.768472 0.768472
5174.609375 0.000000 1202.199951 0.000000 0.628255 0.000000 -0.778008 0.890806 0.890806 0.890806
5177.589844 0.000000 1211.289551 0.000000 0.496814 0.000000 -0.867857 0.907041 0.907041 0.907041
5183.086914 0.000000 1209.549561 0.000000 0.744295 0.000000 -0.667851 0.800000 0.800000 0.800000
5173.305664 0.000000 1207.923584 0.000000 0.133731 0.000000 -0.991018 0.800000 0.800000 0.800000
5179.829590 0.000000 1212.882324 0.000000 0.811256 0.000000 0.584691 0.736389 0.736389 0.736389
5178.228027 0.000000 1196.555420 0.000000 0.861808 0.000000 -0.507234 0.800000 0.800000 0.800000
5173.446777 0.000000 1194.620972 0.000000 0.842014 0.000000 0.539456 0.741962 0.741962 0.741962
5175.974609 0.000000 1207.988403 0.000000 0.458330 0.000000 -0.888782 0.911503 0.911503 0.911503
5177.373047 0.000000 1204.834229 0.000000 0.327090 0.000000 -0.944993 0.926058 0.926058 0.926058
5174.485352 0.000000 1196.843628 0.000000 0.929462 0.000000 -0.368918 0.800000 0.800000 0.800000
5182.364258 0.000000 1211.971680 0.000000 0.945451 0.000000 -0.325764 0.833799 0.833799 0.833799
5172.653320 0.000000 1199.088989 0.000000 0.927556 0.000000 0.373683 0.760990 0.760990 0.760990
5180.687012 0.000000 1207.710327 0.000000 0.347550 0.000000 0.937662 0.676156 0.676156 0.676156
5159.521973 0.000000 1204.382935 0.000000 0.952682 0.000000 0.303970 0.800000 0.800000 0.800000
5157.313965 0.000000 1200.662354 0.000000 0.902072 0.000000 0.431586 0.754545 0.754545 0.754545
5171.187500 0.000000 1194.143555 0.000000 0.607880 0.000000 -0.794029 0.893446 0.893446 0.893446
5179.976074 0.000000 1201.555908 0.000000 0.109839 0.000000 -0.993949 0.948789 0.948789 0.948789
5176.831543 0.000000 1200.414062 0.000000 0.538093 0.000000 0.842886 0.697874 0.697874 0.697874
5172.604980 0.000000 1201.452393 0.000000 0.994852 0.000000 -0.101339 0.810340 0.810340 0.810340
5178.053711 0.000000 1209.255005 0.000000 0.170463 0.000000 0.985364 0.657448 0.657448 0.657448
5158.105957 0.000000 1206.550537 0.000000 0.411914 0.000000 -0.911223 0.800000 0.800000 0.800000
5172.404785 0.000000 1205.760620 0.000000 0.993402 0.000000 -0.114686 0.800000 0.800000 0.800000
5176.985840 0.000000 1198.133301 0.000000 0.305989 0.000000 -0.952035 0.928324 0.928324 0.928324
5179.794434 0.000000 1205.787598 0.000000 0.294379 0.000000 -0.955689 0.929564 0.929564 0.929564
5170.561035 0.000000 1198.499390 0.000000 0.390133 0.000000 -0.920758 0.800000 0.800000 0.800000
5179.040039 0.000000 1215.215088 0.000000 0.290187 0.000000 0.956970 0.669990 0.669990 0.669990
5176.048828 0.000000 1203.469727 0.000000 0.790391 0.000000 -0.612603 0.867161 0.867161 0.867161
5173.761719 0.000000 1204.190674 0.000000 0.994434 0.000000 0.105366 0.800000 0.800000 0.800000
5175.884277 0.000000 1211.793701 0.000000 0.772376 0.000000 -0.635166 0.800000 0.800000 0.800000
5179.785645 0.000000 1197.631348 0.000000 0.601014 0.000000 0.799239 0.800000 0.800000 0.800000
5157.716797 0.000000 1204.723511 0.000000 0.790861 0.000000 -0.611996 0.867083 0.867083 0.867083
5156.093262 0.000000 1202.067139 0.000000 0.596264 0.000000 -0.802788 0.800000 0.800000 0.800000
5156.183105 0.000000 1203.820801 0.000000 0.221736 0.000000 0.975107 0.800000 0.800000 0.800000
5176.453613 0.000000 1209.787109 0.000000 0.195873 0.000000 -0.980629 0.939919 0.939919 0.939919
5180.635254 0.000000 1214.694336 0.000000 0.567552 0.000000 0.823338 0.701475 0.701475 0.701475
5177.429199 0.000000 1215.939209 0.000000 0.427480 0.000000 0.904025 0.800000 0.800000 0.800000
5178.438965 0.000000 1200.730713 0.000000 0.960773 0.000000 -0.277337 0.828625 0.828625 0.828625
5173.941895 0.000000 1200.472168 0.000000 0.970772 0.000000 0.240002 0.775313 0.775313 0.775313
5176.854492 0.000000 1206.473877 0.000000 0.633330 0.000000 -0.773882 0.890140 0.890140 0.890140
5182.265625 0.000000 1208.111206 0.000000 0.847382 0.000000 -0.530984 0.800000 0.800000 0.800000
5178.728516 0.000000 1203.922974 0.000000 0.671232 0.000000 -0.741247 0.800000 0.800000 0.800000
5158.640625 0.000000 1201.559204 0.000000 0.818747 0.000000 0.574155 0.737706 0.737706 0.737706
5170.771973 0.000000 1195.671021 0.000000 0.998654 0.000000 -0.051875 0.805286 0.805286 0.805286
5178.185547 0.000000 1212.829590 0.000000 0.823922 0.000000 0.566703 0.738630 0.738630 0.738630
5176.203125 0.000000 1196.719360 0.000000 0.963223 0.000000 0.268704 0.800000 0.800000 0.800000
5176.145020 0.000000 1201.820312 0.000000 0.215622 0.000000 0.976477 0.662137 0.662137 0.662137
5179.508301 0.000000 1208.722168 0.000000 0.935493 0.000000 0.353346 0.763214 0.763214 0.763214
5179.178223 0.000000 1211.461670 0.000000 0.315589 0.000000 -0.948896 0.927295 0.927295 0.927295
5157.416504 0.000000 1207.920776 0.000000 0.986679 0.000000 -0.162677 0.800000 0.800000 0.800000
5183.549805 0.000000 1213.235229 0.000000 0.937982 0.000000 0.346683 0.763939 0.763939 0.763939
5183.500000 0.000000 1215.470337 0.000000 0.618458 0.000000 0.785818 0.800000 0.800000 0.800000
5173.873535 0.000000 1198.191772 0.000000 0.045497 0.000000 -0.998964 0.955364 0.955364 0.955364
5174.630859 0.000000 1208.743408 0.000000 0.998420 0.000000 0.056184 0.794274 0.794274 0.794274
5181.824219 0.000000 1210.520142 0.000000 0.738189 0.000000 -0.674594 0.875418 0.875418 0.875418
5180.832031 0.000000 1211.623779 0.000000 0.921617 0.000000 -0.388101 0.840598 0.840598 0.840598
5174.680176 0.000000 1207.235840 0.000000 0.791776 0.000000 -0.610812 0.866930 0.866930 0.866930
5183.466797 0.000000 1210.965210 0.000000 0.974768 0.000000 -0.223219 0.822930 0.822930 0.822930
5181.243652 0.000000 1213.234985 0.000000 0.664378 0.000000 0.747397 0.714017 0.714017 0.714017
5179.854980 0.000000 1200.086304 0.000000 0.041302 0.000000 0.999147 0.644208 0.644208 0.644208
5173.252441 0.000000 1202.833130 0.000000 0.906838 0.000000 0.421478 0.755684 0.755684 0.755684
5181.260254 0.000000 1209.092529 0.000000 0.100700 0.000000 0.994917 0.650275 0.650275 0.650275
5172.154785 0.000000 1195.239502 0.000000 0.893248 0.000000 -0.449563 0.847495 0.847495 0.847495
5175.339844 0.000000 1200.552490 0.000000 0.984482 0.000000 -0.175483 0.817968 0.817968 0.817968
5173.232910 0.000000 1196.177734 0.000000 0.999775 0.000000 -0.021194 0.802159 0.802159 0.802159
5177.311523 0.000000 1208.058350 0.000000 0.610632 0.000000 0.791915 0.706907 0.706907 0.706907
5181.012207 0.000000 1206.438599 0.000000 0.968993 0.000000 0.247087 0.774568 0.774568 0.774568
5181.677246 0.000000 1215.569946 0.000000 0.960763 0.000000 0.277369 0.771372 0.771372 0.771372
5178.438477 0.000000 1205.825317 0.000000 0.220480 0.000000 0.975391 0.662644 0.662644 0.662644
5178.863770 0.000000 1213.927246 0.000000 0.154696 0.000000 -0.987962 0.944179 0.944179 0.944179
5176.093750 0.000000 1205.056152 0.000000 0.267390 0.000000 0.963588 0.667572 0.667572 0.667572
5178.974121 0.000000 1210.219482 0.000000 0.992884 0.000000 0.119082 0.787842 0.787842 0.787842
5175.025391 0.000000 1204.347168 0.000000 0.100160 0.000000 -0.994971 0.949781 0.949781 0.949781
5158.908691 0.000000 1203.228516 0.000000 0.398557 0.000000 0.917143 0.681756 0.681756 0.681756
5177.453613 0.000000 1199.327026 0.000000 0.525608 0.000000 -0.850727 0.903628 0.903628 0.903628
5170.777832 0.000000 1197.138794 0.000000 0.625890 0.000000 -0.779911 0.891115 0.891115 0.891115
5179.687012 0.000000 1207.043701 0.000000 0.955948 0.000000 -0.293536 0.830346 0.830346 0.830346
5176.249512 0.000000 1199.365112 0.000000 0.865521 0.000000 0.500873 0.746564 0.746564 0.746564
5177.319336 0.000000 1203.603271 0.000000 0.948127 0.000000 -0.317891 0.832952 0.832952 0.832952
5172.795410 0.000000 1197.588379 0.000000 0.387324 0.000000 0.921943 0.680512 0.680512 0.680512
5177.505371 0.000000 1201.359497 0.000000 0.751924 0.000000 -0.659250 0.873320 0.873320 0.873320
5180.601074 0.000000 1215.923340 0.000000 0.875142 0.000000 -0.483867 0.851446 0.851446 0.851446
5173.716797 0.000000 1199.403076 0.000000 0.754406 0.000000 -0.656409 0.872936 0.872936 0.872936
5174.463379 0.000000 1203.370728 0.000000 0.382271 0.000000 -0.924050 0.920045 0.920045 0.920045
5173.726562 0.000000 1201.546509 0.000000 0.037261 0.000000 -0.999306 0.956204 0.956204 0.956204
5178.047363 0.000000 1214.823730 0.000000 0.500430 0.000000 -0.865777 0.906616 0.906616 0.906616
5184.050293 0.000000 1214.543213 0.000000 0.999725 0.000000 0.023470 0.800000 0.800000 0.800000
5184.467285 0.000000 1212.073120 0.000000 0.840727 0.000000 -0.541460 0.800000 0.800000 0.800000
5185.893555 0.000000 1214.636963 0.000000 0.952550 0.000000 -0.304381 0.800000 0.800000 0.800000
5179.528809 0.000000 1216.375977 0.000000 0.565028 0.000000 0.825072 0.800000 0.800000 0.800000
5170.604980 0.000000 1238.964844 0.000000 0.989745 0.000000 -0.142848 0.800000 0.800000 0.800000
5172.161621 0.000000 1246.979736 0.000000 0.315236 0.000000 0.949013 0.800000 0.800000 0.800000
5170.674805 0.000000 1232.570068 0.000000 0.972444 0.000000 -0.233135 0.800000 0.800000 0.800000
5162.786621 0.000000 1216.178833 0.000000 0.758513 0.000000 0.651657 0.800000 0.800000 0.800000
5171.926758 0.000000 1235.724976 0.000000 0.512198 0.000000 0.858868 0.800000 0.800000 0.800000
5171.479004 0.000000 1242.200806 0.000000 0.734291 0.000000 0.678835 0.723995 0.723995 0.723995
5160.295410 0.000000 1217.879517 0.000000 0.973901 0.000000 0.226972 0.800000 0.800000 0.800000
5168.835938 0.000000 1236.439819 0.000000 0.902510 0.000000 -0.430669 0.800000 0.800000 0.800000
5169.125977 0.000000 1246.585815 0.000000 0.626847 0.000000 0.779142 0.800000 0.800000 0.800000
5163.740234 0.000000 1218.653809 0.000000 0.846629 0.000000 -0.532184 0.857161 0.857161 0.857161
5170.547852 0.000000 1244.525391 0.000000 0.783693 0.000000 -0.621148 0.868267 0.868267 0.868267
5169.166992 0.000000 1241.831421 0.000000 0.736802 0.000000 0.676109 0.724373 0.724373 0.724373
5168.561035 0.000000 1232.060791 0.000000 0.932719 0.000000 -0.360605 0.800000 0.800000 0.800000
5167.287109 0.000000 1238.051514 0.000000 0.106601 0.000000 0.994302 0.800000 0.800000 0.800000
5169.991211 0.000000 1234.651855 0.000000 0.539902 0.000000 -0.841728 0.800000 0.800000 0.800000
5164.803223 0.000000 1216.067993 0.000000 0.968933 0.000000 0.247325 0.800000 0.800000 0.800000
5160.128906 0.000000 1219.728271 0.000000 0.098263 0.000000 0.995160 0.800000 0.800000 0.800000
5170.603516 0.000000 1237.108765 0.000000 0.763234 0.000000 -0.646122 0.800000 0.800000 0.800000
5165.515625 0.000000 1218.147339 0.000000 0.997051 0.000000 0.076741 0.800000 0.800000 0.800000
5168.863281 0.000000 1239.367554 0.000000 0.076494 0.000000 -0.997070 0.952201 0.952201 0.952201
5161.937500 0.000000 1218.556641 0.000000 0.360975 0.000000 0.932575 0.800000 0.800000 0.800000
5181.178223 0.000000 1216.849121 0.000000 0.432293 0.000000 -0.901733 0.800000 0.800000 0.800000
5171.362793 0.000000 1240.532715 0.000000 0.746751 0.000000 0.665103 0.800000 0.800000 0.800000
5169.285645 0.000000 1243.556274 0.000000 0.530065 0.000000 0.847957 0.800000 0.800000 0.800000
5161.268066 0.000000 1216.610107 0.000000 0.475368 0.000000 -0.879787 0.800000 0.800000 0.800000
5168.834961 0.000000 1245.049438 0.000000 0.139614 0.000000 0.990206 0.800000 0.800000 0.800000
5170.473633 0.000000 1247.398560 0.000000 0.494515 0.000000 -0.869169 0.907311 0.907311 0.907311
5171.002441 0.000000 1245.975586 0.000000 0.933030 0.000000 -0.359797 0.837489 0.837489 0.837489
5169.892578 0.000000 1240.559692 0.000000 0.836760 0.000000 0.547570 0.740977 0.740977 0.740977
5171.582520 0.000000 1243.603271 0.000000 0.138139 0.000000 0.990413 0.654116 0.654116 0.654116
5180.322754 0.000000 1274.183716 0.000000 0.576564 0.000000 0.817052 0.800000 0.800000 0.800000
5173.494141 0.000000 1251.975830 0.000000 0.164135 0.000000 -0.986438 0.800000 0.800000 0.800000
5168.895020 0.000000 1258.459717 0.000000 0.985759 0.000000 0.168167 0.800000 0.800000 0.800000
5169.748535 0.000000 1248.283081 0.000000 0.644800 0.000000 -0.764351 0.888621 0.888621 0.888621
5182.278320 0.000000 1278.367676 0.000000 0.877343 0.000000 0.479863 0.749020 0.749020 0.749020
5182.231934 0.000000 1269.910522 0.000000 0.398631 0.000000 -0.917111 0.800000 0.800000 0.800000
5172.718750 0.000000 1249.037598 0.000000 0.956137 0.000000 -0.292919 0.830280 0.830280 0.830280
5183.086914 0.000000 1273.549561 0.000000 0.126570 0.000000 0.991958 0.652927 0.652927 0.652927
5170.714355 0.000000 1250.874390 0.000000 0.619495 0.000000 -0.785001 0.891948 0.891948 0.891948
5170.198730 0.000000 1256.187256 0.000000 0.958134 0.000000 -0.286321 0.829578 0.829578 0.829578
5182.364258 0.000000 1275.971680 0.000000 0.982555 0.000000 -0.185974 0.819054 0.819054 0.819054
5171.970703 0.000000 1254.099609 0.000000 0.073617 0.000000 -0.997287 0.800000 0.800000 0.800000
5171.187500 0.000000 1258.143555 0.000000 0.502879 0.000000 -0.864357 0.906328 0.906328 0.906328
5183.804688 0.000000 1271.430420 0.000000 0.999842 0.000000 0.017789 0.798188 0.798188 0.798188
5183.156738 0.000000 1268.075439 0.000000 0.999798 0.000000 0.020075 0.800000 0.800000 0.800000
5168.224609 0.000000 1256.540039 0.000000 0.022530 0.000000 -0.999746 0.800000 0.800000 0.800000
5171.708496 0.000000 1252.376953 0.000000 0.999493 0.000000 0.031835 0.796757 0.796757 0.796757
5180.635254 0.000000 1278.694336 0.000000 0.212966 0.000000 -0.977060 0.938140 0.938140 0.938140
5172.375488 0.000000 1250.693115 0.000000 0.350042 0.000000 -0.936734 0.800000 0.800000 0.800000
5182.265625 0.000000 1272.111206 0.000000 0.910359 0.000000 -0.413818 0.843458 0.843458 0.843458
5171.084473 0.000000 1249.335083 0.000000 0.928859 0.000000 -0.370433 0.838653 0.838653 0.838653
5170.771973 0.000000 1259.671021 0.000000 0.993665 0.000000 0.112387 0.788528 0.788528 0.788528
5168.136719 0.000000 1248.126831 0.000000 0.320842 0.000000 -0.947133 0.926731 0.926731 0.926731
5183.549805 0.000000 1277.235229 0.000000 0.968510 0.000000 0.248973 0.774370 0.774370 0.774370
5183.500000 0.000000 1279.470337 0.000000 0.999943 0.000000 -0.010685 0.801088 0.801088 0.801088
5183.466797 0.000000 1274.965210 0.000000 0.720726 0.000000 0.693220 0.721981 0.721981 0.721981
5181.243652 0.000000 1277.234985 0.000000 0.105212 0.000000 0.994450 0.650737 0.650737 0.650737
5169.687500 0.000000 1249.728638 0.000000 0.415167 0.000000 -0.909745 0.916391 0.916391 0.916391
5171.676270 0.000000 1248.042969 0.000000 0.987533 0.000000 -0.157414 0.816101 0.816101 0.816101
5181.677246 0.000000 1279.569946 0.000000 0.487738 0.000000 -0.872990 0.908103 0.908103 0.908103
5170.104492 0.000000 1258.707397 0.000000 0.992400 0.000000 0.123052 0.787434 0.787434 0.787434
5183.562012 0.000000 1272.520508 0.000000 0.912627 0.000000 -0.408793 0.842896 0.842896 0.842896
5180.601074 0.000000 1279.923340 0.000000 0.398708 0.000000 -0.917078 0.918227 0.918227 0.918227
5194.484375 0.000000 1245.530396 0.000000 0.438335 0.000000 -0.898812 0.800000 0.800000 0.800000
5188.083496 0.000000 1230.666748 0.000000 0.950435 0.000000 -0.310925 0.832204 0.832204 0.832204
5192.221191 0.000000 1238.684937 0.000000 0.968531 0.000000 -0.248893 0.825621 0.825621 0.825621
5189.686523 0.000000 1234.909302 0.000000 0.796622 0.000000 0.604478 0.800000 0.800000 0.800000
5195.836914 0.000000 1241.214233 0.000000 0.749480 0.000000 0.662027 0.800000 0.800000 0.800000
5191.792480 0.000000 1232.479248 0.000000 0.888354 0.000000 0.459160 0.751408 0.751408 0.751408
5188.128418 0.000000 1237.752075 0.000000 0.445943 0.000000 -0.895061 0.800000 0.800000 0.800000
5193.041504 0.000000 1242.228638 0.000000 0.657530 0.000000 0.753429 0.713087 0.713087 0.713087
5192.185059 0.000000 1247.080200 0.000000 0.910041 0.000000 -0.414518 0.843536 0.843536 0.843536
5186.680176 0.000000 1228.167236 0.000000 0.477775 0.000000 0.878482 0.800000 0.800000 0.800000
5190.820312 0.000000 1240.960938 0.000000 0.545186 0.000000 -0.838315 0.800000 0.800000 0.800000
5191.521973 0.000000 1236.382935 0.000000 0.989154 0.000000 0.146879 0.784985 0.784985 0.784985
5189.062500 0.000000 1228.391846 0.000000 0.418276 0.000000 0.908320 0.800000 0.800000 0.800000
5189.313965 0.000000 1232.662354 0.000000 0.038937 0.000000 -0.999242 0.956033 0.956033 0.956033
5193.921875 0.000000 1240.186157 0.000000 0.381426 0.000000 -0.924399 0.920139 0.920139 0.920139
5190.273438 0.000000 1230.596924 0.000000 0.203081 0.000000 0.979162 0.800000 0.800000 0.800000
5190.105957 0.000000 1238.550537 0.000000 0.576739 0.000000 -0.816928 0.897384 0.897384 0.897384
5194.937500 0.000000 1243.137207 0.000000 0.994322 0.000000 -0.106409 0.800000 0.800000 0.800000
5192.626953 0.000000 1244.834717 0.000000 0.886649 0.000000 -0.462443 0.800000 0.800000 0.800000
5193.355957 0.000000 1237.099243 0.000000 0.980689 0.000000 0.195575 0.800000 0.800000 0.800000
5194.949219 0.000000 1247.362671 0.000000 0.961424 0.000000 0.275070 0.800000 0.800000 0.800000
5189.716797 0.000000 1236.723511 0.000000 0.895744 0.000000 0.444571 0.800000 0.800000 0.800000
5190.020020 0.000000 1242.623779 0.000000 0.735671 0.000000 -0.677339 0.800000 0.800000 0.800000
5188.093262 0.000000 1234.067139 0.000000 0.992329 0.000000 0.123627 0.800000 0.800000 0.800000
5188.183105 0.000000 1235.820801 0.000000 0.506064 0.000000 0.862496 0.800000 0.800000 0.800000
5190.640625 0.000000 1233.559204 0.000000 0.961233 0.000000 0.275738 0.771545 0.771545 0.771545
5192.372559 0.000000 1240.508911 0.000000 0.148416 0.000000 0.988925 0.655174 0.655174 0.655174
5191.569336 0.000000 1242.779663 0.000000 0.328949 0.000000 0.944348 0.800000 0.800000 0.800000
5186.875000 0.000000 1229.760010 0.000000 0.429511 0.000000 -0.903062 0.800000 0.800000 0.800000
5193.604004 0.000000 1243.708252 0.000000 0.369123 0.000000 -0.929381 0.921491 0.921491 0.921491
5193.618652 0.000000 1246.842651 0.000000 0.939262 0.000000 0.343202 0.764316 0.764316 0.764316
5193.684082 0.000000 1238.773315 0.000000 0.992435 0.000000 0.122770 0.787463 0.787463 0.787463
5191.151855 0.000000 1239.584961 0.000000 0.770750 0.000000 -0.637138 0.870362 0.870362 0.870362
5191.217285 0.000000 1237.776978 0.000000 0.950903 0.000000 0.309488 0.767950 0.767950 0.767950
5188.083008 0.000000 1232.007202 0.000000 0.995076 0.000000 -0.099117 0.810113 0.810113 0.810113
5189.204590 0.000000 1231.309937 0.000000 0.862062 0.000000 0.506804 0.745865 0.745865 0.745865
5189.374512 0.000000 1233.816406 0.000000 0.999925 0.000000 -0.012230 0.801246 0.801246 0.801246
5193.259277 0.000000 1241.130737 0.000000 0.325596 0.000000 0.945509 0.673781 0.673781 0.673781
5184.987305 0.000000 1269.511475 0.000000 0.219703 0.000000 -0.975567 0.800000 0.800000 0.800000
5192.532227 0.000000 1256.712158 0.000000 0.658924 0.000000 0.752209 0.800000 0.800000 0.800000
5194.786621 0.000000 1248.178833 0.000000 0.818191 0.000000 0.574947 0.737607 0.737607 0.737607
5196.507324 0.000000 1259.169922 0.000000 0.263762 0.000000 -0.964588 0.800000 0.800000 0.800000
5193.818359 0.000000 1252.514404 0.000000 0.543824 0.000000 -0.839199 0.800000 0.800000 0.800000
5184.250000 0.000000 1273.564819 0.000000 0.741091 0.000000 -0.671404 0.800000 0.800000 0.800000
5195.363281 0.000000 1255.162964 0.000000 0.877119 0.000000 -0.480274 0.851028 0.851028 0.851028
5192.295410 0.000000 1249.879517 0.000000 0.663333 0.000000 0.748325 0.713875 0.713875 0.713875
5195.740234 0.000000 1250.653809 0.000000 0.097530 0.000000 0.995233 0.649950 0.649950 0.649950
5194.750488 0.000000 1261.136230 0.000000 0.732565 0.000000 0.680697 0.800000 0.800000 0.800000
5193.937012 0.000000 1258.743164 0.000000 0.870556 0.000000 -0.492070 0.852403 0.852403 0.852403
5185.881836 0.000000 1271.758057 0.000000 0.391443 0.000000 0.920202 0.800000 0.800000 0.800000
5197.081055 0.000000 1261.754883 0.000000 0.751271 0.000000 -0.659993 0.800000 0.800000 0.800000
5196.300293 0.000000 1253.050049 0.000000 0.868425 0.000000 -0.495821 0.800000 0.800000 0.800000
5195.514160 0.000000 1257.306763 0.000000 0.974107 0.000000 -0.226089 0.823230 0.823230 0.823230
5196.803223 0.000000 1248.067993 0.000000 0.947582 0.000000 0.319512 0.800000 0.800000 0.800000
5192.128906 0.000000 1251.728271 0.000000 0.709873 0.000000 0.704330 0.800000 0.800000 0.800000
5184.139160 0.000000 1271.112183 0.000000 0.596599 0.000000 -0.802539 0.800000 0.800000 0.800000
5197.515625 0.000000 1250.147339 0.000000 0.795301 0.000000 0.606214 0.800000 0.800000 0.800000
5193.937500 0.000000 1250.556641 0.000000 0.864640 0.000000 -0.502392 0.800000 0.800000 0.800000
5192.430176 0.000000 1259.637329 0.000000 0.339865 0.000000 0.940474 0.675322 0.675322 0.675322
5197.696777 0.000000 1254.164185 0.000000 0.817013 0.000000 0.576620 0.737399 0.737399 0.737399
5197.047852 0.000000 1256.605469 0.000000 0.428856 0.000000 -0.903373 0.800000 0.800000 0.800000
5194.195801 0.000000 1256.319580 0.000000 0.952201 0.000000 -0.305474 0.831621 0.831621 0.831621
5193.268066 0.000000 1248.610107 0.000000 0.741025 0.000000 0.671478 0.725011 0.725011 0.725011
5194.891602 0.000000 1253.670898 0.000000 0.957340 0.000000 0.288964 0.770141 0.770141 0.770141
5192.221191 0.000000 1258.161499 0.000000 0.414792 0.000000 0.909916 0.683567 0.683567 0.683567
5195.220703 0.000000 1252.058594 0.000000 0.579261 0.000000 0.815142 0.702931 0.702931 0.702931
5195.867676 0.000000 1249.202515 0.000000 0.080985 0.000000 -0.996715 0.951742 0.951742 0.951742
5195.075684 0.000000 1259.677734 0.000000 0.626856 0.000000 -0.779135 0.890989 0.890989 0.890989
5194.348145 0.000000 1249.366211 0.000000 0.755072 0.000000 0.655642 0.727167 0.727167 0.727167
5195.071289 0.000000 1258.469604 0.000000 0.804788 0.000000 0.593563 0.735271 0.735271 0.735271
5194.348145 0.000000 1254.739502 0.000000 0.703356 0.000000 -0.710838 0.880539 0.880539 0.880539
5168.895020 0.000000 1290.459717 0.000000 0.983678 0.000000 0.179940 0.800000 0.800000 0.800000
5181.208008 0.000000 1286.763794 0.000000 0.900047 0.000000 -0.435793 0.845930 0.845930 0.845930
5181.637695 0.000000 1293.300781 0.000000 0.795269 0.000000 0.606257 0.733654 0.733654 0.733654
5182.231934 0.000000 1301.910522 0.000000 0.580593 0.000000 0.814194 0.703097 0.703097 0.703097
5167.467285 0.000000 1294.134033 0.000000 0.420479 0.000000 0.907302 0.800000 0.800000 0.800000
5182.638184 0.000000 1298.081055 0.000000 0.957698 0.000000 -0.287774 0.829733 0.829733 0.829733
5179.688477 0.000000 1290.264893 0.000000 0.111353 0.000000 0.993781 0.800000 0.800000 0.800000
5167.359863 0.000000 1297.909424 0.000000 0.714945 0.000000 -0.699181 0.878865 0.878865 0.878865
5181.834961 0.000000 1283.189209 0.000000 0.873339 0.000000 -0.487113 0.851824 0.851824 0.851824
5178.444336 0.000000 1283.654053 0.000000 0.488861 0.000000 0.872362 0.800000 0.800000 0.800000
5182.717773 0.000000 1290.415527 0.000000 0.609611 0.000000 0.792701 0.706776 0.706776 0.706776
5168.835938 0.000000 1300.439819 0.000000 0.995182 0.000000 0.098050 0.789997 0.789997 0.789997
5180.349609 0.000000 1299.803589 0.000000 0.972723 0.000000 -0.231971 0.800000 0.800000 0.800000
5178.228027 0.000000 1292.555420 0.000000 0.910464 0.000000 -0.413588 0.800000 0.800000 0.800000
5181.393555 0.000000 1295.808228 0.000000 0.773385 0.000000 -0.633936 0.800000 0.800000 0.800000
5169.465332 0.000000 1292.796753 0.000000 0.842834 0.000000 -0.538173 0.857883 0.857883 0.857883
5166.810547 0.000000 1291.831421 0.000000 0.977593 0.000000 -0.210505 0.800000 0.800000 0.800000
5169.166992 0.000000 1305.831421 0.000000 0.078830 0.000000 -0.996888 0.800000 0.800000 0.800000
5183.132812 0.000000 1285.350342 0.000000 0.954571 0.000000 -0.297984 0.800000 0.800000 0.800000
5183.139160 0.000000 1287.961670 0.000000 0.983684 0.000000 -0.179906 0.818425 0.818425 0.818425
5168.561035 0.000000 1296.060791 0.000000 0.931106 0.000000 -0.364749 0.838030 0.838030 0.838030
5178.989258 0.000000 1286.111938 0.000000 0.325285 0.000000 -0.945616 0.800000 0.800000 0.800000
5183.804688 0.000000 1303.430420 0.000000 0.987754 0.000000 -0.156018 0.800000 0.800000 0.800000
5183.486328 0.000000 1294.729858 0.000000 0.928064 0.000000 0.372422 0.761129 0.761129 0.761129
5169.991211 0.000000 1298.651855 0.000000 0.802115 0.000000 -0.597170 0.865187 0.865187 0.865187
5183.156738 0.000000 1300.075439 0.000000 0.961398 0.000000 0.275162 0.771606 0.771606 0.771606
5179.545410 0.000000 1288.090576 0.000000 0.077064 0.000000 -0.997026 0.800000 0.800000 0.800000
5180.015625 0.000000 1282.344360 0.000000 0.759225 0.000000 -0.650828 0.872185 0.872185 0.872185
5180.344727 0.000000 1284.531372 0.000000 0.500435 0.000000 -0.865774 0.906615 0.906615 0.906615
5183.356934 0.000000 1292.235718 0.000000 0.575073 0.000000 0.818102 0.702408 0.702408 0.702408
5181.257812 0.000000 1289.213013 0.000000 0.919320 0.000000 0.393510 0.758803 0.758803 0.758803
5181.113770 0.000000 1291.523193 0.000000 0.999900 0.000000 0.014120 0.798562 0.798562 0.798562
5167.044922 0.000000 1299.861572 0.000000 0.548851 0.000000 0.835921 0.699179 0.699179 0.699179
5179.785645 0.000000 1293.631348 0.000000 0.996565 0.000000 -0.082812 0.800000 0.800000 0.800000
5168.863281 0.000000 1303.367554 0.000000 0.912564 0.000000 0.408935 0.757088 0.757088 0.757088
5181.178223 0.000000 1280.849121 0.000000 0.254482 0.000000 -0.967078 0.933790 0.933790 0.933790
5178.002930 0.000000 1290.849609 0.000000 0.678873 0.000000 0.734256 0.800000 0.800000 0.800000
5182.976074 0.000000 1296.349609 0.000000 0.800285 0.000000 0.599620 0.800000 0.800000 0.800000
5168.966309 0.000000 1294.535278 0.000000 0.055444 0.000000 -0.998462 0.954350 0.954350 0.954350
5169.093262 0.000000 1297.454834 0.000000 0.933336 0.000000 -0.359004 0.837403 0.837403 0.837403
5169.320312 0.000000 1301.914795 0.000000 0.088109 0.000000 -0.996111 0.951014 0.951014 0.951014
5183.846191 0.000000 1289.276733 0.000000 0.465532 0.000000 0.885031 0.689324 0.689324 0.689324
5168.420410 0.000000 1298.911011 0.000000 0.942417 0.000000 0.334439 0.765265 0.765265 0.765265
5181.816406 0.000000 1284.696777 0.000000 0.863632 0.000000 -0.504123 0.853819 0.853819 0.853819
5167.205078 0.000000 1296.470947 0.000000 0.984253 0.000000 -0.176766 0.818100 0.818100 0.818100
5182.583008 0.000000 1286.606567 0.000000 0.918317 0.000000 -0.395845 0.841455 0.841455 0.841455
5182.147461 0.000000 1294.520508 0.000000 0.295450 0.000000 0.955358 0.670550 0.670550 0.670550
5183.972656 0.000000 1290.840454 0.000000 0.347319 0.000000 -0.937747 0.923869 0.923869 0.923869
5181.720215 0.000000 1287.972534 0.000000 0.844791 0.000000 -0.535097 0.857512 0.857512 0.857512
5183.096191 0.000000 1293.502441 0.000000 0.031670 0.000000 -0.999498 0.956774 0.956774 0.956774
5180.249512 0.000000 1285.918701 0.000000 0.933895 0.000000 0.357547 0.762756 0.762756 0.762756
5182.625977 0.000000 1289.086792 0.000000 0.172875 0.000000 0.984944 0.657698 0.657698 0.657698
5181.661621 0.000000 1281.982300 0.000000 0.646393 0.000000 0.763005 0.711591 0.711591 0.711591
5182.325195 0.000000 1291.604370 0.000000 0.864635 0.000000 -0.502401 0.853616 0.853616 0.853616
5181.542969 0.000000 1290.371826 0.000000 0.474511 0.000000 -0.880250 0.909640 0.909640 0.909640
5180.006836 0.000000 1287.037354 0.000000 0.696126 0.000000 -0.717920 0.881570 0.881570 0.881570
5166.564941 0.000000 1298.729614 0.000000 0.256065 0.000000 0.966659 0.666376 0.666376 0.666376
5180.629395 0.000000 1292.767944 0.000000 0.801549 0.000000 -0.597929 0.865283 0.865283 0.865283
5180.625977 0.000000 1288.281860 0.000000 0.904149 0.000000 0.427217 0.755038 0.755038 0.755038
5180.738281 0.000000 1283.239258 0.000000 0.601531 0.000000 -0.798849 0.894258 0.894258 0.894258
5181.751465 0.000000 1285.802368 0.000000 0.948309 0.000000 0.317348 0.767106 0.767106 0.767106
5180.194824 0.000000 1289.331177 0.000000 0.859277 0.000000 0.511510 0.745308 0.745308 0.745308
5180.112793 0.000000 1281.279053 0.000000 0.306928 0.000000 0.951733 0.671776 0.671776 0.671776
5177.850586 0.000000 1330.422363 0.000000 0.635635 0.000000 -0.771990 0.889836 0.889836 0.889836
5182.278320 0.000000 1342.367676 0.000000 0.804490 0.000000 -0.593966 0.800000 0.800000 0.800000
5178.762207 0.000000 1327.116089 0.000000 0.384121 0.000000 0.923283 0.800000 0.800000 0.800000
5174.609375 0.000000 1330.199951 0.000000 0.828527 0.000000 0.559949 0.800000 0.800000 0.800000
5177.373047 0.000000 1332.834229 0.000000 0.945005 0.000000 -0.327055 0.800000 0.800000 0.800000
5179.976074 0.000000 1329.555908 0.000000 0.373299 0.000000 -0.927711 0.800000 0.800000 0.800000
5176.831543 0.000000 1328.414062 0.000000 0.325236 0.000000 -0.945633 0.926258 0.926258 0.926258
5176.985840 0.000000 1326.133301 0.000000 0.188244 0.000000 -0.982122 0.800000 0.800000 0.800000
5179.794434 0.000000 1333.787598 0.000000 0.999885 0.000000 0.015185 0.798453 0.798453 0.798453
5176.048828 0.000000 1331.469727 0.000000 0.998486 0.000000 -0.055005 0.805606 0.805606 0.805606
5178.438965 0.000000 1328.730713 0.000000 0.958863 0.000000 -0.283869 0.800000 0.800000 0.800000
5178.728516 0.000000 1331.922974 0.000000 0.999560 0.000000 0.029670 0.796977 0.796977 0.796977
5176.145020 0.000000 1329.820312 0.000000 0.711487 0.000000 0.702700 0.720633 0.720633 0.720633
5183.500000 0.000000 1343.470337 0.000000 0.887024 0.000000 -0.461723 0.800000 0.800000 0.800000
5179.178711 0.000000 1330.601562 0.000000 0.047027 0.000000 0.998894 0.644792 0.644792 0.644792
5178.438477 0.000000 1333.825317 0.000000 0.845893 0.000000 0.533352 0.742698 0.742698 0.742698
5177.319336 0.000000 1331.603271 0.000000 0.557232 0.000000 -0.830357 0.899796 0.899796 0.899796
5179.540039 0.000000 1332.708740 0.000000 0.037414 0.000000 0.999300 0.643812 0.643812 0.643812
5195.488281 0.000000 1295.720581 0.000000 0.970267 0.000000 0.242037 0.800000 0.800000 0.800000
5184.987305 0.000000 1301.511475 0.000000 0.879544 0.000000 0.475818 0.749489 0.749489 0.749489
5192.103516 0.000000 1293.298096 0.000000 0.995236 0.000000 0.097492 0.790054 0.790054 0.790054
5184.250000 0.000000 1305.564819 0.000000 0.285705 0.000000 -0.958318 0.930487 0.930487 0.930487
5193.813965 0.000000 1299.114990 0.000000 0.872029 0.000000 0.489455 0.747903 0.747903 0.747903
5191.792480 0.000000 1296.479248 0.000000 0.652138 0.000000 -0.758101 0.887639 0.887639 0.887639
5194.750488 0.000000 1293.136230 0.000000 0.862788 0.000000 0.505565 0.800000 0.800000 0.800000
5185.881836 0.000000 1303.758057 0.000000 0.984977 0.000000 -0.172687 0.817678 0.817678 0.817678
5184.165527 0.000000 1299.417603 0.000000 0.825047 0.000000 0.565063 0.800000 0.800000 0.800000
5190.273438 0.000000 1294.596924 0.000000 0.908671 0.000000 0.417512 0.800000 0.800000 0.800000
5193.479492 0.000000 1294.981323 0.000000 0.757922 0.000000 0.652345 0.727611 0.727611 0.727611
5193.966797 0.000000 1297.065552 0.000000 0.790173 0.000000 0.612884 0.732803 0.732803 0.732803
5193.355957 0.000000 1301.099243 0.000000 0.216009 0.000000 0.976391 0.662177 0.662177 0.662177
5192.032227 0.000000 1298.350952 0.000000 0.761793 0.000000 0.647820 0.728218 0.728218 0.728218
5184.139160 0.000000 1303.112183 0.000000 0.710702 0.000000 -0.703494 0.879481 0.879481 0.879481
5187.667480 0.000000 1303.368164 0.000000 0.633553 0.000000 0.773699 0.800000 0.800000 0.800000
5190.640625 0.000000 1297.559204 0.000000 0.956109 0.000000 0.293010 0.769710 0.769710 0.769710
5190.650879 0.000000 1292.563354 0.000000 0.786772 0.000000 0.617244 0.800000 0.800000 0.800000
5186.465332 0.000000 1302.346924 0.000000 0.860327 0.000000 -0.509742 0.800000 0.800000 0.800000
5186.733887 0.000000 1305.056030 0.000000 0.950611 0.000000 -0.310386 0.832147 0.832147 0.832147
5185.448730 0.000000 1300.006348 0.000000 0.473669 0.000000 -0.880703 0.909737 0.909737 0.909737
5192.593262 0.000000 1299.610474 0.000000 0.944395 0.000000 -0.328812 0.834127 0.834127 0.834127
5185.531738 0.000000 1305.492432 0.000000 0.999972 0.000000 -0.007469 0.800761 0.800761 0.800761
5184.737793 0.000000 1304.350952 0.000000 0.466539 0.000000 -0.884501 0.910560 0.910560 0.910560
5184.042480 0.000000 1300.646240 0.000000 0.995462 0.000000 0.095156 0.790293 0.790293 0.790293
5193.063965 0.000000 1296.180298 0.000000 0.264757 0.000000 -0.964315 0.932707 0.932707 0.932707
5192.803223 0.000000 1297.394287 0.000000 0.133161 0.000000 0.991094 0.653604 0.653604 0.653604
5185.259277 0.000000 1302.735352 0.000000 0.671539 0.000000 -0.740969 0.885003 0.885003 0.885003
5193.618164 0.000000 1298.069458 0.000000 0.878523 0.000000 0.477700 0.749271 0.749271 0.749271
5202.604980 0.000000 1334.964844 0.000000 0.043042 0.000000 0.999073 0.800000 0.800000 0.800000
5189.689453 0.000000 1312.395264 0.000000 0.033700 0.000000 0.999432 0.643433 0.643433 0.643433
5200.895020 0.000000 1322.459717 0.000000 0.655050 0.000000 0.755586 0.800000 0.800000 0.800000
5199.659668 0.000000 1339.973877 0.000000 0.460589 0.000000 0.887614 0.800000 0.800000 0.800000
5196.507324 0.000000 1323.169922 0.000000 0.569976 0.000000 0.821661 0.800000 0.800000 0.800000
5198.386230 0.000000 1319.658569 0.000000 0.987063 0.000000 -0.160332 0.800000 0.800000 0.800000
5203.479004 0.000000 1338.200806 0.000000 0.671970 0.000000 -0.740579 0.884943 0.884943 0.884943
5184.050293 0.000000 1342.543213 0.000000 0.123585 0.000000 -0.992334 0.800000 0.800000 0.800000
5187.392090 0.000000 1314.345947 0.000000 0.903023 0.000000 -0.429592 0.845230 0.845230 0.845230
5186.786621 0.000000 1343.978394 0.000000 0.576012 0.000000 -0.817441 0.800000 0.800000 0.800000
5198.810547 0.000000 1323.831421 0.000000 0.239697 0.000000 -0.970848 0.935345 0.935345 0.935345
5201.166992 0.000000 1337.831421 0.000000 0.990562 0.000000 -0.137062 0.814005 0.814005 0.814005
5198.213867 0.000000 1321.784546 0.000000 0.476464 0.000000 0.879194 0.690586 0.690586 0.690586
5186.060547 0.000000 1312.627319 0.000000 0.984493 0.000000 -0.175424 0.817962 0.817962 0.817962
5200.224609 0.000000 1320.540039 0.000000 0.085529 0.000000 -0.996336 0.951277 0.951277 0.951277
5198.784668 0.000000 1341.668091 0.000000 0.925452 0.000000 -0.378864 0.800000 0.800000 0.800000
5187.888672 0.000000 1312.005737 0.000000 0.962838 0.000000 -0.270081 0.827856 0.827856 0.827856
5200.863281 0.000000 1335.367554 0.000000 0.260352 0.000000 -0.965514 0.800000 0.800000 0.800000
5203.362793 0.000000 1336.532715 0.000000 0.647422 0.000000 0.762132 0.711729 0.711729 0.711729
5200.638672 0.000000 1318.836548 0.000000 0.946834 0.000000 -0.321722 0.800000 0.800000 0.800000
5197.047852 0.000000 1320.605469 0.000000 0.780684 0.000000 -0.624926 0.800000 0.800000 0.800000
5185.893555 0.000000 1342.636963 0.000000 0.229361 0.000000 0.973341 0.800000 0.800000 0.800000
5199.578613 0.000000 1338.102539 0.000000 0.867074 0.000000 0.498179 0.800000 0.800000 0.800000
5201.285645 0.000000 1339.556274 0.000000 0.137157 0.000000 -0.990549 0.945985 0.945985 0.945985
5188.938477 0.000000 1313.883423 0.000000 0.200941 0.000000 0.979603 0.660608 0.660608 0.660608
5200.834961 0.000000 1341.049438 0.000000 0.399305 0.000000 -0.916818 0.800000 0.800000 0.800000
5187.676758 0.000000 1342.721313 0.000000 0.907753 0.000000 0.419506 0.800000 0.800000 0.800000
5188.640625 0.000000 1315.341309 0.000000 0.029687 0.000000 0.999559 0.643024 0.643024 0.643024
5201.892578 0.000000 1336.559692 0.000000 0.997197 0.000000 -0.074818 0.807628 0.807628 0.807628
5199.455566 0.000000 1322.427612 0.000000 0.029643 0.000000 0.999561 0.643020 0.643020 0.643020
5203.582520 0.000000 1339.603271 0.000000 0.019727 0.000000 0.999805 0.642010 0.642010 0.642010
5201.784668 0.000000 1321.435547 0.000000 0.684310 0.000000 -0.729191 0.883233 0.883233 0.883233
5202.240723 0.000000 1338.538330 0.000000 0.611324 0.000000 -0.791381 0.893004 0.893004 0.893004
5198.999023 0.000000 1320.825806 0.000000 0.430693 0.000000 0.902498 0.685354 0.685354 0.685354
5200.469727 0.000000 1336.811768 0.000000 0.983560 0.000000 0.180581 0.781505 0.781505 0.781505
5187.249512 0.000000 1313.137329 0.000000 0.450435 0.000000 0.892809 0.687594 0.687594 0.687594
5200.456543 0.000000 1338.766113 0.000000 0.036200 0.000000 -0.999345 0.956312 0.956312 0.956312
5200.195312 0.000000 1321.648560 0.000000 0.751714 0.000000 -0.659489 0.873353 0.873353 0.873353
5218.780762 0.000000 1341.285156 0.000000 0.999704 0.000000 0.024327 0.800000 0.800000 0.800000
5220.083496 0.000000 1326.666748 0.000000 0.873392 0.000000 -0.487017 0.851813 0.851813 0.851813
5221.686523 0.000000 1330.909302 0.000000 0.799253 0.000000 0.600994 0.800000 0.800000 0.800000
5223.792480 0.000000 1328.479248 0.000000 0.986508 0.000000 0.163712 0.783249 0.783249 0.783249
5216.050293 0.000000 1342.543213 0.000000 0.926094 0.000000 -0.377293 0.839406 0.839406 0.839406
5221.181152 0.000000 1342.856445 0.000000 0.491083 0.000000 0.871113 0.800000 0.800000 0.800000
5218.786621 0.000000 1343.978394 0.000000 0.999431 0.000000 -0.033725 0.803436 0.803436 0.803436
5220.362793 0.000000 1339.354004 0.000000 0.860142 0.000000 0.510055 0.800000 0.800000 0.800000
5223.521973 0.000000 1332.382935 0.000000 0.662383 0.000000 -0.749165 0.886254 0.886254 0.886254
5221.062500 0.000000 1324.391846 0.000000 0.999463 0.000000 -0.032772 0.803339 0.803339 0.803339
5221.313965 0.000000 1328.662354 0.000000 0.665898 0.000000 -0.746042 0.800000 0.800000 0.800000
5218.246094 0.000000 1338.551270 0.000000 0.992753 0.000000 0.120170 0.800000 0.800000 0.800000
5222.273438 0.000000 1326.596924 0.000000 0.336070 0.000000 0.941837 0.674911 0.674911 0.674911
5220.581055 0.000000 1341.118164 0.000000 0.606210 0.000000 -0.795305 0.893661 0.893661 0.893661
5220.093262 0.000000 1330.067139 0.000000 0.041140 0.000000 0.999153 0.800000 0.800000 0.800000
5220.183105 0.000000 1331.820801 0.000000 0.744871 0.000000 -0.667208 0.800000 0.800000 0.800000
5217.893555 0.000000 1342.636963 0.000000 0.274777 0.000000 0.961508 0.668353 0.668353 0.668353
5222.640625 0.000000 1329.559204 0.000000 0.379027 0.000000 0.925385 0.679597 0.679597 0.679597
5222.650879 0.000000 1324.563354 0.000000 0.091572 0.000000 0.995798 0.800000 0.800000 0.800000
5219.676758 0.000000 1342.721313 0.000000 0.991255 0.000000 0.131960 0.786519 0.786519 0.786519
5223.752441 0.000000 1326.923462 0.000000 0.943661 0.000000 0.330914 0.765646 0.765646 0.765646
5223.217285 0.000000 1333.776978 0.000000 0.866355 0.000000 -0.499428 0.853266 0.853266 0.853266
5222.549805 0.000000 1327.987061 0.000000 0.986549 0.000000 0.163466 0.783274 0.783274 0.783274
5221.204590 0.000000 1327.309937 0.000000 0.884217 0.000000 0.467077 0.750498 0.750498 0.750498
5222.908691 0.000000 1331.228516 0.000000 0.850966 0.000000 -0.525220 0.856325 0.856325 0.856325
5216.928711 0.000000 1343.582031 0.000000 0.259181 0.000000 0.965829 0.666705 0.666705 0.666705
5180.322754 0.000000 1370.183716 0.000000 0.994007 0.000000 0.109315 0.788843 0.788843 0.788843
5182.278320 0.000000 1374.367676 0.000000 0.289550 0.000000 0.957163 0.669922 0.669922 0.669922
5183.086914 0.000000 1369.549561 0.000000 0.117757 0.000000 0.993042 0.800000 0.800000 0.800000
5182.826660 0.000000 1344.403198 0.000000 0.994241 0.000000 0.107164 0.800000 0.800000 0.800000
5182.364258 0.000000 1371.971680 0.000000 0.229471 0.000000 0.973315 0.663584 0.663584 0.663584
5180.635254 0.000000 1374.694336 0.000000 0.221615 0.000000 0.975134 0.800000 0.800000 0.800000
5182.265625 0.000000 1368.111206 0.000000 0.745260 0.000000 -0.666773 0.800000 0.800000 0.800000
5183.549805 0.000000 1373.235229 0.000000 0.996923 0.000000 -0.078385 0.807992 0.807992 0.807992
5183.500000 0.000000 1375.470337 0.000000 0.100278 0.000000 -0.994959 0.949769 0.949769 0.949769
5181.824219 0.000000 1370.520142 0.000000 0.401561 0.000000 0.915832 0.682090 0.682090 0.682090
5180.832031 0.000000 1371.623779 0.000000 0.085214 0.000000 -0.996363 0.951310 0.951310 0.951310
5183.466797 0.000000 1370.965210 0.000000 0.982965 0.000000 0.183794 0.781172 0.781172 0.781172
5181.243652 0.000000 1373.234985 0.000000 0.998930 0.000000 0.046245 0.795288 0.795288 0.795288
5182.826660 0.000000 1376.403198 0.000000 0.980553 0.000000 -0.196254 0.800000 0.800000 0.800000
5183.681152 0.000000 1379.447632 0.000000 0.197901 0.000000 0.980222 0.800000 0.800000 0.800000
5182.987305 0.000000 1378.009277 0.000000 0.301155 0.000000 -0.953575 0.800000 0.800000 0.800000
5209.850586 0.000000 1362.422363 0.000000 0.715952 0.000000 0.698149 0.800000 0.800000 0.800000
5192.532227 0.000000 1352.712158 0.000000 0.880704 0.000000 -0.473668 0.850262 0.850262 0.850262
5188.083496 0.000000 1358.666748 0.000000 0.640489 0.000000 0.767967 0.800000 0.800000 0.800000
5184.183594 0.000000 1345.648682 0.000000 0.933735 0.000000 -0.357966 0.837290 0.837290 0.837290
5206.825195 0.000000 1370.234253 0.000000 0.685881 0.000000 0.727713 0.716987 0.716987 0.716987
5188.835938 0.000000 1349.125488 0.000000 0.886820 0.000000 0.462115 0.751069 0.751069 0.751069
5209.183105 0.000000 1374.203613 0.000000 0.779884 0.000000 -0.625924 0.868889 0.868889 0.868889
5193.818359 0.000000 1348.514404 0.000000 0.998281 0.000000 -0.058613 0.805974 0.805974 0.805974
5192.103516 0.000000 1357.298096 0.000000 0.010486 0.000000 -0.999945 0.958932 0.958932 0.958932
5188.398926 0.000000 1354.167725 0.000000 0.852558 0.000000 -0.522632 0.800000 0.800000 0.800000
5190.714355 0.000000 1372.230957 0.000000 0.982686 0.000000 0.185278 0.800000 0.800000 0.800000
5210.338867 0.000000 1367.165649 0.000000 0.980478 0.000000 0.196630 0.800000 0.800000 0.800000
5213.834961 0.000000 1347.189209 0.000000 0.627764 0.000000 0.778403 0.800000 0.800000 0.800000
5184.050293 0.000000 1374.543213 0.000000 0.548668 0.000000 0.836040 0.699157 0.699157 0.699157
5187.392090 0.000000 1346.345947 0.000000 0.614105 0.000000 -0.789224 0.892645 0.892645 0.892645
5209.589844 0.000000 1371.289551 0.000000 0.594338 0.000000 0.804215 0.704828 0.704828 0.704828
5212.349609 0.000000 1363.803589 0.000000 0.325027 0.000000 0.945705 0.800000 0.800000 0.800000
5206.474609 0.000000 1373.118042 0.000000 0.980257 0.000000 -0.197726 0.800000 0.800000 0.800000
5214.826660 0.000000 1344.403198 0.000000 0.997142 0.000000 -0.075544 0.800000 0.800000 0.800000
5189.927246 0.000000 1351.717529 0.000000 0.999396 0.000000 -0.034744 0.803540 0.803540 0.803540
5192.185059 0.000000 1375.080200 0.000000 0.115501 0.000000 -0.993307 0.948209 0.948209 0.948209
5211.829590 0.000000 1372.882324 0.000000 0.737596 0.000000 0.675242 0.724492 0.724492 0.724492
5191.368652 0.000000 1349.585327 0.000000 0.398533 0.000000 0.917154 0.800000 0.800000 0.800000
5190.830566 0.000000 1354.974487 0.000000 0.969136 0.000000 0.246528 0.774627 0.774627 0.774627
5187.293457 0.000000 1351.879272 0.000000 0.998035 0.000000 0.062661 0.800000 0.800000 0.800000
5193.937012 0.000000 1354.743164 0.000000 0.922286 0.000000 0.386509 0.759578 0.759578 0.759578
5209.373047 0.000000 1364.834229 0.000000 0.987612 0.000000 0.156917 0.800000 0.800000 0.800000
5212.687012 0.000000 1367.710327 0.000000 0.476763 0.000000 0.879032 0.690621 0.690621 0.690621
5189.062500 0.000000 1356.391846 0.000000 0.799228 0.000000 0.601028 0.800000 0.800000 0.800000
5215.132812 0.000000 1349.350342 0.000000 0.792097 0.000000 -0.610396 0.866877 0.866877 0.866877
5215.139160 0.000000 1351.961670 0.000000 0.198251 0.000000 -0.980151 0.800000 0.800000 0.800000
5190.273438 0.000000 1358.596924 0.000000 0.969779 0.000000 0.243986 0.774894 0.774894 0.774894
5193.479492 0.000000 1358.981323 0.000000 0.942557 0.000000 -0.334045 0.834692 0.834692 0.834692
5193.272949 0.000000 1350.693604 0.000000 0.995107 0.000000 -0.098801 0.810080 0.810080 0.810080
5210.053711 0.000000 1369.255005 0.000000 0.962448 0.000000 -0.271466 0.828003 0.828003 0.828003
5206.239258 0.000000 1375.347656 0.000000 0.979665 0.000000 -0.200640 0.800000 0.800000 0.800000
5204.979980 0.000000 1371.617798 0.000000 0.085732 0.000000 -0.996318 0.800000 0.800000 0.800000
5186.060547 0.000000 1344.627319 0.000000 0.306644 0.000000 -0.951824 0.800000 0.800000 0.800000
5212.015625 0.000000 1346.344360 0.000000 0.911454 0.000000 0.411402 0.800000 0.800000 0.800000
5211.794434 0.000000 1365.787598 0.000000 0.371811 0.000000 -0.928308 0.800000 0.800000 0.800000
5186.932617 0.000000 1349.660889 0.000000 0.154265 0.000000 0.988029 0.800000 0.800000 0.800000
5192.626953 0.000000 1372.834717 0.000000 0.844881 0.000000 -0.534954 0.800000 0.800000 0.800000
5208.048828 0.000000 1363.469727 0.000000 0.751919 0.000000 0.659255 0.800000 0.800000 0.800000
5185.607910 0.000000 1346.884888 0.000000 0.995958 0.000000 -0.089816 0.800000 0.800000 0.800000
5215.681152 0.000000 1347.447632 0.000000 0.185009 0.000000 0.982737 0.800000 0.800000 0.800000
5187.888672 0.000000 1344.005737 0.000000 0.471462 0.000000 0.881887 0.800000 0.800000 0.800000
5207.884277 0.000000 1371.793701 0.000000 0.927154 0.000000 0.374680 0.760881 0.760881 0.760881
5205.188477 0.000000 1369.717773 0.000000 0.406924 0.000000 0.913462 0.800000 0.800000 0.800000
5190.806641 0.000000 1373.964111 0.000000 0.585411 0.000000 0.810736 0.800000 0.800000 0.800000
5208.453613 0.000000 1369.787109 0.000000 0.946109 0.000000 -0.323848 0.800000 0.800000 0.800000
5191.581543 0.000000 1351.327881 0.000000 0.521147 0.000000 -0.853467 0.800000 0.800000 0.800000
5190.456055 0.000000 1353.303711 0.000000 0.931361 0.000000 0.364097 0.800000 0.800000 0.800000
5192.430176 0.000000 1355.637329 0.000000 0.792659 0.000000 0.609666 0.733217 0.733217 0.733217
5209.429199 0.000000 1375.939209 0.000000 0.143598 0.000000 -0.989636 0.945323 0.945323 0.945323
5187.270996 0.000000 1348.019043 0.000000 0.557283 0.000000 -0.830323 0.800000 0.800000 0.800000
5188.522949 0.000000 1350.759521 0.000000 0.429134 0.000000 -0.903241 0.914822 0.914822 0.914822
5185.893555 0.000000 1374.636963 0.000000 0.813043 0.000000 -0.582203 0.863299 0.863299 0.863299
5184.008301 0.000000 1347.433228 0.000000 0.997856 0.000000 0.065448 0.800000 0.800000 0.800000
5210.728516 0.000000 1363.922974 0.000000 0.993073 0.000000 -0.117495 0.800000 0.800000 0.800000
5184.384766 0.000000 1344.030273 0.000000 0.663908 0.000000 -0.747815 0.886047 0.886047 0.886047
5190.650879 0.000000 1356.563354 0.000000 0.621349 0.000000 0.783534 0.708293 0.708293 0.708293
5207.590820 0.000000 1374.342407 0.000000 0.930465 0.000000 0.366381 0.800000 0.800000 0.800000
5210.185547 0.000000 1372.829590 0.000000 0.609503 0.000000 0.792783 0.706762 0.706762 0.706762
5211.508301 0.000000 1368.722168 0.000000 0.332041 0.000000 0.943265 0.674476 0.674476 0.674476
5214.987305 0.000000 1346.009277 0.000000 0.652742 0.000000 0.757580 0.800000 0.800000 0.800000
5211.178223 0.000000 1371.461670 0.000000 0.489909 0.000000 -0.871773 0.907850 0.907850 0.907850
5190.268555 0.000000 1348.503174 0.000000 0.994982 0.000000 -0.100049 0.800000 0.800000 0.800000
5190.694336 0.000000 1375.479492 0.000000 0.961417 0.000000 0.275094 0.771613 0.771613 0.771613
5206.630859 0.000000 1368.743408 0.000000 0.997144 0.000000 0.075525 0.800000 0.800000 0.800000
5191.752441 0.000000 1358.923462 0.000000 0.989074 0.000000 0.147422 0.784929 0.784929 0.784929
5189.975098 0.000000 1350.218628 0.000000 0.714008 0.000000 -0.700138 0.879001 0.879001 0.879001
5192.221191 0.000000 1354.161499 0.000000 0.939839 0.000000 0.341619 0.764488 0.764488 0.764488
5213.172363 0.000000 1364.949585 0.000000 0.999911 0.000000 -0.013370 0.801362 0.801362 0.801362
5193.362793 0.000000 1356.692749 0.000000 0.064765 0.000000 0.997901 0.646602 0.646602 0.646602
5206.366699 0.000000 1371.552246 0.000000 0.790712 0.000000 -0.612188 0.867107 0.867107 0.867107
5208.281250 0.000000 1373.154663 0.000000 0.626827 0.000000 0.779159 0.709007 0.709007 0.709007
5192.678711 0.000000 1349.221802 0.000000 0.149985 0.000000 0.988688 0.655335 0.655335 0.655335
5213.012207 0.000000 1366.438599 0.000000 0.815090 0.000000 0.579334 0.737060 0.737060 0.737060
5208.182617 0.000000 1375.494263 0.000000 0.798114 0.000000 0.602506 0.734134 0.734134 0.734134
5193.609863 0.000000 1353.491943 0.000000 0.925142 0.000000 -0.379620 0.839662 0.839662 0.839662
5190.549805 0.000000 1359.987061 0.000000 0.930305 0.000000 0.366786 0.761747 0.761747 0.761747
5210.863770 0.000000 1373.927246 0.000000 0.921229 0.000000 -0.389021 0.840700 0.840700 0.840700
5210.974121 0.000000 1370.219482 0.000000 0.956710 0.000000 -0.291044 0.830081 0.830081 0.830081
5185.464355 0.000000 1345.697388 0.000000 0.988439 0.000000 0.151619 0.784496 0.784496 0.784496
5209.093262 0.000000 1372.344849 0.000000 0.411359 0.000000 0.911474 0.683183 0.683183 0.683183
5214.708984 0.000000 1348.024170 0.000000 0.199817 0.000000 0.979833 0.660491 0.660491 0.660491
5190.979492 0.000000 1357.660400 0.000000 0.091561 0.000000 0.995799 0.649339 0.649339 0.649339
5215.990723 0.000000 1348.607666 0.000000 0.875520 0.000000 -0.483182 0.851366 0.851366 0.851366
5207.797852 0.000000 1370.713623 0.000000 0.839312 0.000000 0.543651 0.741453 0.741453 0.741453
5216.750488 0.000000 1351.931519 0.000000 0.720587 0.000000 -0.693365 0.878039 0.878039 0.878039
5216.183594 0.000000 1345.648682 0.000000 0.999054 0.000000 -0.043482 0.804430 0.804430 0.804430
5217.156250 0.000000 1348.733643 0.000000 0.854488 0.000000 -0.519472 0.855639 0.855639 0.855639
5216.050293 0.000000 1374.543213 0.000000 0.391956 0.000000 0.919984 0.800000 0.800000 0.800000
5219.392090 0.000000 1346.345947 0.000000 0.670093 0.000000 0.742277 0.800000 0.800000 0.800000
5218.060547 0.000000 1344.627319 0.000000 0.928005 0.000000 -0.372568 0.800000 0.800000 0.800000
5218.932617 0.000000 1349.660889 0.000000 0.316975 0.000000 -0.948434 0.800000 0.800000 0.800000
5217.607910 0.000000 1346.884888 0.000000 0.979039 0.000000 -0.203673 0.820892 0.820892 0.820892
5219.888672 0.000000 1344.005737 0.000000 0.652584 0.000000 0.757716 0.800000 0.800000 0.800000
5216.006836 0.000000 1350.326660 0.000000 0.807604 0.000000 -0.589725 0.864244 0.864244 0.864244
5219.270996 0.000000 1348.019043 0.000000 0.120982 0.000000 0.992655 0.800000 0.800000 0.800000
5217.893555 0.000000 1374.636963 0.000000 0.899568 0.000000 -0.436780 0.800000 0.800000 0.800000
5216.008301 0.000000 1347.433228 0.000000 0.970920 0.000000 -0.239402 0.824624 0.824624 0.824624
5217.570801 0.000000 1350.543213 0.000000 0.741525 0.000000 -0.670925 0.874913 0.874913 0.874913
5216.384766 0.000000 1344.030273 0.000000 0.988891 0.000000 0.148640 0.784803 0.784803 0.784803
5205.494141 0.000000 1379.975830 0.000000 0.857590 0.000000 -0.514333 0.855027 0.855027 0.855027
5213.208008 0.000000 1382.763794 0.000000 0.218334 0.000000 0.975874 0.662420 0.662420 0.662420
5184.183594 0.000000 1377.648682 0.000000 0.211716 0.000000 0.977331 0.661730 0.661730 0.661730
5193.818359 0.000000 1380.514404 0.000000 0.014346 0.000000 0.999897 0.800000 0.800000 0.800000
5201.761719 0.000000 1381.575317 0.000000 0.945230 0.000000 -0.326405 0.833868 0.833868 0.833868
5207.776855 0.000000 1376.715942 0.000000 0.982474 0.000000 -0.186401 0.800000 0.800000 0.800000
5211.688477 0.000000 1386.264893 0.000000 0.336209 0.000000 0.941787 0.674926 0.674926 0.674926
5213.834961 0.000000 1379.189209 0.000000 0.262617 0.000000 -0.964900 0.800000 0.800000 0.800000
5187.392090 0.000000 1378.345947 0.000000 0.027790 0.000000 0.999614 0.800000 0.800000 0.800000
5192.295410 0.000000 1377.879517 0.000000 0.538290 0.000000 0.842760 0.697897 0.697897 0.697897
5214.826660 0.000000 1376.403198 0.000000 0.771471 0.000000 0.636264 0.729753 0.729753 0.729753
5202.714355 0.000000 1378.874390 0.000000 0.872482 0.000000 0.488646 0.747997 0.747997 0.747997
5191.368652 0.000000 1381.585327 0.000000 0.707640 0.000000 0.706574 0.800000 0.800000 0.800000
5207.880371 0.000000 1379.297852 0.000000 0.441932 0.000000 -0.897048 0.913374 0.913374 0.913374
5190.085938 0.000000 1378.963989 0.000000 0.999050 0.000000 0.043586 0.795559 0.795559 0.795559
5209.684082 0.000000 1384.959351 0.000000 0.346936 0.000000 -0.937889 0.800000 0.800000 0.800000
5200.428711 0.000000 1378.484985 0.000000 0.017291 0.000000 0.999851 0.641761 0.641761 0.641761
5215.132812 0.000000 1381.350342 0.000000 0.845772 0.000000 -0.533545 0.857325 0.857325 0.857325
5215.139160 0.000000 1383.961670 0.000000 0.491054 0.000000 0.871129 0.692284 0.692284 0.692284
5210.989258 0.000000 1382.111938 0.000000 0.784663 0.000000 -0.619922 0.800000 0.800000 0.800000
5186.060547 0.000000 1376.627319 0.000000 0.937043 0.000000 -0.349213 0.800000 0.800000 0.800000
5211.545410 0.000000 1384.090576 0.000000 0.561162 0.000000 0.827706 0.700687 0.700687 0.700687
5212.015625 0.000000 1378.344360 0.000000 0.469918 0.000000 -0.882710 0.800000 0.800000 0.800000
5212.344727 0.000000 1380.531372 0.000000 0.977805 0.000000 0.209519 0.778499 0.778499 0.778499
5206.376465 0.000000 1378.117065 0.000000 0.877651 0.000000 0.479300 0.749085 0.749085 0.749085
5191.702148 0.000000 1376.050537 0.000000 0.745109 0.000000 0.666943 0.800000 0.800000 0.800000
5213.257812 0.000000 1385.213013 0.000000 0.928188 0.000000 -0.372112 0.838837 0.838837 0.838837
5185.607910 0.000000 1378.884888 0.000000 0.207200 0.000000 -0.978299 0.938741 0.938741 0.938741
5213.113770 0.000000 1387.523193 0.000000 0.100747 0.000000 -0.994912 0.800000 0.800000 0.800000
5215.681152 0.000000 1379.447632 0.000000 0.926879 0.000000 0.375360 0.760806 0.760806 0.760806
5192.128906 0.000000 1379.728271 0.000000 0.302461 0.000000 -0.953162 0.928701 0.928701 0.928701
5187.888672 0.000000 1376.005737 0.000000 0.097881 0.000000 0.995198 0.800000 0.800000 0.800000
5200.537598 0.000000 1380.257935 0.000000 0.772957 0.000000 -0.634458 0.870009 0.870009 0.870009
5203.708496 0.000000 1380.376953 0.000000 0.960622 0.000000 -0.277858 0.828680 0.828680 0.828680
5193.937500 0.000000 1378.556641 0.000000 0.850928 0.000000 -0.525281 0.856333 0.856333 0.856333
5210.002930 0.000000 1386.849609 0.000000 0.768643 0.000000 -0.639678 0.870698 0.870698 0.870698
5204.375488 0.000000 1378.693115 0.000000 0.896064 0.000000 -0.443926 0.846853 0.846853 0.846853
5206.152832 0.000000 1376.035645 0.000000 0.726977 0.000000 0.686662 0.800000 0.800000 0.800000
5184.008301 0.000000 1379.433228 0.000000 0.920420 0.000000 -0.390930 0.840911 0.840911 0.840911
5184.384766 0.000000 1376.030273 0.000000 0.735010 0.000000 0.678056 0.724103 0.724103 0.724103
5193.268066 0.000000 1376.610107 0.000000 0.732190 0.000000 0.681101 0.723680 0.723680 0.723680
5214.987305 0.000000 1378.009277 0.000000 0.968661 0.000000 0.248387 0.774432 0.774432 0.774432
5190.268555 0.000000 1380.503174 0.000000 0.400546 0.000000 0.916277 0.800000 0.800000 0.800000
5190.830566 0.000000 1377.407471 0.000000 0.795680 0.000000 -0.605717 0.800000 0.800000 0.800000
5213.816406 0.000000 1380.696777 0.000000 0.608723 0.000000 0.793382 0.706662 0.706662 0.706662
5201.987305 0.000000 1380.163818 0.000000 0.624613 0.000000 -0.780934 0.891282 0.891282 0.891282
5214.583008 0.000000 1382.606567 0.000000 0.708355 0.000000 -0.705856 0.879820 0.879820 0.879820
5213.720215 0.000000 1383.972534 0.000000 0.925581 0.000000 0.378549 0.760455 0.760455 0.760455
5211.002930 0.000000 1385.227051 0.000000 0.329656 0.000000 -0.944101 0.925782 0.925782 0.925782
5200.570312 0.000000 1381.454590 0.000000 0.728522 0.000000 0.685022 0.723134 0.723134 0.723134
5201.534668 0.000000 1379.061768 0.000000 0.995731 0.000000 -0.092298 0.809415 0.809415 0.809415
5185.464355 0.000000 1377.697388 0.000000 0.874419 0.000000 0.485172 0.748402 0.748402 0.748402
5202.970215 0.000000 1381.448853 0.000000 0.039097 0.000000 0.999235 0.643983 0.643983 0.643983
5214.708984 0.000000 1380.024170 0.000000 0.996843 0.000000 -0.079394 0.808096 0.808096 0.808096
5215.990723 0.000000 1380.607666 0.000000 0.872111 0.000000 0.489309 0.747920 0.747920 0.747920
5193.168945 0.000000 1379.355835 0.000000 0.892178 0.000000 0.451685 0.752263 0.752263 0.752263
5193.336914 0.000000 1377.676758 0.000000 0.256208 0.000000 -0.966622 0.933609 0.933609 0.933609
5216.183594 0.000000 1377.648682 0.000000 0.041595 0.000000 -0.999135 0.800000 0.800000 0.800000
5216.384766 0.000000 1376.030273 0.000000 0.995805 0.000000 -0.091498 0.800000 0.800000 0.800000
4795.528809 0.000000 2048.375977 0.000000 0.999612 0.000000 0.027860 0.800000 0.800000 0.800000
4794.444336 0.000000 2051.654053 0.000000 0.758391 0.000000 -0.651800 0.800000 0.800000 0.800000
4798.826660 0.000000 2048.403076 0.000000 0.252612 0.000000 0.967568 0.800000 0.800000 0.800000
4799.132812 0.000000 2053.350342 0.000000 0.317296 0.000000 0.948326 0.800000 0.800000 0.800000
4799.139160 0.000000 2055.961670 0.000000 0.809456 0.000000 -0.587181 0.800000 0.800000 0.800000
4799.681152 0.000000 2051.447510 0.000000 0.030815 0.000000 0.999525 0.800000 0.800000 0.800000
4797.178223 0.000000 2048.849121 0.000000 0.887124 0.000000 -0.461530 0.800000 0.800000 0.800000
4798.987305 0.000000 2050.009277 0.000000 0.068573 0.000000 0.997646 0.800000 0.800000 0.800000
4824.140625 0.000000 2058.975586 0.000000 0.682698 0.000000 -0.730701 0.800000 0.800000 0.800000
4825.850586 0.000000 2066.422363 0.000000 0.722988 0.000000 0.690860 0.800000 0.800000 0.800000
4816.895020 0.000000 2058.459717 0.000000 0.983299 0.000000 0.182000 0.800000 0.800000 0.800000
4813.486816 0.000000 2068.908447 0.000000 0.807403 0.000000 -0.590000 0.800000 0.800000 0.800000
4810.786621 0.000000 2048.178955 0.000000 0.001650 0.000000 -0.999999 0.800000 0.800000 0.800000
4830.278320 0.000000 2078.367676 0.000000 0.333737 0.000000 -0.942666 0.800000 0.800000 0.800000
4830.231934 0.000000 2069.910645 0.000000 0.272051 0.000000 -0.962283 0.800000 0.800000 0.800000
4825.183105 0.000000 2078.203613 0.000000 0.976676 0.000000 0.214718 0.800000 0.800000 0.800000
4822.946289 0.000000 2069.656006 0.000000 0.997942 0.000000 -0.064123 0.800000 0.800000 0.800000
4814.386230 0.000000 2055.658691 0.000000 0.986585 0.000000 0.163246 0.800000 0.800000 0.800000
4823.776855 0.000000 2048.716064 0.000000 0.726886 0.000000 0.686758 0.800000 0.800000 0.800000
4826.338867 0.000000 2071.165771 0.000000 0.794067 0.000000 0.607830 0.800000 0.800000 0.800000
4827.688477 0.000000 2058.264893 0.000000 0.980891 0.000000 -0.194558 0.800000 0.800000 0.800000
4822.609375 0.000000 2066.199951 0.000000 0.239218 0.000000 0.970966 0.800000 0.800000 0.800000
4814.752441 0.000000 2048.863770 0.000000 0.962675 0.000000 0.270661 0.800000 0.800000 0.800000
4816.835938 0.000000 2068.439941 0.000000 0.170642 0.000000 0.985333 0.800000 0.800000 0.800000
4830.826660 0.000000 2048.403076 0.000000 0.998256 0.000000 -0.059039 0.800000 0.800000 0.800000
4827.829590 0.000000 2076.882324 0.000000 0.441611 0.000000 0.897207 0.800000 0.800000 0.800000
4811.740234 0.000000 2050.653809 0.000000 0.990460 0.000000 0.137799 0.800000 0.800000 0.800000
4826.228027 0.000000 2060.555420 0.000000 0.953299 0.000000 0.302028 0.800000 0.800000 0.800000
4823.880371 0.000000 2051.297852 0.000000 0.988519 0.000000 -0.151099 0.800000 0.800000 0.800000
4823.974609 0.000000 2071.988281 0.000000 0.576870 0.000000 -0.816836 0.800000 0.800000 0.800000
4822.221680 0.000000 2054.269287 0.000000 0.340593 0.000000 -0.940211 0.800000 0.800000 0.800000
4813.081055 0.000000 2061.754883 0.000000 0.376344 0.000000 -0.926480 0.800000 0.800000 0.800000
4817.465332 0.000000 2060.796875 0.000000 0.414461 0.000000 0.910067 0.800000 0.800000 0.800000
4814.810547 0.000000 2059.831299 0.000000 0.965329 0.000000 0.261037 0.800000 0.800000 0.800000
4822.485352 0.000000 2060.843750 0.000000 0.012468 0.000000 -0.999922 0.800000 0.800000 0.800000
4828.687012 0.000000 2071.710449 0.000000 0.610390 0.000000 0.792101 0.800000 0.800000 0.800000
4813.204590 0.000000 2071.266357 0.000000 0.879173 0.000000 -0.476502 0.800000 0.800000 0.800000
4817.166992 0.000000 2073.831543 0.000000 0.023295 0.000000 -0.999729 0.800000 0.800000 0.800000
4831.132812 0.000000 2053.350342 0.000000 0.855632 0.000000 0.517585 0.800000 0.800000 0.800000
4815.387695 0.000000 2053.666260 0.000000 0.938308 0.000000 0.345801 0.800000 0.800000 0.800000
4816.561035 0.000000 2064.060791 0.000000 0.936954 0.000000 0.349453 0.800000 0.800000 0.800000
4826.989258 0.000000 2054.112061 0.000000 0.638164 0.000000 -0.769901 0.800000 0.800000 0.800000
4831.804688 0.000000 2071.430420 0.000000 0.980979 0.000000 0.194114 0.800000 0.800000 0.800000
4814.213867 0.000000 2057.784424 0.000000 0.374746 0.000000 0.927127 0.800000 0.800000 0.800000
4817.991211 0.000000 2066.651855 0.000000 0.871151 0.000000 0.491016 0.800000 0.800000 0.800000
4825.803223 0.000000 2049.642578 0.000000 0.958037 0.000000 0.286643 0.800000 0.800000 0.800000
4831.156738 0.000000 2068.075439 0.000000 0.599221 0.000000 0.800584 0.800000 0.800000 0.800000
4828.015625 0.000000 2050.344238 0.000000 0.307529 0.000000 -0.951539 0.800000 0.800000 0.800000
4828.344727 0.000000 2052.531250 0.000000 0.999746 0.000000 -0.022558 0.800000 0.800000 0.800000
4824.985840 0.000000 2062.133301 0.000000 0.599227 0.000000 0.800579 0.800000 0.800000 0.800000
4827.040039 0.000000 2079.215088 0.000000 0.812100 0.000000 0.583518 0.800000 0.800000 0.800000
4812.803223 0.000000 2048.067871 0.000000 0.868010 0.000000 -0.496547 0.800000 0.800000 0.800000
4824.048828 0.000000 2067.469727 0.000000 0.318761 0.000000 -0.947835 0.800000 0.800000 0.800000
4822.376465 0.000000 2050.116943 0.000000 0.192773 0.000000 0.981243 0.800000 0.800000 0.800000
4831.356934 0.000000 2060.235596 0.000000 0.974035 0.000000 0.226398 0.800000 0.800000 0.800000
4823.844727 0.000000 2053.177002 0.000000 0.120840 0.000000 -0.992672 0.800000 0.800000 0.800000
4829.113770 0.000000 2059.523193 0.000000 0.131837 0.000000 0.991271 0.800000 0.800000 0.800000
4831.681152 0.000000 2051.447510 0.000000 0.960699 0.000000 -0.277592 0.800000 0.800000 0.800000
4815.044922 0.000000 2067.861572 0.000000 0.916447 0.000000 0.400155 0.800000 0.800000 0.800000
4813.515625 0.000000 2050.147461 0.000000 0.206242 0.000000 -0.978501 0.800000 0.800000 0.800000
4827.785645 0.000000 2061.631348 0.000000 0.126941 0.000000 -0.991910 0.800000 0.800000 0.800000
4816.537598 0.000000 2052.258057 0.000000 0.162922 0.000000 0.986639 0.800000 0.800000 0.800000
4829.178223 0.000000 2048.849121 0.000000 0.999993 0.000000 -0.003675 0.800000 0.800000 0.800000
4826.002930 0.000000 2058.849609 0.000000 0.995848 0.000000 0.091027 0.800000 0.800000 0.800000
4824.453613 0.000000 2073.787109 0.000000 0.294751 0.000000 -0.955574 0.800000 0.800000 0.800000
4830.976074 0.000000 2064.349609 0.000000 0.945099 0.000000 -0.326784 0.800000 0.800000 0.800000
4825.429199 0.000000 2079.939209 0.000000 0.957469 0.000000 -0.288535 0.800000 0.800000 0.800000
4820.375488 0.000000 2050.693115 0.000000 0.938114 0.000000 -0.346326 0.800000 0.800000 0.800000
4816.638672 0.000000 2054.836670 0.000000 0.459717 0.000000 -0.888065 0.800000 0.800000 0.800000
4822.152832 0.000000 2048.035645 0.000000 0.695910 0.000000 -0.718129 0.800000 0.800000 0.800000
4813.696777 0.000000 2054.164062 0.000000 0.133899 0.000000 -0.990995 0.800000 0.800000 0.800000
4825.583496 0.000000 2053.075439 0.000000 0.744030 0.000000 -0.668146 0.800000 0.800000 0.800000
4813.047852 0.000000 2056.605469 0.000000 0.878594 0.000000 0.477570 0.800000 0.800000 0.800000
4830.265625 0.000000 2072.111328 0.000000 0.225901 0.000000 0.974150 0.800000 0.800000 0.800000
4800.008301 0.000000 2051.433350 0.000000 0.991598 0.000000 0.129359 0.800000 0.800000 0.800000
4800.384766 0.000000 2048.030273 0.000000 0.129966 0.000000 0.991518 0.800000 0.800000 0.800000
4817.285645 0.000000 2075.556396 0.000000 0.987244 0.000000 0.159217 0.800000 0.800000 0.800000
4826.185547 0.000000 2076.829590 0.000000 0.489154 0.000000 0.872197 0.800000 0.800000 0.800000
4827.508301 0.000000 2072.722168 0.000000 0.193643 0.000000 0.981072 0.800000 0.800000 0.800000
4830.987305 0.000000 2050.009277 0.000000 0.147083 0.000000 0.989124 0.800000 0.800000 0.800000
4827.178223 0.000000 2075.461670 0.000000 0.627058 0.000000 -0.778972 0.800000 0.800000 0.800000
4816.834961 0.000000 2077.049316 0.000000 0.489162 0.000000 0.872193 0.800000 0.800000 0.800000
4812.549805 0.000000 2064.835205 0.000000 0.942640 0.000000 0.333810 0.800000 0.800000 0.800000
4825.544434 0.000000 2048.103271 0.000000 0.159976 0.000000 0.987121 0.800000 0.800000 0.800000
4810.891602 0.000000 2053.670898 0.000000 0.168931 0.000000 -0.985628 0.800000 0.800000 0.800000
4831.549805 0.000000 2077.235352 0.000000 0.949953 0.000000 -0.312394 0.800000 0.800000 0.800000
4831.500000 0.000000 2079.470215 0.000000 0.940171 0.000000 0.340704 0.800000 0.800000 0.800000
4822.630859 0.000000 2072.743408 0.000000 0.254485 0.000000 -0.967077 0.800000 0.800000 0.800000
4832.987305 0.000000 2069.511475 0.000000 0.262824 0.000000 -0.964844 0.800000 0.800000 0.800000
4859.528809 0.000000 2048.375977 0.000000 0.622804 0.000000 -0.782378 0.800000 0.800000 0.800000
4853.494141 0.000000 2051.975830 0.000000 0.439826 0.000000 0.898083 0.800000 0.800000 0.800000
4832.356445 0.000000 2065.087646 0.000000 0.808477 0.000000 -0.588527 0.800000 0.800000 0.800000
4832.250000 0.000000 2073.564697 0.000000 0.997750 0.000000 -0.067044 0.800000 0.800000 0.800000
4849.761719 0.000000 2053.575195 0.000000 0.539456 0.000000 0.842014 0.800000 0.800000 0.800000
4846.251953 0.000000 2079.496094 0.000000 0.966644 0.000000 0.256124 0.800000 0.800000 0.800000
4861.834961 0.000000 2051.189209 0.000000 0.755110 0.000000 -0.655598 0.800000 0.800000 0.800000
4858.444336 0.000000 2051.654053 0.000000 0.202893 0.000000 0.979201 0.800000 0.800000 0.800000
4862.717773 0.000000 2058.415527 0.000000 0.114318 0.000000 0.993444 0.800000 0.800000 0.800000
4852.718750 0.000000 2049.037598 0.000000 0.130555 0.000000 0.991441 0.800000 0.800000 0.800000
4849.125977 0.000000 2078.585938 0.000000 0.622535 0.000000 -0.782592 0.800000 0.800000 0.800000
4862.826660 0.000000 2048.403076 0.000000 0.336817 0.000000 -0.941570 0.800000 0.800000 0.800000
4844.854004 0.000000 2075.902832 0.000000 0.355106 0.000000 -0.934826 0.800000 0.800000 0.800000
4843.033691 0.000000 2070.317383 0.000000 0.993742 0.000000 -0.111703 0.800000 0.800000 0.800000
4833.512695 0.000000 2062.743652 0.000000 0.598095 0.000000 0.801425 0.800000 0.800000 0.800000
4833.881836 0.000000 2071.758057 0.000000 0.910165 0.000000 0.414247 0.800000 0.800000 0.800000
4848.428711 0.000000 2050.484863 0.000000 0.932872 0.000000 0.360208 0.800000 0.800000 0.800000
4844.300293 0.000000 2053.050049 0.000000 0.677917 0.000000 0.735138 0.800000 0.800000 0.800000
4832.165527 0.000000 2067.417725 0.000000 0.900330 0.000000 0.435208 0.800000 0.800000 0.800000
4845.964355 0.000000 2074.016846 0.000000 0.003665 0.000000 0.999993 0.800000 0.800000 0.800000
4844.532715 0.000000 2078.151123 0.000000 0.910813 0.000000 -0.412819 0.800000 0.800000 0.800000
4860.015625 0.000000 2050.344238 0.000000 0.058158 0.000000 -0.998307 0.800000 0.800000 0.800000
4843.396973 0.000000 2068.324707 0.000000 0.055827 0.000000 0.998440 0.800000 0.800000 0.800000
4844.803223 0.000000 2048.067871 0.000000 0.720220 0.000000 -0.693746 0.800000 0.800000 0.800000
4832.139160 0.000000 2071.112305 0.000000 0.958237 0.000000 -0.285974 0.800000 0.800000 0.800000
4855.884277 0.000000 2075.793701 0.000000 0.583005 0.000000 -0.812469 0.800000 0.800000 0.800000
4845.515625 0.000000 2050.147461 0.000000 0.133124 0.000000 -0.991099 0.800000 0.800000 0.800000
4848.537598 0.000000 2052.258057 0.000000 0.731483 0.000000 -0.681860 0.800000 0.800000 0.800000
4851.708496 0.000000 2052.376953 0.000000 0.815573 0.000000 0.578655 0.800000 0.800000 0.800000
4861.178223 0.000000 2048.849121 0.000000 0.084507 0.000000 0.996423 0.800000 0.800000 0.800000
4860.635254 0.000000 2078.694336 0.000000 0.065921 0.000000 -0.997825 0.800000 0.800000 0.800000
4852.375488 0.000000 2050.693115 0.000000 0.942461 0.000000 -0.334317 0.800000 0.800000 0.800000
4848.638672 0.000000 2054.836670 0.000000 0.243098 0.000000 -0.970002 0.800000 0.800000 0.800000
4854.152832 0.000000 2048.035645 0.000000 0.997632 0.000000 0.068775 0.800000 0.800000 0.800000
4845.696777 0.000000 2054.164062 0.000000 0.995872 0.000000 -0.090765 0.800000 0.800000 0.800000
4845.047852 0.000000 2056.605469 0.000000 0.322319 0.000000 -0.946631 0.800000 0.800000 0.800000
4832.011719 0.000000 2062.166016 0.000000 0.892444 0.000000 -0.451158 0.800000 0.800000 0.800000
4847.964355 0.000000 2079.705811 0.000000 0.989527 0.000000 -0.144346 0.800000 0.800000 0.800000
4851.084473 0.000000 2049.335205 0.000000 0.996570 0.000000 0.082753 0.800000 0.800000 0.800000
4843.081543 0.000000 2066.150146 0.000000 0.639202 0.000000 0.769039 0.800000 0.800000 0.800000
4857.544434 0.000000 2048.103271 0.000000 0.646746 0.000000 -0.762705 0.800000 0.800000 0.800000
4842.891602 0.000000 2053.670898 0.000000 0.430899 0.000000 0.902400 0.800000 0.800000 0.800000
4843.695801 0.000000 2071.702881 0.000000 0.506450 0.000000 0.862269 0.800000 0.800000 0.800000
4810.484375 0.000000 2109.530273 0.000000 0.992822 0.000000 -0.119604 0.800000 0.800000 0.800000
4824.140625 0.000000 2090.975586 0.000000 0.795935 0.000000 -0.605382 0.800000 0.800000 0.800000
4825.850586 0.000000 2098.422363 0.000000 0.597871 0.000000 0.801592 0.800000 0.800000 0.800000
4825.183105 0.000000 2110.203613 0.000000 0.376700 0.000000 0.926335 0.800000 0.800000 0.800000
4822.946289 0.000000 2101.656006 0.000000 0.999998 0.000000 -0.001787 0.800000 0.800000 0.800000
4824.881348 0.000000 2086.743896 0.000000 0.816910 0.000000 0.576765 0.800000 0.800000 0.800000
4820.771973 0.000000 2088.209473 0.000000 0.801049 0.000000 -0.598599 0.800000 0.800000 0.800000
4819.964844 0.000000 2092.795898 0.000000 0.257297 0.000000 -0.966332 0.800000 0.800000 0.800000
4823.776855 0.000000 2080.716064 0.000000 0.498894 0.000000 0.866663 0.800000 0.800000 0.800000
4826.338867 0.000000 2103.165771 0.000000 0.083330 0.000000 -0.996522 0.800000 0.800000 0.800000
4815.359863 0.000000 2097.909424 0.000000 0.959776 0.000000 -0.280768 0.800000 0.800000 0.800000
4826.444336 0.000000 2083.654053 0.000000 0.999597 0.000000 0.028373 0.800000 0.800000 0.800000
4822.474609 0.000000 2109.117920 0.000000 0.723372 0.000000 0.690459 0.800000 0.800000 0.800000
4830.826660 0.000000 2080.403076 0.000000 0.702316 0.000000 -0.711865 0.800000 0.800000 0.800000
4808.185059 0.000000 2111.080078 0.000000 0.049116 0.000000 0.998793 0.800000 0.800000 0.800000
4812.854004 0.000000 2107.902832 0.000000 0.870066 0.000000 0.492936 0.800000 0.800000 0.800000
4821.305664 0.000000 2103.923584 0.000000 0.867990 0.000000 0.496581 0.800000 0.800000 0.800000
4821.446777 0.000000 2090.620850 0.000000 0.960427 0.000000 0.278531 0.800000 0.800000 0.800000
4823.974609 0.000000 2103.988281 0.000000 0.875032 0.000000 0.484066 0.800000 0.800000 0.800000
4813.204590 0.000000 2103.266357 0.000000 0.210570 0.000000 -0.977579 0.800000 0.800000 0.800000
4827.976074 0.000000 2097.555908 0.000000 0.932732 0.000000 0.360570 0.800000 0.800000 0.800000
4826.989258 0.000000 2086.112061 0.000000 0.959848 0.000000 -0.280520 0.800000 0.800000 0.800000
4813.964355 0.000000 2106.016846 0.000000 0.994258 0.000000 -0.107007 0.800000 0.800000 0.800000
4825.803223 0.000000 2081.642578 0.000000 0.299570 0.000000 -0.954074 0.800000 0.800000 0.800000
4812.532715 0.000000 2110.151123 0.000000 0.690184 0.000000 -0.723633 0.800000 0.800000 0.800000
4826.053711 0.000000 2105.255127 0.000000 0.892672 0.000000 -0.450707 0.800000 0.800000 0.800000
4810.937500 0.000000 2107.137207 0.000000 0.366503 0.000000 0.930417 0.800000 0.800000 0.800000
4828.344727 0.000000 2084.531250 0.000000 0.710169 0.000000 -0.704031 0.800000 0.800000 0.800000
4824.985840 0.000000 2094.133301 0.000000 0.958919 0.000000 0.283681 0.800000 0.800000 0.800000
4827.040039 0.000000 2111.215088 0.000000 0.124818 0.000000 -0.992180 0.800000 0.800000 0.800000
4824.048828 0.000000 2099.469727 0.000000 0.867093 0.000000 -0.498147 0.800000 0.800000 0.800000
4810.949219 0.000000 2111.362549 0.000000 0.889457 0.000000 0.457020 0.800000 0.800000 0.800000
4829.257812 0.000000 2089.212891 0.000000 0.389954 0.000000 0.920834 0.800000 0.800000 0.800000
4829.113770 0.000000 2091.523193 0.000000 0.970591 0.000000 -0.240736 0.800000 0.800000 0.800000
4826.002930 0.000000 2090.849609 0.000000 0.906180 0.000000 0.422893 0.800000 0.800000 0.800000
4824.453613 0.000000 2105.787109 0.000000 0.258782 0.000000 0.965936 0.800000 0.800000 0.800000
4820.462891 0.000000 2109.276855 0.000000 0.785524 0.000000 0.618832 0.800000 0.800000 0.800000
4825.429199 0.000000 2111.939209 0.000000 0.834031 0.000000 -0.551717 0.800000 0.800000 0.800000
4822.152832 0.000000 2080.035645 0.000000 0.989981 0.000000 0.141197 0.800000 0.800000 0.800000
4826.438965 0.000000 2096.730713 0.000000 0.996739 0.000000 -0.080687 0.800000 0.800000 0.800000
4825.583496 0.000000 2085.075439 0.000000 0.525202 0.000000 -0.850978 0.800000 0.800000 0.800000
4824.854492 0.000000 2102.473877 0.000000 0.569082 0.000000 -0.822281 0.800000 0.800000 0.800000
4826.728516 0.000000 2099.922852 0.000000 0.196669 0.000000 -0.980470 0.800000 0.800000 0.800000
4823.590820 0.000000 2110.342529 0.000000 0.992725 0.000000 0.120407 0.800000 0.800000 0.800000
4824.203125 0.000000 2092.719482 0.000000 0.853042 0.000000 -0.521843 0.800000 0.800000 0.800000
4824.145020 0.000000 2097.820312 0.000000 0.261979 0.000000 -0.965074 0.800000 0.800000 0.800000
4827.508301 0.000000 2104.722168 0.000000 0.140207 0.000000 -0.990122 0.800000 0.800000 0.800000
4825.544434 0.000000 2080.103271 0.000000 0.476243 0.000000 0.879314 0.800000 0.800000 0.800000
4822.630859 0.000000 2104.743408 0.000000 0.683774 0.000000 0.729694 0.800000 0.800000 0.800000
4856.140625 0.000000 2090.975586 0.000000 0.993028 0.000000 -0.117882 0.800000 0.800000 0.800000
4857.850586 0.000000 2098.422363 0.000000 0.680116 0.000000 0.733105 0.800000 0.800000 0.800000
4854.825195 0.000000 2106.234131 0.000000 0.988400 0.000000 -0.151876 0.800000 0.800000 0.800000
4849.748535 0.000000 2080.283203 0.000000 0.702627 0.000000 -0.711558 0.800000 0.800000 0.800000
4857.183105 0.000000 2110.203613 0.000000 0.207796 0.000000 0.978172 0.800000 0.800000 0.800000
4856.881348 0.000000 2086.743896 0.000000 0.995853 0.000000 0.090972 0.800000 0.800000 0.800000
4841.813965 0.000000 2099.114990 0.000000 0.314882 0.000000 0.949131 0.800000 0.800000 0.800000
4847.359863 0.000000 2097.909424 0.000000 0.885686 0.000000 0.464284 0.800000 0.800000 0.800000
4861.834961 0.000000 2083.189209 0.000000 0.774684 0.000000 -0.632349 0.800000 0.800000 0.800000
4851.479004 0.000000 2106.200928 0.000000 0.670005 0.000000 -0.742357 0.800000 0.800000 0.800000
4846.752441 0.000000 2080.863770 0.000000 0.987932 0.000000 0.154886 0.800000 0.800000 0.800000
4857.589844 0.000000 2107.289551 0.000000 0.506116 0.000000 0.862465 0.800000 0.800000 0.800000
4837.181152 0.000000 2110.856445 0.000000 0.947850 0.000000 0.318718 0.800000 0.800000 0.800000
4854.474609 0.000000 2109.117920 0.000000 0.409658 0.000000 0.912239 0.800000 0.800000 0.800000
4840.185059 0.000000 2111.080078 0.000000 0.655825 0.000000 -0.754913 0.800000 0.800000 0.800000
4850.714355 0.000000 2082.874268 0.000000 0.623045 0.000000 0.782186 0.800000 0.800000 0.800000
4859.829590 0.000000 2108.882324 0.000000 0.342549 0.000000 -0.939500 0.800000 0.800000 0.800000
4858.228027 0.000000 2092.555420 0.000000 0.168206 0.000000 0.985752 0.800000 0.800000 0.800000
4850.547852 0.000000 2108.525391 0.000000 0.730219 0.000000 -0.683213 0.800000 0.800000 0.800000
4861.393555 0.000000 2095.808350 0.000000 0.968127 0.000000 -0.250461 0.800000 0.800000 0.800000
4857.373047 0.000000 2100.834229 0.000000 0.901841 0.000000 0.432068 0.800000 0.800000 0.800000
4838.820312 0.000000 2104.960938 0.000000 0.815406 0.000000 0.578890 0.800000 0.800000 0.800000
4849.465332 0.000000 2092.796875 0.000000 0.421292 0.000000 -0.906925 0.800000 0.800000 0.800000
4857.684082 0.000000 2088.959473 0.000000 0.885251 0.000000 0.465113 0.800000 0.800000 0.800000
4854.485352 0.000000 2092.843750 0.000000 0.972308 0.000000 -0.233702 0.800000 0.800000 0.800000
4862.364258 0.000000 2107.971680 0.000000 0.292810 0.000000 0.956171 0.800000 0.800000 0.800000
4860.687012 0.000000 2103.710449 0.000000 0.750320 0.000000 -0.661075 0.800000 0.800000 0.800000
4863.132812 0.000000 2085.350342 0.000000 0.964752 0.000000 0.263162 0.800000 0.800000 0.800000
4863.139160 0.000000 2087.961670 0.000000 0.667609 0.000000 -0.744512 0.800000 0.800000 0.800000
4859.976074 0.000000 2097.555908 0.000000 0.798110 0.000000 0.602512 0.800000 0.800000 0.800000
4858.989258 0.000000 2086.112061 0.000000 0.462583 0.000000 0.886576 0.800000 0.800000 0.800000
4863.804688 0.000000 2103.430420 0.000000 0.883753 0.000000 0.467954 0.800000 0.800000 0.800000
4856.831543 0.000000 2096.414062 0.000000 0.020823 0.000000 -0.999783 0.800000 0.800000 0.800000
4863.486328 0.000000 2094.729736 0.000000 0.029734 0.000000 -0.999558 0.800000 0.800000 0.800000
4846.213867 0.000000 2089.784424 0.000000 0.759978 0.000000 -0.649949 0.800000 0.800000 0.800000
4858.053711 0.000000 2105.255127 0.000000 0.788521 0.000000 0.615008 0.800000 0.800000 0.800000
4838.105957 0.000000 2102.550537 0.000000 0.999687 0.000000 -0.025022 0.800000 0.800000 0.800000
4852.404785 0.000000 2101.760742 0.000000 0.845494 0.000000 -0.533985 0.800000 0.800000 0.800000
4854.239258 0.000000 2111.347656 0.000000 0.135158 0.000000 0.990824 0.800000 0.800000 0.800000
4852.979980 0.000000 2107.617676 0.000000 0.473471 0.000000 0.880810 0.800000 0.800000 0.800000
4863.156738 0.000000 2100.075439 0.000000 0.595045 0.000000 -0.803692 0.800000 0.800000 0.800000
4842.937500 0.000000 2107.137207 0.000000 0.351620 0.000000 -0.936143 0.800000 0.800000 0.800000
4859.545410 0.000000 2088.090576 0.000000 0.780360 0.000000 0.625330 0.800000 0.800000 0.800000
4860.015625 0.000000 2082.344238 0.000000 0.471698 0.000000 -0.881760 0.800000 0.800000 0.800000
4860.344727 0.000000 2084.531250 0.000000 0.800152 0.000000 -0.599797 0.800000 0.800000 0.800000
4859.794434 0.000000 2101.787598 0.000000 0.355921 0.000000 -0.934516 0.800000 0.800000 0.800000
4843.396973 0.000000 2100.324707 0.000000 0.388943 0.000000 0.921262 0.800000 0.800000 0.800000
4840.626953 0.000000 2108.834717 0.000000 0.714618 0.000000 -0.699515 0.800000 0.800000 0.800000
4841.355957 0.000000 2101.099121 0.000000 0.959111 0.000000 -0.283031 0.800000 0.800000 0.800000
4856.048828 0.000000 2099.469727 0.000000 0.998764 0.000000 0.049704 0.800000 0.800000 0.800000
4840.032227 0.000000 2098.350830 0.000000 0.628724 0.000000 0.777628 0.800000 0.800000 0.800000
4863.356934 0.000000 2092.235596 0.000000 0.034645 0.000000 -0.999400 0.800000 0.800000 0.800000
4861.257812 0.000000 2089.212891 0.000000 0.914341 0.000000 0.404945 0.800000 0.800000 0.800000
4861.113770 0.000000 2091.523193 0.000000 0.753133 0.000000 -0.657868 0.800000 0.800000 0.800000
4863.681152 0.000000 2083.447510 0.000000 0.588031 0.000000 -0.808839 0.800000 0.800000 0.800000
4853.761719 0.000000 2100.190674 0.000000 0.897259 0.000000 -0.441505 0.800000 0.800000 0.800000
4847.044922 0.000000 2099.861572 0.000000 0.961197 0.000000 0.275862 0.800000 0.800000 0.800000
4855.884277 0.000000 2107.793701 0.000000 0.607919 0.000000 0.793999 0.800000 0.800000 0.800000
4859.785645 0.000000 2093.631348 0.000000 0.955489 0.000000 -0.295028 0.800000 0.800000 0.800000
4851.708496 0.000000 2084.376953 0.000000 0.313661 0.000000 -0.949535 0.800000 0.800000 0.800000
4861.178223 0.000000 2080.849121 0.000000 0.100492 0.000000 -0.994938 0.800000 0.800000 0.800000
4853.188477 0.000000 2105.717773 0.000000 0.876265 0.000000 -0.481830 0.800000 0.800000 0.800000
4838.806641 0.000000 2109.964111 0.000000 0.015315 0.000000 -0.999883 0.800000 0.800000 0.800000
4856.453613 0.000000 2105.787109 0.000000 0.972005 0.000000 -0.234962 0.800000 0.800000 0.800000
4851.362793 0.000000 2104.532715 0.000000 0.457650 0.000000 0.889133 0.800000 0.800000 0.800000
4852.462891 0.000000 2109.276855 0.000000 0.697594 0.000000 -0.716494 0.800000 0.800000 0.800000
4860.635254 0.000000 2110.694336 0.000000 0.994622 0.000000 0.103568 0.800000 0.800000 0.800000
4857.429199 0.000000 2111.939209 0.000000 0.829092 0.000000 -0.559112 0.800000 0.800000 0.800000
4848.638672 0.000000 2086.836670 0.000000 0.985768 0.000000 0.168112 0.800000 0.800000 0.800000
4858.438965 0.000000 2096.730713 0.000000 0.904308 0.000000 -0.426880 0.800000 0.800000 0.800000
4856.854492 0.000000 2102.473877 0.000000 0.801557 0.000000 0.597918 0.800000 0.800000 0.800000
4858.728516 0.000000 2099.922852 0.000000 0.112746 0.000000 -0.993624 0.800000 0.800000 0.800000
4851.084473 0.000000 2081.335205 0.000000 0.997495 0.000000 0.070731 0.800000 0.800000 0.800000
4849.285645 0.000000 2107.556396 0.000000 0.720508 0.000000 -0.693447 0.800000 0.800000 0.800000
4855.590820 0.000000 2110.342529 0.000000 0.456880 0.000000 0.889529 0.800000 0.800000 0.800000
4858.185547 0.000000 2108.829590 0.000000 0.998124 0.000000 -0.061219 0.800000 0.800000 0.800000
4856.203125 0.000000 2092.719482 0.000000 0.822838 0.000000 -0.568276 0.800000 0.800000 0.800000
4856.145020 0.000000 2097.820312 0.000000 0.940422 0.000000 0.340011 0.800000 0.800000 0.800000
4859.508301 0.000000 2104.722168 0.000000 0.932910 0.000000 -0.360109 0.800000 0.800000 0.800000
4843.081543 0.000000 2098.150146 0.000000 0.991992 0.000000 -0.126301 0.800000 0.800000 0.800000
4862.987305 0.000000 2082.009277 0.000000 0.811769 0.000000 -0.583978 0.800000 0.800000 0.800000
4848.834961 0.000000 2109.049316 0.000000 0.990458 0.000000 0.137812 0.800000 0.800000 0.800000
4848.136719 0.000000 2080.126709 0.000000 0.999645 0.000000 0.026635 0.800000 0.800000 0.800000
4838.694336 0.000000 2111.479492 0.000000 0.999105 0.000000 0.042288 0.800000 0.800000 0.800000
4850.473633 0.000000 2111.398438 0.000000 0.939452 0.000000 -0.342679 0.800000 0.800000 0.800000
4851.002441 0.000000 2109.975586 0.000000 0.481505 0.000000 -0.876444 0.800000 0.800000 0.800000
4843.695801 0.000000 2103.702881 0.000000 0.747820 0.000000 -0.663901 0.800000 0.800000 0.800000
4854.630859 0.000000 2104.743408 0.000000 0.998099 0.000000 -0.061636 0.800000 0.800000 0.800000
4824.140625 0.000000 2122.975586 0.000000 0.630409 0.000000 -0.776263 0.800000 0.800000 0.800000
4827.528809 0.000000 2112.375977 0.000000 0.453116 0.000000 0.891452 0.800000 0.800000 0.800000
4818.604980 0.000000 2134.964844 0.000000 0.968296 0.000000 -0.249805 0.800000 0.800000 0.800000
4802.780762 0.000000 2141.285156 0.000000 0.551373 0.000000 0.834258 0.800000 0.800000 0.800000
4808.532227 0.000000 2120.712158 0.000000 0.859229 0.000000 -0.511591 0.800000 0.800000 0.800000
4804.083496 0.000000 2126.666748 0.000000 0.776635 0.000000 -0.629951 0.800000 0.800000 0.800000
4821.494141 0.000000 2115.975830 0.000000 0.818369 0.000000 0.574694 0.800000 0.800000 0.800000
4816.895020 0.000000 2122.459717 0.000000 0.176760 0.000000 0.984254 0.800000 0.800000 0.800000
4829.208008 0.000000 2118.763916 0.000000 0.475557 0.000000 -0.879685 0.800000 0.800000 0.800000
4813.486816 0.000000 2132.908447 0.000000 0.560407 0.000000 -0.828217 0.800000 0.800000 0.800000
4830.278320 0.000000 2142.367676 0.000000 0.425410 0.000000 0.905001 0.800000 0.800000 0.800000
4822.946289 0.000000 2133.656006 0.000000 0.025832 0.000000 0.999666 0.800000 0.800000 0.800000
4809.818359 0.000000 2116.514404 0.000000 0.195988 0.000000 -0.980606 0.800000 0.800000 0.800000
4824.881348 0.000000 2118.743896 0.000000 0.855080 0.000000 0.518496 0.800000 0.800000 0.800000
4823.070312 0.000000 2127.147705 0.000000 0.142416 0.000000 0.989807 0.800000 0.800000 0.800000
4814.251953 0.000000 2143.496094 0.000000 0.595068 0.000000 -0.803675 0.800000 0.800000 0.800000
4829.834961 0.000000 2115.189209 0.000000 0.544393 0.000000 -0.838831 0.800000 0.800000 0.800000
4826.444336 0.000000 2115.654053 0.000000 0.986881 0.000000 0.161452 0.800000 0.800000 0.800000
4819.479004 0.000000 2138.200928 0.000000 0.240444 0.000000 0.970663 0.800000 0.800000 0.800000
4808.295410 0.000000 2113.879395 0.000000 0.813045 0.000000 -0.582200 0.800000 0.800000 0.800000
4802.625977 0.000000 2131.021484 0.000000 0.186707 0.000000 -0.982416 0.800000 0.800000 0.800000
4831.086914 0.000000 2137.549561 0.000000 0.331232 0.000000 -0.943549 0.800000 0.800000 0.800000
4817.125977 0.000000 2142.585938 0.000000 0.916763 0.000000 -0.399430 0.800000 0.800000 0.800000
4821.305664 0.000000 2135.923584 0.000000 0.071887 0.000000 -0.997413 0.800000 0.800000 0.800000
4818.714355 0.000000 2114.874268 0.000000 0.988200 0.000000 0.153167 0.800000 0.800000 0.800000
4802.786621 0.000000 2143.978516 0.000000 0.859615 0.000000 -0.510942 0.800000 0.800000 0.800000
4812.705078 0.000000 2130.370605 0.000000 0.897262 0.000000 0.441498 0.800000 0.800000 0.800000
4821.446777 0.000000 2122.620850 0.000000 0.999867 0.000000 0.016335 0.800000 0.800000 0.800000
4806.830566 0.000000 2122.974365 0.000000 0.512795 0.000000 -0.858511 0.800000 0.800000 0.800000
4823.880371 0.000000 2115.297852 0.000000 0.921357 0.000000 0.388717 0.800000 0.800000 0.800000
4823.974609 0.000000 2135.988281 0.000000 0.719425 0.000000 0.694570 0.800000 0.800000 0.800000
4822.221680 0.000000 2118.269287 0.000000 0.504525 0.000000 0.863397 0.800000 0.800000 0.800000
4825.684082 0.000000 2120.959473 0.000000 0.924538 0.000000 0.381089 0.800000 0.800000 0.800000
4813.875977 0.000000 2128.021484 0.000000 0.542878 0.000000 -0.839811 0.800000 0.800000 0.800000
4822.485352 0.000000 2124.843750 0.000000 0.273699 0.000000 0.961815 0.800000 0.800000 0.800000
4830.364258 0.000000 2139.971680 0.000000 0.782525 0.000000 0.622619 0.800000 0.800000 0.800000
4820.653320 0.000000 2127.089111 0.000000 0.187064 0.000000 0.982348 0.800000 0.800000 0.800000
4813.204590 0.000000 2135.266357 0.000000 0.841228 0.000000 0.540680 0.800000 0.800000 0.800000
4817.166992 0.000000 2137.831543 0.000000 0.718176 0.000000 -0.695862 0.800000 0.800000 0.800000
4805.062500 0.000000 2124.391846 0.000000 0.674828 0.000000 -0.737975 0.800000 0.800000 0.800000
4831.132812 0.000000 2117.350342 0.000000 0.866071 0.000000 0.499921 0.800000 0.800000 0.800000
4826.989258 0.000000 2118.112061 0.000000 0.586126 0.000000 0.810220 0.800000 0.800000 0.800000
4824.831543 0.000000 2128.414062 0.000000 0.802965 0.000000 0.596026 0.800000 0.800000 0.800000
4815.287109 0.000000 2134.051514 0.000000 0.541081 0.000000 0.840971 0.800000 0.800000 0.800000
4817.991211 0.000000 2130.651855 0.000000 0.999412 0.000000 0.034280 0.800000 0.800000 0.800000
4825.803223 0.000000 2113.642578 0.000000 0.993193 0.000000 0.116478 0.800000 0.800000 0.800000
4812.532715 0.000000 2142.151123 0.000000 0.998376 0.000000 -0.056973 0.800000 0.800000 0.800000
4820.604980 0.000000 2129.452393 0.000000 0.741131 0.000000 -0.671360 0.800000 0.800000 0.800000
4820.404785 0.000000 2133.760742 0.000000 0.918647 0.000000 -0.395079 0.800000 0.800000 0.800000
4820.979980 0.000000 2139.617676 0.000000 0.981267 0.000000 -0.192655 0.800000 0.800000 0.800000
4810.937500 0.000000 2139.137207 0.000000 0.651114 0.000000 -0.758980 0.800000 0.800000 0.800000
4828.015625 0.000000 2114.344238 0.000000 0.926085 0.000000 0.377314 0.800000 0.800000 0.800000
4828.344727 0.000000 2116.531250 0.000000 0.046267 0.000000 0.998929 0.800000 0.800000 0.800000
4824.985840 0.000000 2126.133301 0.000000 0.733706 0.000000 -0.679467 0.800000 0.800000 0.800000
4818.561035 0.000000 2126.499512 0.000000 0.112129 0.000000 0.993694 0.800000 0.800000 0.800000
4811.396973 0.000000 2132.324707 0.000000 0.999977 0.000000 -0.006808 0.800000 0.800000 0.800000
4812.803223 0.000000 2112.067871 0.000000 0.996406 0.000000 -0.084704 0.800000 0.800000 0.800000
4822.376465 0.000000 2114.116943 0.000000 0.397606 0.000000 0.917556 0.800000 0.800000 0.800000
4829.257812 0.000000 2121.212891 0.000000 0.273483 0.000000 -0.961877 0.800000 0.800000 0.800000
4823.844727 0.000000 2117.177002 0.000000 0.279722 0.000000 0.960081 0.800000 0.800000 0.800000
4808.128906 0.000000 2115.728271 0.000000 0.782669 0.000000 -0.622439 0.800000 0.800000 0.800000
4821.761719 0.000000 2132.190674 0.000000 0.850647 0.000000 -0.525737 0.800000 0.800000 0.800000
4815.044922 0.000000 2131.861572 0.000000 0.973983 0.000000 -0.226619 0.800000 0.800000 0.800000
4818.603516 0.000000 2133.108643 0.000000 0.881840 0.000000 -0.471549 0.800000 0.800000 0.800000
4804.581055 0.000000 2141.118164 0.000000 0.631524 0.000000 0.775356 0.800000 0.800000 0.800000
4816.863281 0.000000 2135.367676 0.000000 0.999960 0.000000 0.008906 0.800000 0.800000 0.800000
4819.708496 0.000000 2116.376953 0.000000 0.846258 0.000000 -0.532773 0.800000 0.800000 0.800000
4804.093262 0.000000 2130.067139 0.000000 0.185487 0.000000 -0.982647 0.800000 0.800000 0.800000
4804.183105 0.000000 2131.820801 0.000000 0.993270 0.000000 0.115818 0.800000 0.800000 0.800000
4809.937500 0.000000 2114.556641 0.000000 0.130967 0.000000 0.991387 0.800000 0.800000 0.800000
4829.178223 0.000000 2112.849121 0.000000 0.919697 0.000000 -0.392630 0.800000 0.800000 0.800000
4821.188477 0.000000 2137.717773 0.000000 0.939037 0.000000 -0.343817 0.800000 0.800000 0.800000
4802.624512 0.000000 2132.837891 0.000000 0.314244 0.000000 0.949342 0.800000 0.800000 0.800000
4803.667480 0.000000 2135.368164 0.000000 0.809197 0.000000 -0.587537 0.800000 0.800000 0.800000
4819.362793 0.000000 2136.532715 0.000000 0.034703 0.000000 -0.999398 0.800000 0.800000 0.800000
4828.635254 0.000000 2142.694336 0.000000 0.503657 0.000000 -0.863904 0.800000 0.800000 0.800000
4820.375488 0.000000 2114.693115 0.000000 0.720821 0.000000 -0.693121 0.800000 0.800000 0.800000
4816.638672 0.000000 2118.836670 0.000000 0.407257 0.000000 -0.913313 0.800000 0.800000 0.800000
4821.941895 0.000000 2128.472168 0.000000 0.057865 0.000000 0.998324 0.800000 0.800000 0.800000
4825.583496 0.000000 2117.075439 0.000000 0.791850 0.000000 0.610716 0.800000 0.800000 0.800000
4815.578613 0.000000 2138.102539 0.000000 0.850982 0.000000 0.525195 0.800000 0.800000 0.800000
4830.265625 0.000000 2136.111328 0.000000 0.922568 0.000000 -0.385835 0.800000 0.800000 0.800000
4815.964355 0.000000 2143.705811 0.000000 0.321253 0.000000 -0.946994 0.800000 0.800000 0.800000
4819.084473 0.000000 2113.335205 0.000000 0.232264 0.000000 -0.972653 0.800000 0.800000 0.800000
4818.771973 0.000000 2123.671143 0.000000 0.784922 0.000000 0.619595 0.800000 0.800000 0.800000
4806.650879 0.000000 2124.563477 0.000000 0.864981 0.000000 0.501805 0.800000 0.800000 0.800000
4817.285645 0.000000 2139.556396 0.000000 0.468638 0.000000 0.883390 0.800000 0.800000 0.800000
4809.268066 0.000000 2112.610107 0.000000 0.997036 0.000000 0.076939 0.800000 0.800000 0.800000
4824.203125 0.000000 2124.719482 0.000000 0.129818 0.000000 -0.991538 0.800000 0.800000 0.800000
4824.145020 0.000000 2129.820312 0.000000 0.685310 0.000000 0.728251 0.800000 0.800000 0.800000
4816.966309 0.000000 2126.535400 0.000000 0.099713 0.000000 -0.995016 0.800000 0.800000 0.800000
4811.081543 0.000000 2130.150146 0.000000 0.495492 0.000000 0.868613 0.800000 0.800000 0.800000
4802.465332 0.000000 2134.346924 0.000000 0.672569 0.000000 0.740035 0.800000 0.800000 0.800000
4812.549805 0.000000 2128.835205 0.000000 0.124634 0.000000 -0.992203 0.800000 0.800000 0.800000
4805.416504 0.000000 2135.920898 0.000000 0.193664 0.000000 -0.981068 0.800000 0.800000 0.800000
4825.544434 0.000000 2112.103271 0.000000 0.326643 0.000000 -0.945148 0.800000 0.800000 0.800000
4802.733887 0.000000 2137.056152 0.000000 0.815482 0.000000 -0.578782 0.800000 0.800000 0.800000
4803.676758 0.000000 2142.721436 0.000000 0.860016 0.000000 0.510267 0.800000 0.800000 0.800000
4818.473633 0.000000 2143.398438 0.000000 0.971051 0.000000 -0.238871 0.800000 0.800000 0.800000
4831.549805 0.000000 2141.235352 0.000000 0.997833 0.000000 0.065805 0.800000 0.800000 0.800000
4819.002441 0.000000 2141.975586 0.000000 0.999725 0.000000 0.023458 0.800000 0.800000 0.800000
4831.500000 0.000000 2143.470215 0.000000 0.636231 0.000000 -0.771499 0.800000 0.800000 0.800000
4811.695801 0.000000 2135.702881 0.000000 0.450454 0.000000 -0.892800 0.800000 0.800000 0.800000
4821.873535 0.000000 2126.191895 0.000000 0.089821 0.000000 -0.995958 0.800000 0.800000 0.800000
4822.630859 0.000000 2136.743408 0.000000 0.398261 0.000000 -0.917272 0.800000 0.800000 0.800000
4832.750488 0.000000 2119.931396 0.000000 0.771418 0.000000 -0.636328 0.800000 0.800000 0.800000
4853.494141 0.000000 2115.975830 0.000000 0.561595 0.000000 -0.827412 0.800000 0.800000 0.800000
4845.486816 0.000000 2132.908447 0.000000 0.447009 0.000000 -0.894530 0.800000 0.800000 0.800000
4847.659668 0.000000 2139.973877 0.000000 0.361033 0.000000 -0.932553 0.800000 0.800000 0.800000
4849.748535 0.000000 2112.283203 0.000000 0.934001 0.000000 -0.357270 0.800000 0.800000 0.800000
4836.835938 0.000000 2117.125488 0.000000 0.994958 0.000000 0.100298 0.800000 0.800000 0.800000
4837.686523 0.000000 2130.909180 0.000000 0.929601 0.000000 0.368568 0.800000 0.800000 0.800000
4843.836914 0.000000 2137.214111 0.000000 0.522668 0.000000 0.852536 0.800000 0.800000 0.800000
4856.881348 0.000000 2118.743896 0.000000 0.641594 0.000000 -0.767044 0.800000 0.800000 0.800000
4852.771973 0.000000 2120.209473 0.000000 0.905280 0.000000 -0.424815 0.800000 0.800000 0.800000
4851.964844 0.000000 2124.795898 0.000000 0.868751 0.000000 -0.495249 0.800000 0.800000 0.800000
4847.359863 0.000000 2129.909424 0.000000 0.056950 0.000000 0.998377 0.800000 0.800000 0.800000
4858.444336 0.000000 2115.654053 0.000000 0.608808 0.000000 0.793317 0.800000 0.800000 0.800000
4851.926758 0.000000 2131.724854 0.000000 0.341780 0.000000 -0.939780 0.800000 0.800000 0.800000
4833.156250 0.000000 2116.733643 0.000000 0.864407 0.000000 -0.502793 0.800000 0.800000 0.800000
4843.363281 0.000000 2119.163086 0.000000 0.992402 0.000000 -0.123034 0.800000 0.800000 0.800000
4846.752441 0.000000 2112.863770 0.000000 0.903865 0.000000 -0.427818 0.800000 0.800000 0.800000
4832.050293 0.000000 2142.543213 0.000000 0.816076 0.000000 0.577945 0.800000 0.800000 0.800000
4835.392090 0.000000 2114.345947 0.000000 0.584217 0.000000 0.811597 0.800000 0.800000 0.800000
4852.718750 0.000000 2113.037598 0.000000 0.732113 0.000000 -0.681183 0.800000 0.800000 0.800000
4848.835938 0.000000 2132.439941 0.000000 0.481468 0.000000 -0.876464 0.800000 0.800000 0.800000
4837.927246 0.000000 2119.717529 0.000000 0.120165 0.000000 0.992754 0.800000 0.800000 0.800000
4840.185059 0.000000 2143.080078 0.000000 0.534402 0.000000 -0.845231 0.800000 0.800000 0.800000
4850.714355 0.000000 2114.874268 0.000000 0.998104 0.000000 -0.061546 0.800000 0.800000 0.800000
4839.368652 0.000000 2117.585449 0.000000 0.246775 0.000000 -0.969073 0.800000 0.800000 0.800000
4835.293457 0.000000 2119.879150 0.000000 0.018679 0.000000 0.999826 0.800000 0.800000 0.800000
4850.198730 0.000000 2120.187256 0.000000 0.547253 0.000000 0.836967 0.800000 0.800000 0.800000
4832.467285 0.000000 2140.072998 0.000000 0.842977 0.000000 -0.537950 0.800000 0.800000 0.800000
4836.362793 0.000000 2139.354004 0.000000 0.542500 0.000000 0.840056 0.800000 0.800000 0.800000
4855.161133 0.000000 2120.527832 0.000000 0.648053 0.000000 -0.761595 0.800000 0.800000 0.800000
4845.081055 0.000000 2125.754883 0.000000 0.976869 0.000000 0.213840 0.800000 0.800000 0.800000
4849.465332 0.000000 2124.796875 0.000000 0.669439 0.000000 -0.742867 0.800000 0.800000 0.800000
4846.810547 0.000000 2123.831299 0.000000 0.923150 0.000000 -0.384440 0.800000 0.800000 0.800000
4857.684082 0.000000 2120.959473 0.000000 0.560119 0.000000 -0.828412 0.800000 0.800000 0.800000
4845.875977 0.000000 2128.021484 0.000000 0.935021 0.000000 -0.354592 0.800000 0.800000 0.800000
4854.485352 0.000000 2124.843750 0.000000 0.065050 0.000000 -0.997882 0.800000 0.800000 0.800000
4852.653320 0.000000 2127.089111 0.000000 0.992950 0.000000 0.118533 0.800000 0.800000 0.800000
4845.204590 0.000000 2135.266357 0.000000 0.943462 0.000000 0.331480 0.800000 0.800000 0.800000
4851.970703 0.000000 2118.099609 0.000000 0.956636 0.000000 0.291285 0.800000 0.800000 0.800000
4834.246094 0.000000 2138.551270 0.000000 0.975146 0.000000 -0.221565 0.800000 0.800000 0.800000
4851.187500 0.000000 2122.143555 0.000000 0.974563 0.000000 0.224112 0.800000 0.800000 0.800000
4847.287109 0.000000 2134.051514 0.000000 0.974350 0.000000 -0.225039 0.800000 0.800000 0.800000
4846.213867 0.000000 2121.784424 0.000000 0.435746 0.000000 0.900070 0.800000 0.800000 0.800000
4849.991211 0.000000 2130.651855 0.000000 0.975341 0.000000 -0.220703 0.800000 0.800000 0.800000
4844.532715 0.000000 2142.151123 0.000000 0.332448 0.000000 -0.943122 0.800000 0.800000 0.800000
4852.604980 0.000000 2129.452393 0.000000 0.988939 0.000000 0.148320 0.800000 0.800000 0.800000
4834.060547 0.000000 2112.627197 0.000000 0.012901 0.000000 -0.999917 0.800000 0.800000 0.800000
4846.784668 0.000000 2141.668213 0.000000 0.644641 0.000000 0.764485 0.800000 0.800000 0.800000
4842.949219 0.000000 2143.362549 0.000000 0.779944 0.000000 -0.625850 0.800000 0.800000 0.800000
4854.376465 0.000000 2114.116943 0.000000 0.384384 0.000000 -0.923173 0.800000 0.800000 0.800000
4839.702148 0.000000 2112.050537 0.000000 0.633427 0.000000 -0.773802 0.800000 0.800000 0.800000
4855.844727 0.000000 2117.177002 0.000000 0.973486 0.000000 0.228746 0.800000 0.800000 0.800000
4847.044922 0.000000 2131.861572 0.000000 0.794924 0.000000 -0.606709 0.800000 0.800000 0.800000
4835.888672 0.000000 2112.005859 0.000000 0.891201 0.000000 -0.453609 0.800000 0.800000 0.800000
4850.603516 0.000000 2133.108643 0.000000 0.742526 0.000000 0.669817 0.800000 0.800000 0.800000
4837.716797 0.000000 2132.723633 0.000000 0.872297 0.000000 -0.488976 0.800000 0.800000 0.800000
4848.537598 0.000000 2116.258057 0.000000 0.151109 0.000000 0.988517 0.800000 0.800000 0.800000
4834.712402 0.000000 2121.707275 0.000000 0.706967 0.000000 0.707246 0.800000 0.800000 0.800000
4851.708496 0.000000 2116.376953 0.000000 0.573443 0.000000 0.819246 0.800000 0.800000 0.800000
4836.093262 0.000000 2130.067139 0.000000 0.827605 0.000000 -0.561310 0.800000 0.800000 0.800000
4836.183105 0.000000 2131.820801 0.000000 0.297625 0.000000 0.954683 0.800000 0.800000 0.800000
4832.006836 0.000000 2118.326660 0.000000 0.636391 0.000000 -0.771367 0.800000 0.800000 0.800000
4834.624512 0.000000 2132.837891 0.000000 0.785804 0.000000 0.618476 0.800000 0.800000 0.800000
4835.667480 0.000000 2135.368164 0.000000 0.823566 0.000000 0.567220 0.800000 0.800000 0.800000
4852.375488 0.000000 2114.693115 0.000000 0.658992 0.000000 0.752150 0.800000 0.800000 0.800000
4848.638672 0.000000 2118.836670 0.000000 0.986891 0.000000 -0.161387 0.800000 0.800000 0.800000
4853.941895 0.000000 2128.472168 0.000000 0.541947 0.000000 -0.840413 0.800000 0.800000 0.800000
4845.696777 0.000000 2118.164062 0.000000 0.958145 0.000000 -0.286282 0.800000 0.800000 0.800000
4857.583496 0.000000 2117.075439 0.000000 0.411356 0.000000 0.911475 0.800000 0.800000 0.800000
4836.522949 0.000000 2118.759521 0.000000 0.690756 0.000000 -0.723088 0.800000 0.800000 0.800000
4845.047852 0.000000 2120.605469 0.000000 0.748250 0.000000 0.663417 0.800000 0.800000 0.800000
4833.893555 0.000000 2142.636963 0.000000 0.775421 0.000000 0.631445 0.800000 0.800000 0.800000
4847.578613 0.000000 2138.102539 0.000000 0.459762 0.000000 -0.888042 0.800000 0.800000 0.800000
4833.570801 0.000000 2118.543213 0.000000 0.086931 0.000000 0.996214 0.800000 0.800000 0.800000
4851.084473 0.000000 2113.335205 0.000000 0.600120 0.000000 -0.799910 0.800000 0.800000 0.800000
4850.771973 0.000000 2123.671143 0.000000 0.491214 0.000000 -0.871039 0.800000 0.800000 0.800000
4836.938477 0.000000 2113.883301 0.000000 0.405004 0.000000 -0.914315 0.800000 0.800000 0.800000
4848.966309 0.000000 2126.535400 0.000000 0.299258 0.000000 0.954172 0.800000 0.800000 0.800000
4836.652344 0.000000 2120.635742 0.000000 0.918848 0.000000 -0.394611 0.800000 0.800000 0.800000
4838.268555 0.000000 2116.503174 0.000000 0.567824 0.000000 -0.823150 0.800000 0.800000 0.800000
4834.465332 0.000000 2134.346924 0.000000 0.184627 0.000000 0.982809 0.800000 0.800000 0.800000
4844.549805 0.000000 2128.835205 0.000000 0.489437 0.000000 -0.872039 0.800000 0.800000 0.800000
4837.416504 0.000000 2135.920898 0.000000 0.897163 0.000000 -0.441700 0.800000 0.800000 0.800000
4834.733887 0.000000 2137.056152 0.000000 0.807801 0.000000 0.589456 0.800000 0.800000 0.800000
4848.136719 0.000000 2112.126709 0.000000 0.178610 0.000000 0.983920 0.800000 0.800000 0.800000
4838.830566 0.000000 2113.407471 0.000000 0.105956 0.000000 -0.994371 0.800000 0.800000 0.800000
4853.873535 0.000000 2126.191895 0.000000 0.726496 0.000000 -0.687170 0.800000 0.800000 0.800000
4824.140625 0.000000 2154.975586 0.000000 0.981438 0.000000 0.191782 0.800000 0.800000 0.800000
4825.850586 0.000000 2162.422363 0.000000 0.252418 0.000000 0.967618 0.800000 0.800000 0.800000
4808.532227 0.000000 2152.712158 0.000000 0.196373 0.000000 0.980529 0.800000 0.800000 0.800000
4816.895020 0.000000 2154.459717 0.000000 0.280459 0.000000 -0.959866 0.800000 0.800000 0.800000
4829.637695 0.000000 2157.300781 0.000000 0.394941 0.000000 0.918706 0.800000 0.800000 0.800000
4822.825195 0.000000 2170.234131 0.000000 0.533629 0.000000 0.845719 0.800000 0.800000 0.800000
4817.748535 0.000000 2144.283203 0.000000 0.189202 0.000000 0.981938 0.800000 0.800000 0.800000
4830.231934 0.000000 2165.910645 0.000000 0.656613 0.000000 -0.754228 0.800000 0.800000 0.800000
4825.183105 0.000000 2174.203613 0.000000 0.843163 0.000000 0.537658 0.800000 0.800000 0.800000
4822.946289 0.000000 2165.656006 0.000000 0.206224 0.000000 0.978505 0.800000 0.800000 0.800000
4808.103516 0.000000 2157.298096 0.000000 0.645166 0.000000 -0.764042 0.800000 0.800000 0.800000
4827.688477 0.000000 2154.264893 0.000000 0.987990 0.000000 -0.154519 0.800000 0.800000 0.800000
4829.834961 0.000000 2147.189209 0.000000 0.249348 0.000000 -0.968414 0.800000 0.800000 0.800000
4819.926758 0.000000 2163.724854 0.000000 0.209228 0.000000 -0.977867 0.800000 0.800000 0.800000
4826.762207 0.000000 2159.115967 0.000000 0.993581 0.000000 0.113122 0.800000 0.800000 0.800000
4819.479004 0.000000 2170.200928 0.000000 0.781436 0.000000 0.623985 0.800000 0.800000 0.800000
4822.609375 0.000000 2162.199951 0.000000 0.785810 0.000000 -0.618468 0.800000 0.800000 0.800000
4830.717773 0.000000 2154.415527 0.000000 0.814818 0.000000 -0.579717 0.800000 0.800000 0.800000
4803.392090 0.000000 2146.345947 0.000000 0.958556 0.000000 0.284905 0.800000 0.800000 0.800000
4817.125977 0.000000 2174.585938 0.000000 0.964088 0.000000 0.265581 0.800000 0.800000 0.800000
4830.826660 0.000000 2144.403076 0.000000 0.623206 0.000000 -0.782058 0.800000 0.800000 0.800000
4808.185059 0.000000 2175.080078 0.000000 0.953160 0.000000 0.302467 0.800000 0.800000 0.800000
4826.228027 0.000000 2156.555420 0.000000 0.147416 0.000000 0.989075 0.800000 0.800000 0.800000
4810.750488 0.000000 2157.136230 0.000000 0.184786 0.000000 0.982779 0.800000 0.800000 0.800000
4821.446777 0.000000 2154.620850 0.000000 0.102752 0.000000 0.994707 0.800000 0.800000 0.800000
4806.830566 0.000000 2154.974365 0.000000 0.992388 0.000000 0.123146 0.800000 0.800000 0.800000
4823.974609 0.000000 2167.988281 0.000000 0.804385 0.000000 0.594108 0.800000 0.800000 0.800000
4829.393555 0.000000 2159.808350 0.000000 0.047027 0.000000 -0.998894 0.800000 0.800000 0.800000
4818.198730 0.000000 2152.187256 0.000000 0.611569 0.000000 0.791191 0.800000 0.800000 0.800000
4825.373047 0.000000 2164.834229 0.000000 0.868530 0.000000 -0.495636 0.800000 0.800000 0.800000
4823.161133 0.000000 2152.527832 0.000000 0.697292 0.000000 0.716787 0.800000 0.800000 0.800000
4822.221680 0.000000 2150.269287 0.000000 0.870497 0.000000 -0.492173 0.800000 0.800000 0.800000
4817.465332 0.000000 2156.796875 0.000000 0.411232 0.000000 -0.911531 0.800000 0.800000 0.800000
4825.684082 0.000000 2152.959473 0.000000 0.743443 0.000000 0.668799 0.800000 0.800000 0.800000
4828.687012 0.000000 2167.710449 0.000000 0.413636 0.000000 0.910442 0.800000 0.800000 0.800000
4816.428711 0.000000 2146.484863 0.000000 0.991897 0.000000 0.127044 0.800000 0.800000 0.800000
4819.187500 0.000000 2154.143555 0.000000 0.609844 0.000000 0.792521 0.800000 0.800000 0.800000
4816.561035 0.000000 2160.060791 0.000000 0.629270 0.000000 -0.777187 0.800000 0.800000 0.800000
4806.273438 0.000000 2158.596924 0.000000 0.788564 0.000000 -0.614953 0.800000 0.800000 0.800000
4831.804688 0.000000 2167.430420 0.000000 0.243898 0.000000 0.969801 0.800000 0.800000 0.800000
4824.831543 0.000000 2160.414062 0.000000 0.674440 0.000000 -0.738329 0.800000 0.800000 0.800000
4831.486328 0.000000 2158.729736 0.000000 0.923918 0.000000 0.382590 0.800000 0.800000 0.800000
4820.604980 0.000000 2161.452393 0.000000 0.684664 0.000000 0.728858 0.800000 0.800000 0.800000
4826.053711 0.000000 2169.255127 0.000000 0.275225 0.000000 0.961380 0.800000 0.800000 0.800000
4822.239258 0.000000 2175.347656 0.000000 0.587453 0.000000 0.809259 0.800000 0.800000 0.800000
4831.156738 0.000000 2164.075439 0.000000 0.797549 0.000000 -0.603255 0.800000 0.800000 0.800000
4802.060547 0.000000 2144.627197 0.000000 0.415858 0.000000 -0.909430 0.800000 0.800000 0.800000
4827.545410 0.000000 2152.090576 0.000000 0.668356 0.000000 -0.743842 0.800000 0.800000 0.800000
4828.015625 0.000000 2146.344238 0.000000 0.719036 0.000000 0.694973 0.800000 0.800000 0.800000
4828.344727 0.000000 2148.531250 0.000000 0.226553 0.000000 -0.973999 0.800000 0.800000 0.800000
4824.985840 0.000000 2158.133301 0.000000 0.995394 0.000000 -0.095872 0.800000 0.800000 0.800000
4827.794434 0.000000 2165.787598 0.000000 0.744902 0.000000 0.667174 0.800000 0.800000 0.800000
4816.224609 0.000000 2152.540039 0.000000 0.266383 0.000000 0.963867 0.800000 0.800000 0.800000
4808.626953 0.000000 2172.834717 0.000000 1.000000 0.000000 0.000877 0.800000 0.800000 0.800000
4824.048828 0.000000 2163.469727 0.000000 0.092162 0.000000 -0.995744 0.800000 0.800000 0.800000
4807.702148 0.000000 2144.050537 0.000000 0.857546 0.000000 0.514407 0.800000 0.800000 0.800000
4831.356934 0.000000 2156.235596 0.000000 0.077169 0.000000 -0.997018 0.800000 0.800000 0.800000
4829.113770 0.000000 2155.523193 0.000000 0.923235 0.000000 0.384235 0.800000 0.800000 0.800000
4831.681152 0.000000 2147.447510 0.000000 0.815988 0.000000 0.578069 0.800000 0.800000 0.800000
4803.888672 0.000000 2144.005859 0.000000 0.998421 0.000000 -0.056174 0.800000 0.800000 0.800000
4823.884277 0.000000 2171.793701 0.000000 0.987467 0.000000 -0.157823 0.800000 0.800000 0.800000
4827.785645 0.000000 2157.631348 0.000000 0.106907 0.000000 0.994269 0.800000 0.800000 0.800000
4816.537598 0.000000 2148.258057 0.000000 0.993836 0.000000 0.110856 0.800000 0.800000 0.800000
4819.708496 0.000000 2148.376953 0.000000 0.262128 0.000000 0.965033 0.800000 0.800000 0.800000
4829.178223 0.000000 2144.849121 0.000000 0.427500 0.000000 -0.904015 0.800000 0.800000 0.800000
4826.002930 0.000000 2154.849609 0.000000 0.915440 0.000000 0.402453 0.800000 0.800000 0.800000
4824.453613 0.000000 2169.787109 0.000000 0.995790 0.000000 -0.091666 0.800000 0.800000 0.800000
4830.976074 0.000000 2160.349609 0.000000 0.494903 0.000000 0.868948 0.800000 0.800000 0.800000
4819.362793 0.000000 2168.532715 0.000000 0.885792 0.000000 0.464082 0.800000 0.800000 0.800000
4820.462891 0.000000 2173.276855 0.000000 0.574801 0.000000 -0.818294 0.800000 0.800000 0.800000
4825.429199 0.000000 2175.939209 0.000000 0.407512 0.000000 0.913200 0.800000 0.800000 0.800000
4821.941895 0.000000 2160.472168 0.000000 0.602871 0.000000 0.797839 0.800000 0.800000 0.800000
4824.854492 0.000000 2166.473877 0.000000 0.996497 0.000000 0.083634 0.800000 0.800000 0.800000
4830.265625 0.000000 2168.111328 0.000000 0.735301 0.000000 -0.677741 0.800000 0.800000 0.800000
4826.728516 0.000000 2163.922852 0.000000 0.997993 0.000000 -0.063332 0.800000 0.800000 0.800000
4818.771973 0.000000 2155.671143 0.000000 0.771390 0.000000 -0.636362 0.800000 0.800000 0.800000
4806.650879 0.000000 2156.563477 0.000000 0.302145 0.000000 0.953262 0.800000 0.800000 0.800000
4823.590820 0.000000 2174.342529 0.000000 0.042801 0.000000 -0.999084 0.800000 0.800000 0.800000
4804.938477 0.000000 2145.883301 0.000000 0.801068 0.000000 -0.598573 0.800000 0.800000 0.800000
4824.145020 0.000000 2161.820312 0.000000 0.591505 0.000000 -0.806302 0.800000 0.800000 0.800000
4816.966309 0.000000 2158.535400 0.000000 0.638974 0.000000 -0.769229 0.800000 0.800000 0.800000
4827.508301 0.000000 2168.722168 0.000000 0.288727 0.000000 0.957412 0.800000 0.800000 0.800000
4830.987305 0.000000 2146.009277 0.000000 0.455957 0.000000 -0.890002 0.800000 0.800000 0.800000
4827.178223 0.000000 2171.461670 0.000000 0.022330 0.000000 -0.999751 0.800000 0.800000 0.800000
4816.834961 0.000000 2173.049316 0.000000 0.060187 0.000000 -0.998187 0.800000 0.800000 0.800000
4806.268555 0.000000 2148.503174 0.000000 0.998322 0.000000 0.057915 0.800000 0.800000 0.800000
4816.136719 0.000000 2144.126709 0.000000 0.700984 0.000000 0.713177 0.800000 0.800000 0.800000
4806.830566 0.000000 2145.407471 0.000000 0.606144 0.000000 0.795355 0.800000 0.800000 0.800000
4818.473633 0.000000 2175.398438 0.000000 0.790417 0.000000 0.612569 0.800000 0.800000 0.800000
4819.002441 0.000000 2173.975586 0.000000 0.578332 0.000000 0.815802 0.800000 0.800000 0.800000
4821.873535 0.000000 2158.191895 0.000000 0.711111 0.000000 -0.703080 0.800000 0.800000 0.800000
4822.630859 0.000000 2168.743408 0.000000 0.730720 0.000000 0.682678 0.800000 0.800000 0.800000
4845.486816 0.000000 2164.908447 0.000000 0.029154 0.000000 -0.999575 0.800000 0.800000 0.800000
4836.835938 0.000000 2149.125488 0.000000 0.700878 0.000000 -0.713281 0.800000 0.800000 0.800000
4832.114746 0.000000 2156.443359 0.000000 0.188215 0.000000 0.982128 0.800000 0.800000 0.800000
4836.398926 0.000000 2154.167725 0.000000 0.791636 0.000000 -0.610993 0.800000 0.800000 0.800000
4837.927246 0.000000 2151.717529 0.000000 0.977523 0.000000 -0.210827 0.800000 0.800000 0.800000
4844.705078 0.000000 2162.370605 0.000000 0.591409 0.000000 -0.806372 0.800000 0.800000 0.800000
4834.680176 0.000000 2156.167236 0.000000 0.998087 0.000000 -0.061824 0.800000 0.800000 0.800000
4839.368652 0.000000 2149.585449 0.000000 0.361202 0.000000 -0.932488 0.800000 0.800000 0.800000
4833.512695 0.000000 2158.743652 0.000000 0.667969 0.000000 0.744189 0.800000 0.800000 0.800000
4832.958984 0.000000 2154.274658 0.000000 0.309903 0.000000 0.950768 0.800000 0.800000 0.800000
4845.204590 0.000000 2167.266357 0.000000 0.983524 0.000000 0.180776 0.800000 0.800000 0.800000
4834.933105 0.000000 2160.728027 0.000000 0.949416 0.000000 0.314022 0.800000 0.800000 0.800000
4832.165527 0.000000 2163.417725 0.000000 0.330156 0.000000 -0.943926 0.800000 0.800000 0.800000
4841.272949 0.000000 2150.693604 0.000000 0.785959 0.000000 0.618278 0.800000 0.800000 0.800000
4845.515625 0.000000 2146.147461 0.000000 0.381193 0.000000 -0.924495 0.800000 0.800000 0.800000
4839.581543 0.000000 2151.327881 0.000000 0.989564 0.000000 -0.144091 0.800000 0.800000 0.800000
4836.522949 0.000000 2150.759521 0.000000 0.882242 0.000000 -0.470795 0.800000 0.800000 0.800000
4832.011719 0.000000 2158.166016 0.000000 0.244362 0.000000 0.969684 0.800000 0.800000 0.800000
4841.268066 0.000000 2144.610107 0.000000 0.642292 0.000000 0.766460 0.800000 0.800000 0.800000
4836.652344 0.000000 2152.635742 0.000000 0.980495 0.000000 -0.196546 0.800000 0.800000 0.800000
4838.268555 0.000000 2148.503174 0.000000 0.963494 0.000000 0.267729 0.800000 0.800000 0.800000
4833.424805 0.000000 2157.200684 0.000000 0.933221 0.000000 0.359304 0.800000 0.800000 0.800000
4834.875000 0.000000 2157.760010 0.000000 0.936675 0.000000 -0.350200 0.800000 0.800000 0.800000
4796.322754 0.000000 2234.183594 0.000000 0.978046 0.000000 0.208389 0.800000 0.800000 0.800000
4770.780762 0.000000 2237.285156 0.000000 0.966194 0.000000 -0.257816 0.800000 0.800000 0.800000
4788.161621 0.000000 2238.979736 0.000000 0.116550 0.000000 -0.993185 0.800000 0.800000 0.800000
4783.659668 0.000000 2235.973877 0.000000 0.938249 0.000000 0.345960 0.800000 0.800000 0.800000
4790.946289 0.000000 2229.656006 0.000000 0.917564 0.000000 0.397588 0.800000 0.800000 0.800000
4794.338867 0.000000 2231.165771 0.000000 0.940908 0.000000 -0.338664 0.800000 0.800000 0.800000
4787.926758 0.000000 2227.724854 0.000000 0.902427 0.000000 -0.430842 0.800000 0.800000 0.800000
4787.479004 0.000000 2234.200928 0.000000 0.903098 0.000000 -0.429434 0.800000 0.800000 0.800000
4793.589844 0.000000 2235.289551 0.000000 0.681960 0.000000 0.731390 0.800000 0.800000 0.800000
4777.041504 0.000000 2234.228760 0.000000 0.463513 0.000000 -0.886090 0.800000 0.800000 0.800000
4784.835938 0.000000 2228.439941 0.000000 0.376442 0.000000 0.926440 0.800000 0.800000 0.800000
4799.086914 0.000000 2233.549561 0.000000 0.974360 0.000000 0.224996 0.800000 0.800000 0.800000
4773.181152 0.000000 2238.856445 0.000000 0.589451 0.000000 -0.807804 0.800000 0.800000 0.800000
4795.829590 0.000000 2236.882324 0.000000 0.420167 0.000000 0.907447 0.800000 0.800000 0.800000
4770.786621 0.000000 2239.978516 0.000000 0.261600 0.000000 0.965176 0.800000 0.800000 0.800000
4774.820312 0.000000 2232.960938 0.000000 0.527909 0.000000 0.849301 0.800000 0.800000 0.800000
4772.362793 0.000000 2235.354004 0.000000 0.254131 0.000000 0.967170 0.800000 0.800000 0.800000
4796.687012 0.000000 2231.710449 0.000000 0.751423 0.000000 0.659821 0.800000 0.800000 0.800000
4770.246094 0.000000 2234.551270 0.000000 0.651301 0.000000 0.758820 0.800000 0.800000 0.800000
4777.921875 0.000000 2232.186279 0.000000 0.637282 0.000000 0.770631 0.800000 0.800000 0.800000
4783.287109 0.000000 2230.051514 0.000000 0.248197 0.000000 0.968710 0.800000 0.800000 0.800000
4785.991211 0.000000 2226.651855 0.000000 0.349074 0.000000 -0.937095 0.800000 0.800000 0.800000
4794.053711 0.000000 2233.255127 0.000000 0.751088 0.000000 -0.660202 0.800000 0.800000 0.800000
4788.979980 0.000000 2235.617676 0.000000 0.628958 0.000000 0.777440 0.800000 0.800000 0.800000
4795.040039 0.000000 2239.215088 0.000000 0.712960 0.000000 -0.701205 0.800000 0.800000 0.800000
4776.626953 0.000000 2236.834717 0.000000 0.728886 0.000000 0.684635 0.800000 0.800000 0.800000
4777.355957 0.000000 2229.099121 0.000000 0.438682 0.000000 -0.898642 0.800000 0.800000 0.800000
4783.044922 0.000000 2227.861572 0.000000 0.314696 0.000000 0.949193 0.800000 0.800000 0.800000
4786.603516 0.000000 2229.108643 0.000000 0.393448 0.000000 -0.919347 0.800000 0.800000 0.800000
4791.884277 0.000000 2235.793701 0.000000 0.469280 0.000000 -0.883050 0.800000 0.800000 0.800000
4772.581055 0.000000 2237.118164 0.000000 0.768777 0.000000 0.639516 0.800000 0.800000 0.800000
4784.863281 0.000000 2231.367676 0.000000 0.814949 0.000000 -0.579532 0.800000 0.800000 0.800000
4774.806641 0.000000 2237.964111 0.000000 0.198199 0.000000 0.980162 0.800000 0.800000 0.800000
4792.453613 0.000000 2233.787109 0.000000 0.106609 0.000000 -0.994301 0.800000 0.800000 0.800000
4787.362793 0.000000 2232.532715 0.000000 0.869410 0.000000 0.494091 0.800000 0.800000 0.800000
4796.635254 0.000000 2238.694336 0.000000 0.108562 0.000000 -0.994090 0.800000 0.800000 0.800000
4792.854492 0.000000 2230.473877 0.000000 0.999520 0.000000 0.030966 0.800000 0.800000 0.800000
4783.578613 0.000000 2234.102539 0.000000 0.074315 0.000000 0.997235 0.800000 0.800000 0.800000
4798.265625 0.000000 2232.111328 0.000000 0.148888 0.000000 0.988854 0.800000 0.800000 0.800000
4794.185547 0.000000 2236.829590 0.000000 0.199867 0.000000 0.979823 0.800000 0.800000 0.800000
4776.372559 0.000000 2232.508789 0.000000 0.846473 0.000000 0.532432 0.800000 0.800000 0.800000
4795.508301 0.000000 2232.722168 0.000000 0.999461 0.000000 0.032830 0.800000 0.800000 0.800000
4795.178223 0.000000 2235.461670 0.000000 0.099336 0.000000 0.995054 0.800000 0.800000 0.800000
4771.676758 0.000000 2238.721436 0.000000 0.643446 0.000000 0.765491 0.800000 0.800000 0.800000
4774.694336 0.000000 2239.479492 0.000000 0.064918 0.000000 -0.997891 0.800000 0.800000 0.800000
4799.549805 0.000000 2237.235352 0.000000 0.969269 0.000000 0.246002 0.800000 0.800000 0.800000
4775.569336 0.000000 2234.779785 0.000000 0.428993 0.000000 0.903308 0.800000 0.800000 0.800000
4790.630859 0.000000 2232.743408 0.000000 0.269217 0.000000 0.963080 0.800000 0.800000 0.800000
4824.140625 0.000000 2186.975586 0.000000 0.937757 0.000000 -0.347291 0.800000 0.800000 0.800000
4828.322754 0.000000 2202.183594 0.000000 0.700166 0.000000 0.713980 0.800000 0.800000 0.800000
4811.488281 0.000000 2191.720703 0.000000 0.815229 0.000000 0.579139 0.800000 0.800000 0.800000
4818.604980 0.000000 2198.964844 0.000000 0.969622 0.000000 0.244610 0.800000 0.800000 0.800000
4829.637695 0.000000 2189.300781 0.000000 0.853298 0.000000 -0.521424 0.800000 0.800000 0.800000
4813.486816 0.000000 2196.908447 0.000000 0.987749 0.000000 -0.156052 0.800000 0.800000 0.800000
4822.825195 0.000000 2202.234131 0.000000 0.999008 0.000000 0.044524 0.800000 0.800000 0.800000
4820.771973 0.000000 2184.209473 0.000000 0.066000 0.000000 -0.997820 0.800000 0.800000 0.800000
4815.467285 0.000000 2190.134033 0.000000 0.051332 0.000000 -0.998682 0.800000 0.800000 0.800000
4809.813965 0.000000 2195.114990 0.000000 0.247696 0.000000 -0.968838 0.800000 0.800000 0.800000
4823.776855 0.000000 2176.716064 0.000000 0.245326 0.000000 0.969441 0.800000 0.800000 0.800000
4815.351562 0.000000 2200.339844 0.000000 0.373054 0.000000 -0.927810 0.800000 0.800000 0.800000
4807.792480 0.000000 2192.479248 0.000000 0.141966 0.000000 0.989872 0.800000 0.800000 0.800000
4830.717773 0.000000 2186.415527 0.000000 0.784206 0.000000 -0.620500 0.800000 0.800000 0.800000
4808.295410 0.000000 2177.879395 0.000000 0.072667 0.000000 0.997356 0.800000 0.800000 0.800000
4820.718750 0.000000 2177.037598 0.000000 0.839158 0.000000 -0.543888 0.800000 0.800000 0.800000
4821.305664 0.000000 2199.923584 0.000000 0.032536 0.000000 -0.999471 0.800000 0.800000 0.800000
4818.714355 0.000000 2178.874268 0.000000 0.730358 0.000000 0.683065 0.800000 0.800000 0.800000
4826.228027 0.000000 2188.555420 0.000000 0.493633 0.000000 0.869671 0.800000 0.800000 0.800000
4812.705078 0.000000 2194.370605 0.000000 0.554382 0.000000 0.832262 0.800000 0.800000 0.800000
4823.974609 0.000000 2199.988281 0.000000 0.999674 0.000000 -0.025516 0.800000 0.800000 0.800000
4823.161133 0.000000 2184.527832 0.000000 0.674145 0.000000 0.738599 0.800000 0.800000 0.800000
4813.081055 0.000000 2189.754883 0.000000 0.153341 0.000000 0.988173 0.800000 0.800000 0.800000
4814.810547 0.000000 2187.831299 0.000000 0.757822 0.000000 -0.652462 0.800000 0.800000 0.800000
4825.684082 0.000000 2184.959473 0.000000 0.999998 0.000000 0.002044 0.800000 0.800000 0.800000
4813.875977 0.000000 2192.021484 0.000000 0.472721 0.000000 -0.881212 0.800000 0.800000 0.800000
4822.485352 0.000000 2188.843750 0.000000 0.070080 0.000000 -0.997541 0.800000 0.800000 0.800000
4816.561035 0.000000 2192.060791 0.000000 0.669891 0.000000 0.742459 0.800000 0.800000 0.800000
4806.273438 0.000000 2190.596924 0.000000 0.995357 0.000000 0.096254 0.800000 0.800000 0.800000
4809.479492 0.000000 2190.981445 0.000000 0.555334 0.000000 -0.831627 0.800000 0.800000 0.800000
4831.486328 0.000000 2190.729736 0.000000 0.462417 0.000000 0.886663 0.800000 0.800000 0.800000
4815.287109 0.000000 2198.051514 0.000000 0.932158 0.000000 0.362051 0.800000 0.800000 0.800000
4820.404785 0.000000 2197.760742 0.000000 0.822071 0.000000 0.569385 0.800000 0.800000 0.800000
4824.985840 0.000000 2190.133301 0.000000 0.996046 0.000000 -0.088842 0.800000 0.800000 0.800000
4811.396973 0.000000 2196.324707 0.000000 0.529642 0.000000 -0.848221 0.800000 0.800000 0.800000
4809.966797 0.000000 2193.065430 0.000000 0.246418 0.000000 0.969164 0.800000 0.800000 0.800000
4808.032227 0.000000 2194.350830 0.000000 0.906742 0.000000 -0.421686 0.800000 0.800000 0.800000
4822.376465 0.000000 2178.116943 0.000000 0.616373 0.000000 -0.787454 0.800000 0.800000 0.800000
4823.844727 0.000000 2181.177002 0.000000 0.223732 0.000000 -0.974651 0.800000 0.800000 0.800000
4829.113770 0.000000 2187.523193 0.000000 0.811185 0.000000 -0.584790 0.800000 0.800000 0.800000
4821.761719 0.000000 2196.190674 0.000000 0.171488 0.000000 -0.985186 0.800000 0.800000 0.800000
4818.603516 0.000000 2197.108643 0.000000 0.970330 0.000000 -0.241785 0.800000 0.800000 0.800000
4823.884277 0.000000 2203.793701 0.000000 0.285027 0.000000 -0.958520 0.800000 0.800000 0.800000
4827.785645 0.000000 2189.631348 0.000000 0.023645 0.000000 -0.999720 0.800000 0.800000 0.800000
4816.863281 0.000000 2199.367676 0.000000 0.193093 0.000000 0.981180 0.800000 0.800000 0.800000
4819.708496 0.000000 2180.376953 0.000000 0.224666 0.000000 -0.974436 0.800000 0.800000 0.800000
4821.188477 0.000000 2201.717773 0.000000 0.771492 0.000000 -0.636239 0.800000 0.800000 0.800000
4824.453613 0.000000 2201.787109 0.000000 0.997797 0.000000 0.066344 0.800000 0.800000 0.800000
4820.375488 0.000000 2178.693115 0.000000 0.970003 0.000000 0.243093 0.800000 0.800000 0.800000
4822.152832 0.000000 2176.035645 0.000000 0.951924 0.000000 0.306335 0.800000 0.800000 0.800000
4813.696777 0.000000 2182.164062 0.000000 0.221288 0.000000 0.975209 0.800000 0.800000 0.800000
4813.047852 0.000000 2184.605469 0.000000 0.124224 0.000000 0.992254 0.800000 0.800000 0.800000
4830.265625 0.000000 2200.111328 0.000000 0.939463 0.000000 0.342650 0.800000 0.800000 0.800000
4806.640625 0.000000 2193.559326 0.000000 0.382004 0.000000 0.924161 0.800000 0.800000 0.800000
4819.084473 0.000000 2177.335205 0.000000 0.297826 0.000000 -0.954620 0.800000 0.800000 0.800000
4809.268066 0.000000 2176.610107 0.000000 0.329347 0.000000 0.944209 0.800000 0.800000 0.800000
4824.203125 0.000000 2188.719482 0.000000 0.953521 0.000000 0.301326 0.800000 0.800000 0.800000
4816.966309 0.000000 2190.535400 0.000000 0.484393 0.000000 0.874850 0.800000 0.800000 0.800000
4811.081543 0.000000 2194.150146 0.000000 0.052102 0.000000 -0.998642 0.800000 0.800000 0.800000
4812.549805 0.000000 2192.835205 0.000000 0.924405 0.000000 0.381412 0.800000 0.800000 0.800000
4831.549805 0.000000 2205.235352 0.000000 0.280269 0.000000 0.959921 0.800000 0.800000 0.800000
4822.630859 0.000000 2200.743408 0.000000 0.761939 0.000000 -0.647648 0.800000 0.800000 0.800000
4834.780762 0.000000 2205.285156 0.000000 0.451218 0.000000 -0.892413 0.800000 0.800000 0.800000
4836.083496 0.000000 2190.666748 0.000000 0.157744 0.000000 -0.987480 0.800000 0.800000 0.800000
4862.278320 0.000000 2206.367676 0.000000 0.713568 0.000000 0.700586 0.800000 0.800000 0.800000
4832.356445 0.000000 2193.087646 0.000000 0.686543 0.000000 0.727089 0.800000 0.800000 0.800000
4832.250000 0.000000 2201.564697 0.000000 0.990061 0.000000 0.140636 0.800000 0.800000 0.800000
4847.351562 0.000000 2200.339844 0.000000 0.587639 0.000000 -0.809123 0.800000 0.800000 0.800000
4832.050293 0.000000 2206.543213 0.000000 0.012726 0.000000 -0.999919 0.800000 0.800000 0.800000
4844.854004 0.000000 2203.902832 0.000000 0.869814 0.000000 -0.493381 0.800000 0.800000 0.800000
4844.705078 0.000000 2194.370605 0.000000 0.900654 0.000000 0.434537 0.800000 0.800000 0.800000
4834.680176 0.000000 2188.167236 0.000000 0.800261 0.000000 0.599651 0.800000 0.800000 0.800000
4850.547852 0.000000 2204.525391 0.000000 0.999499 0.000000 -0.031639 0.800000 0.800000 0.800000
4832.467285 0.000000 2204.072998 0.000000 0.990260 0.000000 -0.139229 0.800000 0.800000 0.800000
4836.362793 0.000000 2203.354004 0.000000 0.915924 0.000000 -0.401353 0.800000 0.800000 0.800000
4832.958984 0.000000 2186.274658 0.000000 0.058511 0.000000 0.998287 0.800000 0.800000 0.800000
4845.204590 0.000000 2199.266357 0.000000 0.992399 0.000000 0.123060 0.800000 0.800000 0.800000
4837.062500 0.000000 2188.391846 0.000000 0.465907 0.000000 -0.884834 0.800000 0.800000 0.800000
4834.246094 0.000000 2202.551270 0.000000 0.365362 0.000000 0.930865 0.800000 0.800000 0.800000
4838.273438 0.000000 2190.596924 0.000000 0.510929 0.000000 0.859623 0.800000 0.800000 0.800000
4845.964355 0.000000 2202.016846 0.000000 0.932205 0.000000 -0.361930 0.800000 0.800000 0.800000
4854.239258 0.000000 2207.347656 0.000000 0.949676 0.000000 0.313234 0.800000 0.800000 0.800000
4859.040039 0.000000 2207.215088 0.000000 0.743202 0.000000 0.669067 0.800000 0.800000 0.800000
4843.396973 0.000000 2196.324707 0.000000 0.071621 0.000000 -0.997432 0.800000 0.800000 0.800000
4841.355957 0.000000 2197.099121 0.000000 0.991872 0.000000 -0.127236 0.800000 0.800000 0.800000
4846.784668 0.000000 2205.668213 0.000000 0.276234 0.000000 -0.961091 0.800000 0.800000 0.800000
4836.581055 0.000000 2205.118164 0.000000 0.905947 0.000000 0.423391 0.800000 0.800000 0.800000
4836.093262 0.000000 2194.067139 0.000000 0.858212 0.000000 -0.513295 0.800000 0.800000 0.800000
4836.183105 0.000000 2195.820801 0.000000 0.686925 0.000000 -0.726729 0.800000 0.800000 0.800000
4860.635254 0.000000 2206.694336 0.000000 0.846832 0.000000 -0.531861 0.800000 0.800000 0.800000
4833.893555 0.000000 2206.636963 0.000000 0.282587 0.000000 0.959242 0.800000 0.800000 0.800000
4847.578613 0.000000 2202.102539 0.000000 0.832271 0.000000 -0.554369 0.800000 0.800000 0.800000
4832.011719 0.000000 2190.166016 0.000000 0.782113 0.000000 0.623137 0.800000 0.800000 0.800000
4838.650879 0.000000 2188.563477 0.000000 0.999568 0.000000 -0.029389 0.800000 0.800000 0.800000
4849.285645 0.000000 2203.556396 0.000000 0.976870 0.000000 -0.213834 0.800000 0.800000 0.800000
4855.590820 0.000000 2206.342529 0.000000 0.912470 0.000000 -0.409143 0.800000 0.800000 0.800000
4843.081543 0.000000 2194.150146 0.000000 0.890518 0.000000 0.454948 0.800000 0.800000 0.800000
4848.834961 0.000000 2205.049316 0.000000 0.367469 0.000000 -0.930036 0.800000 0.800000 0.800000
4834.733887 0.000000 2201.056152 0.000000 0.463950 0.000000 0.885861 0.800000 0.800000 0.800000
4835.676758 0.000000 2206.721436 0.000000 0.776653 0.000000 0.629928 0.800000 0.800000 0.800000
4838.694336 0.000000 2207.479492 0.000000 0.957197 0.000000 -0.289438 0.800000 0.800000 0.800000
4850.473633 0.000000 2207.398438 0.000000 0.914485 0.000000 0.404619 0.800000 0.800000 0.800000
4851.002441 0.000000 2205.975586 0.000000 0.796512 0.000000 0.604622 0.800000 0.800000 0.800000
4863.500000 0.000000 2207.470215 0.000000 0.983200 0.000000 0.182530 0.800000 0.800000 0.800000
4843.695801 0.000000 2199.702881 0.000000 0.591797 0.000000 -0.806087 0.800000 0.800000 0.800000
4834.875000 0.000000 2189.760010 0.000000 0.233840 0.000000 -0.972275 0.800000 0.800000 0.800000
4800.050293 0.000000 2238.543213 0.000000 0.759723 0.000000 -0.650246 0.800000 0.800000 0.800000
4804.581055 0.000000 2237.118164 0.000000 0.329326 0.000000 -0.944216 0.800000 0.800000 0.800000
4801.893555 0.000000 2238.636963 0.000000 0.047727 0.000000 -0.998860 0.800000 0.800000 0.800000
4802.733887 0.000000 2233.056152 0.000000 0.998933 0.000000 -0.046192 0.800000 0.800000 0.800000
4803.676758 0.000000 2238.721436 0.000000 0.813002 0.000000 -0.582261 0.800000 0.800000 0.800000
4856.140625 0.000000 2218.975586 0.000000 0.367394 0.000000 0.930065 0.800000 0.800000 0.800000
4859.528809 0.000000 2208.375977 0.000000 0.730707 0.000000 -0.682692 0.800000 0.800000 0.800000
4837.689453 0.000000 2208.395264 0.000000 0.997636 0.000000 -0.068725 0.800000 0.800000 0.800000
4857.850586 0.000000 2226.422363 0.000000 0.927765 0.000000 0.373165 0.800000 0.800000 0.800000
4848.895020 0.000000 2218.459717 0.000000 0.127089 0.000000 -0.991891 0.800000 0.800000 0.800000
4861.208008 0.000000 2214.763916 0.000000 0.822808 0.000000 -0.568320 0.800000 0.800000 0.800000
4850.674805 0.000000 2224.570068 0.000000 0.999914 0.000000 -0.013138 0.800000 0.800000 0.800000
4861.637695 0.000000 2221.300781 0.000000 0.969717 0.000000 0.244230 0.800000 0.800000 0.800000
4847.659668 0.000000 2235.973877 0.000000 0.943695 0.000000 0.330818 0.800000 0.800000 0.800000
4836.835938 0.000000 2213.125488 0.000000 0.109540 0.000000 -0.993982 0.800000 0.800000 0.800000
4843.836914 0.000000 2233.214111 0.000000 0.830071 0.000000 0.557658 0.800000 0.800000 0.800000
4854.946289 0.000000 2229.656006 0.000000 0.959992 0.000000 0.280028 0.800000 0.800000 0.800000
4856.881348 0.000000 2214.743896 0.000000 0.825970 0.000000 -0.563714 0.800000 0.800000 0.800000
4855.070312 0.000000 2223.147705 0.000000 0.814150 0.000000 -0.580655 0.800000 0.800000 0.800000
4862.638184 0.000000 2226.081055 0.000000 0.964460 0.000000 -0.264231 0.800000 0.800000 0.800000
4855.776855 0.000000 2208.716064 0.000000 0.163736 0.000000 -0.986504 0.800000 0.800000 0.800000
4859.688477 0.000000 2218.264893 0.000000 0.151226 0.000000 -0.988499 0.800000 0.800000 0.800000
4858.444336 0.000000 2211.654053 0.000000 0.735159 0.000000 0.677895 0.800000 0.800000 0.800000
4851.479004 0.000000 2234.200928 0.000000 0.968837 0.000000 0.247699 0.800000 0.800000 0.800000
4835.392090 0.000000 2210.345947 0.000000 0.735432 0.000000 -0.677598 0.800000 0.800000 0.800000
4862.826660 0.000000 2208.403076 0.000000 0.709190 0.000000 0.705017 0.800000 0.800000 0.800000
4837.927246 0.000000 2215.717529 0.000000 0.822972 0.000000 0.568081 0.800000 0.800000 0.800000
4840.185059 0.000000 2239.080078 0.000000 0.104221 0.000000 -0.994554 0.800000 0.800000 0.800000
4843.033691 0.000000 2230.317383 0.000000 0.035823 0.000000 -0.999358 0.800000 0.800000 0.800000
4853.305664 0.000000 2231.923584 0.000000 0.809302 0.000000 -0.587393 0.800000 0.800000 0.800000
4850.714355 0.000000 2210.874268 0.000000 0.948720 0.000000 0.316117 0.800000 0.800000 0.800000
4842.750488 0.000000 2221.136230 0.000000 0.197422 0.000000 0.980319 0.800000 0.800000 0.800000
4844.705078 0.000000 2226.370605 0.000000 0.543970 0.000000 0.839105 0.800000 0.800000 0.800000
4839.368652 0.000000 2213.585449 0.000000 0.231282 0.000000 0.972887 0.800000 0.800000 0.800000
4850.547852 0.000000 2236.525391 0.000000 0.000466 0.000000 1.000000 0.800000 0.800000 0.800000
4853.446777 0.000000 2218.620850 0.000000 0.985442 0.000000 -0.170010 0.800000 0.800000 0.800000
4855.974609 0.000000 2231.988281 0.000000 0.892113 0.000000 0.451812 0.800000 0.800000 0.800000
4861.393555 0.000000 2223.808350 0.000000 0.438757 0.000000 -0.898606 0.800000 0.800000 0.800000
4850.198730 0.000000 2216.187256 0.000000 0.747143 0.000000 0.664663 0.800000 0.800000 0.800000
4854.221680 0.000000 2214.269287 0.000000 0.882585 0.000000 0.470152 0.800000 0.800000 0.800000
4849.465332 0.000000 2220.796875 0.000000 0.315196 0.000000 -0.949027 0.800000 0.800000 0.800000
4857.684082 0.000000 2216.959473 0.000000 0.256932 0.000000 -0.966430 0.800000 0.800000 0.800000
4845.875977 0.000000 2224.021484 0.000000 0.876765 0.000000 -0.480918 0.800000 0.800000 0.800000
4854.485352 0.000000 2220.843750 0.000000 0.334383 0.000000 0.942437 0.800000 0.800000 0.800000
4860.687012 0.000000 2231.710449 0.000000 0.982082 0.000000 -0.188453 0.800000 0.800000 0.800000
4848.428711 0.000000 2210.484863 0.000000 0.644009 0.000000 0.765018 0.800000 0.800000 0.800000
4845.204590 0.000000 2231.266357 0.000000 0.224442 0.000000 0.974488 0.800000 0.800000 0.800000
4863.132812 0.000000 2213.350342 0.000000 0.633700 0.000000 -0.773579 0.800000 0.800000 0.800000
4851.970703 0.000000 2214.099609 0.000000 0.373380 0.000000 0.927678 0.800000 0.800000 0.800000
4851.187500 0.000000 2218.143555 0.000000 0.880467 0.000000 -0.474107 0.800000 0.800000 0.800000
4859.976074 0.000000 2225.555908 0.000000 0.976857 0.000000 0.213894 0.800000 0.800000 0.800000
4845.964355 0.000000 2234.016846 0.000000 0.583263 0.000000 -0.812284 0.800000 0.800000 0.800000
4856.831543 0.000000 2224.414062 0.000000 0.913675 0.000000 0.406445 0.800000 0.800000 0.800000
4863.486328 0.000000 2222.729736 0.000000 0.504962 0.000000 0.863141 0.800000 0.800000 0.800000
4841.272949 0.000000 2214.693604 0.000000 0.175770 0.000000 0.984431 0.800000 0.800000 0.800000
4857.803223 0.000000 2209.642578 0.000000 0.493029 0.000000 0.870013 0.800000 0.800000 0.800000
4852.604980 0.000000 2225.452393 0.000000 0.923819 0.000000 -0.382830 0.800000 0.800000 0.800000
4852.404785 0.000000 2229.760742 0.000000 0.006103 0.000000 -0.999981 0.800000 0.800000 0.800000
4842.937500 0.000000 2235.137207 0.000000 0.866193 0.000000 0.499710 0.800000 0.800000 0.800000
4859.545410 0.000000 2216.090576 0.000000 0.508110 0.000000 -0.861292 0.800000 0.800000 0.800000
4860.015625 0.000000 2210.344238 0.000000 0.701975 0.000000 -0.712201 0.800000 0.800000 0.800000
4860.344727 0.000000 2212.531250 0.000000 0.474744 0.000000 0.880124 0.800000 0.800000 0.800000
4859.794434 0.000000 2229.787598 0.000000 0.444761 0.000000 0.895649 0.800000 0.800000 0.800000
4850.561035 0.000000 2222.499512 0.000000 0.660300 0.000000 -0.751002 0.800000 0.800000 0.800000
4848.224609 0.000000 2216.540039 0.000000 0.555283 0.000000 -0.831661 0.800000 0.800000 0.800000
4840.626953 0.000000 2236.834717 0.000000 0.391430 0.000000 -0.920208 0.800000 0.800000 0.800000
4856.048828 0.000000 2227.469727 0.000000 0.880586 0.000000 0.473887 0.800000 0.800000 0.800000
4842.949219 0.000000 2239.362549 0.000000 0.956067 0.000000 0.293149 0.800000 0.800000 0.800000
4854.376465 0.000000 2210.116943 0.000000 0.690187 0.000000 0.723631 0.800000 0.800000 0.800000
4861.257812 0.000000 2217.212891 0.000000 0.371164 0.000000 -0.928567 0.800000 0.800000 0.800000
4855.844727 0.000000 2213.177002 0.000000 0.195718 0.000000 -0.980660 0.800000 0.800000 0.800000
4863.681152 0.000000 2211.447510 0.000000 0.405534 0.000000 -0.914080 0.800000 0.800000 0.800000
4853.761719 0.000000 2228.190674 0.000000 0.088576 0.000000 0.996069 0.800000 0.800000 0.800000
4847.044922 0.000000 2227.861572 0.000000 0.660983 0.000000 -0.750401 0.800000 0.800000 0.800000
4835.888672 0.000000 2208.005859 0.000000 0.567354 0.000000 -0.823474 0.800000 0.800000 0.800000
4848.537598 0.000000 2212.258057 0.000000 0.664469 0.000000 0.747315 0.800000 0.800000 0.800000
4851.708496 0.000000 2212.376953 0.000000 0.913634 0.000000 0.406538 0.800000 0.800000 0.800000
4861.178223 0.000000 2208.849121 0.000000 0.858506 0.000000 0.512803 0.800000 0.800000 0.800000
4858.002930 0.000000 2218.849609 0.000000 0.973880 0.000000 -0.227064 0.800000 0.800000 0.800000
4853.188477 0.000000 2233.717773 0.000000 0.997854 0.000000 -0.065483 0.800000 0.800000 0.800000
4856.453613 0.000000 2233.787109 0.000000 0.172999 0.000000 -0.984922 0.800000 0.800000 0.800000
4862.976074 0.000000 2224.349609 0.000000 0.423827 0.000000 0.905743 0.800000 0.800000 0.800000
4839.581543 0.000000 2215.327881 0.000000 0.534076 0.000000 -0.845436 0.800000 0.800000 0.800000
4852.462891 0.000000 2237.276855 0.000000 0.993658 0.000000 -0.112446 0.800000 0.800000 0.800000
4848.638672 0.000000 2214.836670 0.000000 0.999451 0.000000 0.033137 0.800000 0.800000 0.800000
4854.152832 0.000000 2208.035645 0.000000 0.238894 0.000000 0.971046 0.800000 0.800000 0.800000
4858.438965 0.000000 2224.730713 0.000000 0.528035 0.000000 -0.849222 0.800000 0.800000 0.800000
4853.941895 0.000000 2224.472168 0.000000 0.955380 0.000000 0.295380 0.800000 0.800000 0.800000
4857.583496 0.000000 2213.075439 0.000000 0.423316 0.000000 0.905982 0.800000 0.800000 0.800000
4856.854492 0.000000 2230.473877 0.000000 0.969670 0.000000 0.244419 0.800000 0.800000 0.800000
4836.522949 0.000000 2214.759521 0.000000 0.384654 0.000000 0.923061 0.800000 0.800000 0.800000
4847.578613 0.000000 2234.102539 0.000000 0.383594 0.000000 0.923502 0.800000 0.800000 0.800000
4858.728516 0.000000 2227.922852 0.000000 0.967226 0.000000 0.253916 0.800000 0.800000 0.800000
4851.084473 0.000000 2209.335205 0.000000 0.988001 0.000000 0.154446 0.800000 0.800000 0.800000
4850.771973 0.000000 2219.671143 0.000000 0.755995 0.000000 -0.654578 0.800000 0.800000 0.800000
4836.938477 0.000000 2209.883301 0.000000 0.971679 0.000000 -0.236304 0.800000 0.800000 0.800000
4856.145020 0.000000 2225.820312 0.000000 0.969370 0.000000 -0.245606 0.800000 0.800000 0.800000
4859.508301 0.000000 2232.722168 0.000000 0.463257 0.000000 0.886224 0.800000 0.800000 0.800000
4862.987305 0.000000 2210.009277 0.000000 0.801518 0.000000 0.597970 0.800000 0.800000 0.800000
4859.178223 0.000000 2235.461670 0.000000 0.449560 0.000000 0.893250 0.800000 0.800000 0.800000
4838.268555 0.000000 2212.503174 0.000000 0.678446 0.000000 -0.734650 0.800000 0.800000 0.800000
4844.549805 0.000000 2224.835205 0.000000 0.908629 0.000000 -0.417604 0.800000 0.800000 0.800000
4857.544434 0.000000 2208.103271 0.000000 0.035244 0.000000 0.999379 0.800000 0.800000 0.800000
4848.136719 0.000000 2208.126709 0.000000 0.478860 0.000000 0.877891 0.800000 0.800000 0.800000
4838.830566 0.000000 2209.407471 0.000000 0.810030 0.000000 0.586389 0.800000 0.800000 0.800000
4851.002441 0.000000 2237.975586 0.000000 0.725585 0.000000 -0.688133 0.800000 0.800000 0.800000
4843.695801 0.000000 2231.702881 0.000000 0.174194 0.000000 -0.984711 0.800000 0.800000 0.800000
4853.873535 0.000000 2222.191895 0.000000 0.159099 0.000000 -0.987263 0.800000 0.800000 0.800000
4854.630859 0.000000 2232.743408 0.000000 0.841781 0.000000 -0.539819 0.800000 0.800000 0.800000
4762.338867 0.000000 2263.165771 0.000000 0.858934 0.000000 -0.512087 0.800000 0.800000 0.800000
4766.717773 0.000000 2250.415527 0.000000 0.945123 0.000000 0.326715 0.800000 0.800000 0.800000
4764.349609 0.000000 2259.803467 0.000000 0.479549 0.000000 -0.877515 0.800000 0.800000 0.800000
4765.393555 0.000000 2255.808350 0.000000 0.529316 0.000000 -0.848425 0.800000 0.800000 0.800000
4766.364258 0.000000 2267.971680 0.000000 0.998474 0.000000 0.055230 0.800000 0.800000 0.800000
4764.687012 0.000000 2263.710449 0.000000 0.880194 0.000000 0.474613 0.800000 0.800000 0.800000
4763.976074 0.000000 2257.555908 0.000000 0.998542 0.000000 0.053975 0.800000 0.800000 0.800000
4767.804688 0.000000 2263.430420 0.000000 0.834666 0.000000 -0.550757 0.800000 0.800000 0.800000
4762.053711 0.000000 2265.255127 0.000000 0.805661 0.000000 0.592377 0.800000 0.800000 0.800000
4767.156738 0.000000 2260.075439 0.000000 0.182394 0.000000 0.983226 0.800000 0.800000 0.800000
4763.794434 0.000000 2261.787598 0.000000 0.609851 0.000000 -0.792516 0.800000 0.800000 0.800000
4767.356934 0.000000 2252.235596 0.000000 0.999646 0.000000 0.026622 0.800000 0.800000 0.800000
4766.976074 0.000000 2256.349609 0.000000 0.933680 0.000000 -0.358109 0.800000 0.800000 0.800000
4762.438965 0.000000 2256.730713 0.000000 0.937765 0.000000 -0.347271 0.800000 0.800000 0.800000
4766.265625 0.000000 2264.111328 0.000000 0.671628 0.000000 0.740888 0.800000 0.800000 0.800000
4762.728516 0.000000 2259.922852 0.000000 0.899816 0.000000 -0.436270 0.800000 0.800000 0.800000
4763.508301 0.000000 2264.722168 0.000000 0.687622 0.000000 -0.726069 0.800000 0.800000 0.800000
4767.549805 0.000000 2269.235352 0.000000 0.486764 0.000000 0.873533 0.800000 0.800000 0.800000
4767.500000 0.000000 2271.470215 0.000000 0.805555 0.000000 -0.592521 0.800000 0.800000 0.800000
4778.484375 0.000000 2269.530273 0.000000 0.679067 0.000000 -0.734076 0.800000 0.800000 0.800000
4782.183594 0.000000 2243.834961 0.000000 0.979697 0.000000 -0.200486 0.800000 0.800000 0.800000
4797.208008 0.000000 2246.763916 0.000000 0.988203 0.000000 -0.153152 0.800000 0.800000 0.800000
4797.637695 0.000000 2253.300781 0.000000 0.221830 0.000000 0.975085 0.800000 0.800000 0.800000
4772.835938 0.000000 2245.125488 0.000000 0.339556 0.000000 -0.940586 0.800000 0.800000 0.800000
4768.114746 0.000000 2252.443359 0.000000 0.847668 0.000000 -0.530527 0.800000 0.800000 0.800000
4780.507324 0.000000 2251.169922 0.000000 0.546808 0.000000 0.837258 0.800000 0.800000 0.800000
4792.881348 0.000000 2246.743896 0.000000 0.877059 0.000000 0.480382 0.800000 0.800000 0.800000
4788.771973 0.000000 2248.209473 0.000000 0.387771 0.000000 -0.921756 0.800000 0.800000 0.800000
4776.103516 0.000000 2253.298096 0.000000 0.016898 0.000000 -0.999857 0.800000 0.800000 0.800000
4782.386230 0.000000 2247.658691 0.000000 0.401583 0.000000 0.915823 0.800000 0.800000 0.800000
4798.638184 0.000000 2258.081055 0.000000 0.815088 0.000000 -0.579337 0.800000 0.800000 0.800000
4791.776855 0.000000 2240.716064 0.000000 0.986864 0.000000 -0.161553 0.800000 0.800000 0.800000
4795.688477 0.000000 2250.264893 0.000000 0.879209 0.000000 0.476437 0.800000 0.800000 0.800000
4794.762207 0.000000 2255.115967 0.000000 0.163539 0.000000 0.986537 0.800000 0.800000 0.800000
4798.717773 0.000000 2250.415527 0.000000 0.844494 0.000000 0.535565 0.800000 0.800000 0.800000
4771.392090 0.000000 2242.345947 0.000000 0.826073 0.000000 0.563563 0.800000 0.800000 0.800000
4788.718750 0.000000 2241.037598 0.000000 0.997141 0.000000 -0.075557 0.800000 0.800000 0.800000
4776.185059 0.000000 2271.080078 0.000000 0.981653 0.000000 -0.190674 0.800000 0.800000 0.800000
4779.033691 0.000000 2262.317383 0.000000 0.152268 0.000000 -0.988339 0.800000 0.800000 0.800000
4786.714355 0.000000 2242.874268 0.000000 0.158334 0.000000 0.987386 0.800000 0.800000 0.800000
4778.750488 0.000000 2253.136230 0.000000 0.976312 0.000000 0.216369 0.800000 0.800000 0.800000
4769.512695 0.000000 2254.743652 0.000000 0.994002 0.000000 0.109363 0.800000 0.800000 0.800000
4789.446777 0.000000 2250.620850 0.000000 0.999549 0.000000 -0.030031 0.800000 0.800000 0.800000
4786.198730 0.000000 2248.187256 0.000000 0.048236 0.000000 -0.998836 0.800000 0.800000 0.800000
4772.362793 0.000000 2267.354004 0.000000 0.874516 0.000000 0.484997 0.800000 0.800000 0.800000
4791.161133 0.000000 2248.527832 0.000000 0.821412 0.000000 -0.570336 0.800000 0.800000 0.800000
4781.081055 0.000000 2253.754883 0.000000 0.982124 0.000000 -0.188237 0.800000 0.800000 0.800000
4782.810547 0.000000 2251.831299 0.000000 0.896455 0.000000 0.443135 0.800000 0.800000 0.800000
4793.684082 0.000000 2248.959473 0.000000 0.445921 0.000000 -0.895072 0.800000 0.800000 0.800000
4790.485352 0.000000 2252.843750 0.000000 0.995380 0.000000 -0.096011 0.800000 0.800000 0.800000
4788.653320 0.000000 2255.089111 0.000000 0.624129 0.000000 -0.781321 0.800000 0.800000 0.800000
4768.958984 0.000000 2250.274658 0.000000 0.213170 0.000000 0.977015 0.800000 0.800000 0.800000
4787.970703 0.000000 2246.099609 0.000000 0.570696 0.000000 -0.821162 0.800000 0.800000 0.800000
4783.387695 0.000000 2245.666260 0.000000 0.613084 0.000000 -0.790018 0.800000 0.800000 0.800000
4784.561035 0.000000 2256.060791 0.000000 0.908238 0.000000 0.418453 0.800000 0.800000 0.800000
4794.989258 0.000000 2246.112061 0.000000 0.981281 0.000000 -0.192581 0.800000 0.800000 0.800000
4781.964355 0.000000 2266.016846 0.000000 0.992440 0.000000 -0.122733 0.800000 0.800000 0.800000
4792.831543 0.000000 2256.414062 0.000000 0.831016 0.000000 -0.556249 0.800000 0.800000 0.800000
4799.486328 0.000000 2254.729736 0.000000 0.188720 0.000000 -0.982031 0.800000 0.800000 0.800000
4783.287109 0.000000 2262.051514 0.000000 0.935320 0.000000 -0.353803 0.800000 0.800000 0.800000
4782.213867 0.000000 2249.784424 0.000000 0.993214 0.000000 -0.116301 0.800000 0.800000 0.800000
4785.991211 0.000000 2258.651855 0.000000 0.232857 0.000000 0.972511 0.800000 0.800000 0.800000
4793.803223 0.000000 2241.642578 0.000000 0.745770 0.000000 0.666204 0.800000 0.800000 0.800000
4780.532715 0.000000 2270.151123 0.000000 0.987146 0.000000 0.159822 0.800000 0.800000 0.800000
4779.514160 0.000000 2249.306885 0.000000 0.426935 0.000000 -0.904282 0.800000 0.800000 0.800000
4788.604980 0.000000 2257.452393 0.000000 0.854476 0.000000 -0.519490 0.800000 0.800000 0.800000
4799.156738 0.000000 2260.075439 0.000000 0.915850 0.000000 -0.401522 0.800000 0.800000 0.800000
4770.060547 0.000000 2240.627197 0.000000 0.939897 0.000000 -0.341459 0.800000 0.800000 0.800000
4792.985840 0.000000 2254.133301 0.000000 0.999892 0.000000 -0.014663 0.800000 0.800000 0.800000
4786.561035 0.000000 2254.499512 0.000000 0.817875 0.000000 0.575395 0.800000 0.800000 0.800000
4784.224609 0.000000 2248.540039 0.000000 0.966021 0.000000 -0.258462 0.800000 0.800000 0.800000
4779.396973 0.000000 2260.324707 0.000000 0.999829 0.000000 0.018498 0.800000 0.800000 0.800000
4776.626953 0.000000 2268.834717 0.000000 0.967457 0.000000 0.253034 0.800000 0.800000 0.800000
4777.355957 0.000000 2261.099121 0.000000 0.570145 0.000000 0.821544 0.800000 0.800000 0.800000
4778.949219 0.000000 2271.362549 0.000000 0.906829 0.000000 0.421499 0.800000 0.800000 0.800000
4790.376465 0.000000 2242.116943 0.000000 0.748858 0.000000 -0.662730 0.800000 0.800000 0.800000
4799.356934 0.000000 2252.235596 0.000000 0.972818 0.000000 0.231573 0.800000 0.800000 0.800000
4797.257812 0.000000 2249.212891 0.000000 0.983148 0.000000 -0.182811 0.800000 0.800000 0.800000
4791.844727 0.000000 2245.177002 0.000000 0.999952 0.000000 -0.009755 0.800000 0.800000 0.800000
4797.113770 0.000000 2251.523193 0.000000 0.612409 0.000000 0.790541 0.800000 0.800000 0.800000
4783.044922 0.000000 2259.861572 0.000000 0.865338 0.000000 -0.501188 0.800000 0.800000 0.800000
4771.888672 0.000000 2240.005859 0.000000 0.999466 0.000000 -0.032681 0.800000 0.800000 0.800000
4781.515625 0.000000 2242.147461 0.000000 0.640670 0.000000 0.767817 0.800000 0.800000 0.800000
4774.020020 0.000000 2266.623779 0.000000 0.869645 0.000000 0.493678 0.800000 0.800000 0.800000
4797.178223 0.000000 2240.849121 0.000000 0.864159 0.000000 -0.503219 0.800000 0.800000 0.800000
4794.002930 0.000000 2250.849609 0.000000 0.997329 0.000000 0.073041 0.800000 0.800000 0.800000
4774.806641 0.000000 2269.964111 0.000000 0.829606 0.000000 0.558350 0.800000 0.800000 0.800000
4798.976074 0.000000 2256.349609 0.000000 0.298257 0.000000 -0.954485 0.800000 0.800000 0.800000
4788.375488 0.000000 2242.693115 0.000000 0.235889 0.000000 -0.971780 0.800000 0.800000 0.800000
4784.638672 0.000000 2246.836670 0.000000 0.927408 0.000000 -0.374052 0.800000 0.800000 0.800000
4790.152832 0.000000 2240.035645 0.000000 0.554337 0.000000 0.832293 0.800000 0.800000 0.800000
4789.941895 0.000000 2256.472168 0.000000 0.198163 0.000000 -0.980169 0.800000 0.800000 0.800000
4781.696777 0.000000 2246.164062 0.000000 0.148096 0.000000 -0.988973 0.800000 0.800000 0.800000
4793.583496 0.000000 2245.075439 0.000000 0.120711 0.000000 -0.992688 0.800000 0.800000 0.800000
4771.270996 0.000000 2244.019043 0.000000 0.933605 0.000000 0.358303 0.800000 0.800000 0.800000
4781.047852 0.000000 2248.605469 0.000000 0.964684 0.000000 0.263411 0.800000 0.800000 0.800000
4778.195801 0.000000 2248.319580 0.000000 0.330854 0.000000 -0.943682 0.800000 0.800000 0.800000
4768.011719 0.000000 2254.166016 0.000000 0.946860 0.000000 -0.321646 0.800000 0.800000 0.800000
4787.084473 0.000000 2241.335205 0.000000 0.981657 0.000000 -0.190657 0.800000 0.800000 0.800000
4772.938477 0.000000 2241.883301 0.000000 0.769359 0.000000 0.638817 0.800000 0.800000 0.800000
4776.372559 0.000000 2264.508789 0.000000 0.571458 0.000000 0.820631 0.800000 0.800000 0.800000
4792.145020 0.000000 2257.820312 0.000000 0.945925 0.000000 0.324387 0.800000 0.800000 0.800000
4784.966309 0.000000 2254.535400 0.000000 0.508721 0.000000 -0.860931 0.800000 0.800000 0.800000
4779.081543 0.000000 2258.150146 0.000000 0.986234 0.000000 0.165357 0.800000 0.800000 0.800000
4780.549805 0.000000 2256.835205 0.000000 0.419274 0.000000 0.907860 0.800000 0.800000 0.800000
4793.544434 0.000000 2240.103271 0.000000 0.508839 0.000000 -0.860862 0.800000 0.800000 0.800000
4774.694336 0.000000 2271.479492 0.000000 0.985089 0.000000 -0.172048 0.800000 0.800000 0.800000
4769.424805 0.000000 2253.200684 0.000000 0.991742 0.000000 -0.128248 0.800000 0.800000 0.800000
4775.569336 0.000000 2266.779785 0.000000 0.782532 0.000000 -0.622610 0.800000 0.800000 0.800000
4779.695801 0.000000 2263.702881 0.000000 0.468619 0.000000 -0.883400 0.800000 0.800000 0.800000
4789.873535 0.000000 2254.191895 0.000000 0.996711 0.000000 0.081040 0.800000 0.800000 0.800000
4764.322754 0.000000 2298.183594 0.000000 0.883105 0.000000 -0.469175 0.800000 0.800000 0.800000
4766.638184 0.000000 2290.081055 0.000000 0.915157 0.000000 -0.403098 0.800000 0.800000 0.800000
4767.086914 0.000000 2297.549561 0.000000 0.116742 0.000000 0.993162 0.800000 0.800000 0.800000
4764.349609 0.000000 2291.803467 0.000000 0.284814 0.000000 -0.958583 0.800000 0.800000 0.800000
4763.829590 0.000000 2300.882324 0.000000 0.651026 0.000000 0.759055 0.800000 0.800000 0.800000
4767.804688 0.000000 2295.430420 0.000000 0.864492 0.000000 0.502647 0.800000 0.800000 0.800000
4767.486328 0.000000 2286.729736 0.000000 0.535230 0.000000 -0.844706 0.800000 0.800000 0.800000
4763.040039 0.000000 2303.215088 0.000000 0.379991 0.000000 0.924990 0.800000 0.800000 0.800000
4767.356934 0.000000 2284.235596 0.000000 0.997159 0.000000 0.075321 0.800000 0.800000 0.800000
4766.976074 0.000000 2288.349609 0.000000 0.383016 0.000000 -0.923742 0.800000 0.800000 0.800000
4761.429199 0.000000 2303.939209 0.000000 0.989903 0.000000 0.141748 0.800000 0.800000 0.800000
4766.265625 0.000000 2296.111328 0.000000 0.540186 0.000000 0.841546 0.800000 0.800000 0.800000
4762.185547 0.000000 2300.829590 0.000000 0.940020 0.000000 0.341119 0.800000 0.800000 0.800000
4776.532227 0.000000 2280.712158 0.000000 0.425403 0.000000 -0.905004 0.800000 0.800000 0.800000
4776.221191 0.000000 2294.685059 0.000000 0.940558 0.000000 -0.339632 0.800000 0.800000 0.800000
4780.507324 0.000000 2283.169922 0.000000 0.250428 0.000000 0.968135 0.800000 0.800000 0.800000
4777.818359 0.000000 2276.514404 0.000000 0.030325 0.000000 0.999540 0.800000 0.800000 0.800000
4776.103516 0.000000 2285.298096 0.000000 0.945242 0.000000 -0.326371 0.800000 0.800000 0.800000
4772.398926 0.000000 2282.167725 0.000000 0.046628 0.000000 0.998912 0.800000 0.800000 0.800000
4774.714355 0.000000 2300.230957 0.000000 0.973242 0.000000 0.229782 0.800000 0.800000 0.800000
4777.813965 0.000000 2291.114990 0.000000 0.949401 0.000000 -0.314067 0.800000 0.800000 0.800000
4776.295410 0.000000 2273.879395 0.000000 0.349240 0.000000 -0.937033 0.800000 0.800000 0.800000
4773.927246 0.000000 2279.717529 0.000000 0.955497 0.000000 -0.295001 0.800000 0.800000 0.800000
4780.854004 0.000000 2299.902832 0.000000 0.978041 0.000000 0.208414 0.800000 0.800000 0.800000
4779.740234 0.000000 2274.653809 0.000000 0.124909 0.000000 -0.992168 0.800000 0.800000 0.800000
4778.750488 0.000000 2285.136230 0.000000 0.669577 0.000000 0.742743 0.800000 0.800000 0.800000
4775.368652 0.000000 2277.585449 0.000000 0.947683 0.000000 -0.319212 0.800000 0.800000 0.800000
4774.830566 0.000000 2282.974365 0.000000 0.332268 0.000000 0.943185 0.800000 0.800000 0.800000
4777.937012 0.000000 2282.743164 0.000000 0.079785 0.000000 0.996812 0.800000 0.800000 0.800000
4774.820312 0.000000 2296.960938 0.000000 0.985313 0.000000 0.170760 0.800000 0.800000 0.800000
4774.085938 0.000000 2274.964111 0.000000 0.729014 0.000000 0.684499 0.800000 0.800000 0.800000
4781.081055 0.000000 2285.754883 0.000000 0.400157 0.000000 0.916447 0.800000 0.800000 0.800000
4781.875977 0.000000 2288.021484 0.000000 0.067856 0.000000 -0.997695 0.800000 0.800000 0.800000
4781.204590 0.000000 2295.266357 0.000000 0.389374 0.000000 -0.921080 0.800000 0.800000 0.800000
4780.300293 0.000000 2277.050049 0.000000 0.925264 0.000000 0.379325 0.800000 0.800000 0.800000
4768.165527 0.000000 2291.417725 0.000000 0.712599 0.000000 -0.701572 0.800000 0.800000 0.800000
4781.964355 0.000000 2298.016846 0.000000 0.935919 0.000000 -0.352216 0.800000 0.800000 0.800000
4780.532715 0.000000 2302.151123 0.000000 0.139437 0.000000 0.990231 0.800000 0.800000 0.800000
4779.514160 0.000000 2281.306885 0.000000 0.619172 0.000000 -0.785255 0.800000 0.800000 0.800000
4778.937500 0.000000 2299.137207 0.000000 0.780166 0.000000 0.625572 0.800000 0.800000 0.800000
4777.966797 0.000000 2289.065430 0.000000 0.437477 0.000000 0.899230 0.800000 0.800000 0.800000
4780.803223 0.000000 2272.067871 0.000000 0.646539 0.000000 -0.762881 0.800000 0.800000 0.800000
4777.355957 0.000000 2293.099121 0.000000 0.767903 0.000000 -0.640567 0.800000 0.800000 0.800000
4776.032227 0.000000 2290.350830 0.000000 0.796406 0.000000 -0.604763 0.800000 0.800000 0.800000
4781.515625 0.000000 2274.147461 0.000000 0.159792 0.000000 -0.987151 0.800000 0.800000 0.800000
4772.581055 0.000000 2301.118164 0.000000 0.968270 0.000000 -0.249907 0.800000 0.800000 0.800000
4770.624512 0.000000 2292.837891 0.000000 0.756732 0.000000 0.653726 0.800000 0.800000 0.800000
4774.806641 0.000000 2301.964111 0.000000 0.370881 0.000000 0.928681 0.800000 0.800000 0.800000
4775.581543 0.000000 2279.327881 0.000000 0.608574 0.000000 -0.793497 0.800000 0.800000 0.800000
4774.456055 0.000000 2281.303711 0.000000 0.999752 0.000000 0.022254 0.800000 0.800000 0.800000
4776.430176 0.000000 2283.637451 0.000000 0.855683 0.000000 0.517500 0.800000 0.800000 0.800000
4781.696777 0.000000 2278.164062 0.000000 0.907230 0.000000 -0.420634 0.800000 0.800000 0.800000
4772.522949 0.000000 2278.759521 0.000000 0.664715 0.000000 0.747097 0.800000 0.800000 0.800000
4781.047852 0.000000 2280.605469 0.000000 0.461308 0.000000 -0.887240 0.800000 0.800000 0.800000
4778.195801 0.000000 2280.319580 0.000000 0.995696 0.000000 0.092682 0.800000 0.800000 0.800000
4774.650879 0.000000 2284.563477 0.000000 0.193190 0.000000 0.981161 0.800000 0.800000 0.800000
4777.268066 0.000000 2272.610107 0.000000 0.744838 0.000000 0.667245 0.800000 0.800000 0.800000
4772.652344 0.000000 2280.635742 0.000000 0.335728 0.000000 0.941959 0.800000 0.800000 0.800000
4774.268555 0.000000 2276.503174 0.000000 0.069702 0.000000 -0.997568 0.800000 0.800000 0.800000
4780.549805 0.000000 2288.835205 0.000000 0.002874 0.000000 -0.999996 0.800000 0.800000 0.800000
4778.891602 0.000000 2277.670898 0.000000 0.636015 0.000000 -0.771677 0.800000 0.800000 0.800000
4771.676758 0.000000 2302.721436 0.000000 0.586714 0.000000 0.809794 0.800000 0.800000 0.800000
4774.830566 0.000000 2273.407471 0.000000 0.961893 0.000000 0.273427 0.800000 0.800000 0.800000
4774.694336 0.000000 2303.479492 0.000000 0.991650 0.000000 -0.128961 0.800000 0.800000 0.800000
4775.569336 0.000000 2298.779785 0.000000 0.329801 0.000000 -0.944051 0.800000 0.800000 0.800000
4828.322754 0.000000 2266.183594 0.000000 0.030360 0.000000 -0.999539 0.800000 0.800000 0.800000
4811.488281 0.000000 2255.720703 0.000000 0.073559 0.000000 0.997291 0.800000 0.800000 0.800000
4818.604980 0.000000 2262.964844 0.000000 0.785784 0.000000 -0.618501 0.800000 0.800000 0.800000
4804.083496 0.000000 2254.666748 0.000000 0.977292 0.000000 -0.211896 0.800000 0.800000 0.800000
4816.895020 0.000000 2250.459717 0.000000 0.335284 0.000000 0.942117 0.800000 0.800000 0.800000
4813.486816 0.000000 2260.908447 0.000000 0.810212 0.000000 0.586137 0.800000 0.800000 0.800000
4815.659668 0.000000 2267.973877 0.000000 0.140477 0.000000 0.990084 0.800000 0.800000 0.800000
4830.278320 0.000000 2270.367676 0.000000 0.021138 0.000000 0.999777 0.800000 0.800000 0.800000
4805.686523 0.000000 2258.909180 0.000000 0.992585 0.000000 0.121555 0.800000 0.800000 0.800000
4804.280762 0.000000 2264.940430 0.000000 0.864621 0.000000 -0.502424 0.800000 0.800000 0.800000
4800.114746 0.000000 2252.443359 0.000000 0.727734 0.000000 -0.685859 0.800000 0.800000 0.800000
4800.356445 0.000000 2257.087646 0.000000 0.774992 0.000000 0.631971 0.800000 0.800000 0.800000
4811.836914 0.000000 2265.214111 0.000000 0.662372 0.000000 -0.749175 0.800000 0.800000 0.800000
4823.070312 0.000000 2255.147705 0.000000 0.507051 0.000000 0.861916 0.800000 0.800000 0.800000
4804.398926 0.000000 2250.167725 0.000000 0.945105 0.000000 0.326766 0.800000 0.800000 0.800000
4800.250000 0.000000 2265.564697 0.000000 0.056043 0.000000 -0.998428 0.800000 0.800000 0.800000
4806.714355 0.000000 2268.230957 0.000000 0.516856 0.000000 0.856072 0.800000 0.800000 0.800000
4819.964844 0.000000 2252.795898 0.000000 0.800467 0.000000 0.599376 0.800000 0.800000 0.800000
4826.762207 0.000000 2255.115967 0.000000 0.740679 0.000000 0.671859 0.800000 0.800000 0.800000
4811.363281 0.000000 2247.163086 0.000000 0.837615 0.000000 0.546261 0.800000 0.800000 0.800000
4809.041504 0.000000 2266.228760 0.000000 0.481786 0.000000 0.876289 0.800000 0.800000 0.800000
4802.625977 0.000000 2259.021484 0.000000 0.339773 0.000000 -0.940508 0.800000 0.800000 0.800000
4828.349609 0.000000 2259.803467 0.000000 0.540308 0.000000 0.841467 0.800000 0.800000 0.800000
4822.474609 0.000000 2269.117920 0.000000 0.898404 0.000000 0.439171 0.800000 0.800000 0.800000
4817.125977 0.000000 2270.585938 0.000000 0.730746 0.000000 -0.682649 0.800000 0.800000 0.800000
4805.927246 0.000000 2247.717529 0.000000 0.999976 0.000000 0.006946 0.800000 0.800000 0.800000
4808.185059 0.000000 2271.080078 0.000000 0.891555 0.000000 -0.452912 0.800000 0.800000 0.800000
4812.854004 0.000000 2267.902832 0.000000 0.352642 0.000000 0.935758 0.800000 0.800000 0.800000
4811.033691 0.000000 2262.317383 0.000000 0.996884 0.000000 -0.078883 0.800000 0.800000 0.800000
4827.829590 0.000000 2268.882324 0.000000 0.466095 0.000000 -0.884735 0.800000 0.800000 0.800000
4811.740234 0.000000 2242.653809 0.000000 0.410786 0.000000 0.911732 0.800000 0.800000 0.800000
4810.750488 0.000000 2253.136230 0.000000 0.270189 0.000000 0.962807 0.800000 0.800000 0.800000
4812.705078 0.000000 2258.370605 0.000000 0.579786 0.000000 0.814769 0.800000 0.800000 0.800000
4807.368652 0.000000 2245.585449 0.000000 0.093022 0.000000 0.995664 0.800000 0.800000 0.800000
4818.547852 0.000000 2268.525391 0.000000 0.628126 0.000000 0.778112 0.800000 0.800000 0.800000
4801.512695 0.000000 2254.743652 0.000000 0.167010 0.000000 -0.985955 0.800000 0.800000 0.800000
4806.830566 0.000000 2250.974365 0.000000 0.868355 0.000000 0.495944 0.800000 0.800000 0.800000
4803.293457 0.000000 2247.879150 0.000000 0.995555 0.000000 -0.094179 0.800000 0.800000 0.800000
4829.393555 0.000000 2255.808350 0.000000 0.699651 0.000000 0.714485 0.800000 0.800000 0.800000
4818.198730 0.000000 2248.187256 0.000000 0.314403 0.000000 -0.949290 0.800000 0.800000 0.800000
4825.373047 0.000000 2260.834229 0.000000 0.010265 0.000000 -0.999947 0.800000 0.800000 0.800000
4806.820312 0.000000 2264.960938 0.000000 0.890195 0.000000 0.455580 0.800000 0.800000 0.800000
4801.881836 0.000000 2263.758057 0.000000 0.984298 0.000000 0.176513 0.800000 0.800000 0.800000
4804.362793 0.000000 2267.354004 0.000000 0.761324 0.000000 -0.648372 0.800000 0.800000 0.800000
4806.085938 0.000000 2242.964111 0.000000 0.425317 0.000000 -0.905044 0.800000 0.800000 0.800000
4813.081055 0.000000 2253.754883 0.000000 0.810308 0.000000 0.586004 0.800000 0.800000 0.800000
4817.465332 0.000000 2252.796875 0.000000 0.750522 0.000000 0.660845 0.800000 0.800000 0.800000
4814.810547 0.000000 2251.831299 0.000000 0.904493 0.000000 -0.426489 0.800000 0.800000 0.800000
4822.485352 0.000000 2252.843750 0.000000 0.719910 0.000000 -0.694068 0.800000 0.800000 0.800000
4800.958984 0.000000 2250.274658 0.000000 0.647406 0.000000 0.762145 0.800000 0.800000 0.800000
4807.521973 0.000000 2260.382812 0.000000 0.875661 0.000000 0.482926 0.800000 0.800000 0.800000
4802.933105 0.000000 2256.728027 0.000000 0.366330 0.000000 0.930485 0.800000 0.800000 0.800000
4817.166992 0.000000 2265.831543 0.000000 0.798528 0.000000 0.601957 0.800000 0.800000 0.800000
4805.062500 0.000000 2252.391846 0.000000 0.996699 0.000000 0.081186 0.800000 0.800000 0.800000
4802.246094 0.000000 2266.551270 0.000000 0.267421 0.000000 -0.963580 0.800000 0.800000 0.800000
4800.165527 0.000000 2259.417725 0.000000 0.884856 0.000000 0.465864 0.800000 0.800000 0.800000
4819.187500 0.000000 2250.143555 0.000000 0.311759 0.000000 0.950161 0.800000 0.800000 0.800000
4827.976074 0.000000 2257.555908 0.000000 0.555232 0.000000 -0.831695 0.800000 0.800000 0.800000
4809.921875 0.000000 2264.186279 0.000000 0.451754 0.000000 0.892143 0.800000 0.800000 0.800000
4816.561035 0.000000 2256.060791 0.000000 0.521135 0.000000 -0.853474 0.800000 0.800000 0.800000
4813.964355 0.000000 2266.016846 0.000000 0.979078 0.000000 0.203483 0.800000 0.800000 0.800000
4831.804688 0.000000 2263.430420 0.000000 0.942938 0.000000 0.332969 0.800000 0.800000 0.800000
4824.831543 0.000000 2256.414062 0.000000 0.484886 0.000000 0.874578 0.800000 0.800000 0.800000
4814.213867 0.000000 2249.784424 0.000000 0.378703 0.000000 -0.925518 0.800000 0.800000 0.800000
4817.991211 0.000000 2258.651855 0.000000 0.447751 0.000000 -0.894158 0.800000 0.800000 0.800000
4812.532715 0.000000 2270.151123 0.000000 0.912595 0.000000 0.408866 0.800000 0.800000 0.800000
4811.514160 0.000000 2249.306885 0.000000 0.999270 0.000000 -0.038214 0.800000 0.800000 0.800000
4820.604980 0.000000 2257.452393 0.000000 0.430257 0.000000 -0.902706 0.800000 0.800000 0.800000
4806.105957 0.000000 2262.550537 0.000000 0.669256 0.000000 -0.743032 0.800000 0.800000 0.800000
4820.404785 0.000000 2261.760742 0.000000 0.959133 0.000000 -0.282955 0.800000 0.800000 0.800000
4822.239258 0.000000 2271.347656 0.000000 0.469863 0.000000 0.882739 0.800000 0.800000 0.800000
4810.937500 0.000000 2267.137207 0.000000 0.731236 0.000000 -0.682124 0.800000 0.800000 0.800000
4824.985840 0.000000 2254.133301 0.000000 0.647461 0.000000 0.762098 0.800000 0.800000 0.800000
4827.794434 0.000000 2261.787598 0.000000 0.798313 0.000000 -0.602243 0.800000 0.800000 0.800000
4827.040039 0.000000 2271.215088 0.000000 0.733973 0.000000 -0.679179 0.800000 0.800000 0.800000
4816.224609 0.000000 2248.540039 0.000000 0.863957 0.000000 -0.503565 0.800000 0.800000 0.800000
4802.932617 0.000000 2245.660889 0.000000 0.221560 0.000000 0.975147 0.800000 0.800000 0.800000
4808.626953 0.000000 2268.834717 0.000000 0.182536 0.000000 -0.983199 0.800000 0.800000 0.800000
4824.048828 0.000000 2259.469727 0.000000 0.298938 0.000000 -0.954272 0.800000 0.800000 0.800000
4810.949219 0.000000 2271.362549 0.000000 0.514062 0.000000 -0.857753 0.800000 0.800000 0.800000
4807.702148 0.000000 2240.050537 0.000000 0.990119 0.000000 -0.140233 0.800000 0.800000 0.800000
4801.607910 0.000000 2242.885010 0.000000 0.816421 0.000000 0.577458 0.800000 0.800000 0.800000
4808.128906 0.000000 2243.728271 0.000000 0.695639 0.000000 -0.718391 0.800000 0.800000 0.800000
4821.761719 0.000000 2260.190674 0.000000 0.810918 0.000000 -0.585159 0.800000 0.800000 0.800000
4800.139160 0.000000 2263.112305 0.000000 0.470467 0.000000 0.882418 0.800000 0.800000 0.800000
4818.603516 0.000000 2261.108643 0.000000 0.943860 0.000000 -0.330344 0.800000 0.800000 0.800000
4823.884277 0.000000 2267.793701 0.000000 0.441796 0.000000 -0.897115 0.800000 0.800000 0.800000
4804.581055 0.000000 2269.118164 0.000000 0.915714 0.000000 0.401830 0.800000 0.800000 0.800000
4816.863281 0.000000 2263.367676 0.000000 0.575956 0.000000 0.817481 0.800000 0.800000 0.800000
4806.020020 0.000000 2266.623779 0.000000 0.832284 0.000000 0.554349 0.800000 0.800000 0.800000
4804.093262 0.000000 2258.067139 0.000000 0.657851 0.000000 -0.753148 0.800000 0.800000 0.800000
4804.183105 0.000000 2259.820801 0.000000 0.841096 0.000000 -0.540886 0.800000 0.800000 0.800000
4809.937500 0.000000 2242.556641 0.000000 0.869814 0.000000 -0.493379 0.800000 0.800000 0.800000
4800.006836 0.000000 2246.326660 0.000000 0.893783 0.000000 0.448500 0.800000 0.800000 0.800000
4821.188477 0.000000 2265.717773 0.000000 0.867048 0.000000 0.498225 0.800000 0.800000 0.800000
4802.624512 0.000000 2260.837891 0.000000 0.417290 0.000000 -0.908773 0.800000 0.800000 0.800000
4806.806641 0.000000 2269.964111 0.000000 0.654231 0.000000 -0.756295 0.800000 0.800000 0.800000
4803.667480 0.000000 2263.368164 0.000000 0.918561 0.000000 0.395279 0.800000 0.800000 0.800000
4830.976074 0.000000 2256.349609 0.000000 0.900201 0.000000 -0.435474 0.800000 0.800000 0.800000
4807.581543 0.000000 2247.327881 0.000000 0.964781 0.000000 0.263055 0.800000 0.800000 0.800000
4819.362793 0.000000 2264.532715 0.000000 0.997295 0.000000 -0.073506 0.800000 0.800000 0.800000
4828.635254 0.000000 2270.694336 0.000000 0.966753 0.000000 0.255713 0.800000 0.800000 0.800000
4826.438965 0.000000 2256.730713 0.000000 0.828306 0.000000 0.560276 0.800000 0.800000 0.800000
4821.941895 0.000000 2256.472168 0.000000 0.374108 0.000000 0.927385 0.800000 0.800000 0.800000
4813.696777 0.000000 2246.164062 0.000000 0.712785 0.000000 0.701382 0.800000 0.800000 0.800000
4803.270996 0.000000 2244.019043 0.000000 0.791659 0.000000 -0.610964 0.800000 0.800000 0.800000
4804.522949 0.000000 2246.759521 0.000000 0.870999 0.000000 0.491285 0.800000 0.800000 0.800000
4813.047852 0.000000 2248.605469 0.000000 0.881676 0.000000 -0.471856 0.800000 0.800000 0.800000
4810.195801 0.000000 2248.319580 0.000000 0.011109 0.000000 -0.999938 0.800000 0.800000 0.800000
4815.578613 0.000000 2266.102539 0.000000 0.709014 0.000000 0.705194 0.800000 0.800000 0.800000
4830.265625 0.000000 2264.111328 0.000000 0.511614 0.000000 -0.859215 0.800000 0.800000 0.800000
4800.011719 0.000000 2254.166016 0.000000 0.954958 0.000000 0.296740 0.800000 0.800000 0.800000
4800.008301 0.000000 2243.433350 0.000000 0.896533 0.000000 0.442977 0.800000 0.800000 0.800000
4815.964355 0.000000 2271.705811 0.000000 0.474761 0.000000 0.880115 0.800000 0.800000 0.800000
4826.728516 0.000000 2259.922852 0.000000 0.273359 0.000000 0.961912 0.800000 0.800000 0.800000
4801.570801 0.000000 2246.543213 0.000000 0.945441 0.000000 0.325793 0.800000 0.800000 0.800000
4800.384766 0.000000 2240.030273 0.000000 0.496681 0.000000 0.867933 0.800000 0.800000 0.800000
4818.771973 0.000000 2251.671143 0.000000 0.015495 0.000000 -0.999880 0.800000 0.800000 0.800000
4806.650879 0.000000 2252.563477 0.000000 0.381723 0.000000 -0.924277 0.800000 0.800000 0.800000
4817.285645 0.000000 2267.556396 0.000000 0.890111 0.000000 -0.455744 0.800000 0.800000 0.800000
4823.590820 0.000000 2270.342529 0.000000 0.769860 0.000000 -0.638213 0.800000 0.800000 0.800000
4804.938477 0.000000 2241.883301 0.000000 0.962369 0.000000 0.271746 0.800000 0.800000 0.800000
4809.268066 0.000000 2240.610107 0.000000 0.456642 0.000000 0.889651 0.800000 0.800000 0.800000
4826.185547 0.000000 2268.829590 0.000000 0.175973 0.000000 0.984395 0.800000 0.800000 0.800000
4808.372559 0.000000 2264.508789 0.000000 0.819754 0.000000 0.572715 0.800000 0.800000 0.800000
4824.203125 0.000000 2252.719482 0.000000 0.089185 0.000000 0.996015 0.800000 0.800000 0.800000
4824.145020 0.000000 2257.820312 0.000000 0.788216 0.000000 -0.615399 0.800000 0.800000 0.800000
4816.966309 0.000000 2254.535400 0.000000 0.507385 0.000000 -0.861719 0.800000 0.800000 0.800000
4804.652344 0.000000 2248.635742 0.000000 0.832597 0.000000 -0.553879 0.800000 0.800000 0.800000
4827.508301 0.000000 2264.722168 0.000000 0.501231 0.000000 -0.865313 0.800000 0.800000 0.800000
4811.081543 0.000000 2258.150146 0.000000 0.489408 0.000000 -0.872055 0.800000 0.800000 0.800000
4827.178223 0.000000 2267.461670 0.000000 0.577867 0.000000 0.816131 0.800000 0.800000 0.800000
4816.834961 0.000000 2269.049316 0.000000 0.497714 0.000000 0.867341 0.800000 0.800000 0.800000
4806.268555 0.000000 2244.503174 0.000000 0.924851 0.000000 -0.380331 0.800000 0.800000 0.800000
4802.465332 0.000000 2262.346924 0.000000 0.715037 0.000000 -0.699086 0.800000 0.800000 0.800000
4805.416504 0.000000 2263.920898 0.000000 0.824849 0.000000 -0.565353 0.800000 0.800000 0.800000
4802.733887 0.000000 2265.056152 0.000000 0.690350 0.000000 0.723475 0.800000 0.800000 0.800000
4810.891602 0.000000 2245.670898 0.000000 0.180278 0.000000 -0.983616 0.800000 0.800000 0.800000
4806.830566 0.000000 2241.407471 0.000000 0.767714 0.000000 0.640792 0.800000 0.800000 0.800000
4806.694336 0.000000 2271.479492 0.000000 0.780882 0.000000 -0.624679 0.800000 0.800000 0.800000
4818.473633 0.000000 2271.398438 0.000000 0.854853 0.000000 -0.518870 0.800000 0.800000 0.800000
4801.424805 0.000000 2253.200684 0.000000 0.944858 0.000000 0.327482 0.800000 0.800000 0.800000
4831.549805 0.000000 2269.235352 0.000000 0.674534 0.000000 -0.738244 0.800000 0.800000 0.800000
4819.002441 0.000000 2269.975586 0.000000 0.855280 0.000000 0.518166 0.800000 0.800000 0.800000
4831.500000 0.000000 2271.470215 0.000000 0.295699 0.000000 -0.955281 0.800000 0.800000 0.800000
4807.569336 0.000000 2266.779785 0.000000 0.997944 0.000000 -0.064088 0.800000 0.800000 0.800000
4811.695801 0.000000 2263.702881 0.000000 0.484668 0.000000 -0.874698 0.800000 0.800000 0.800000
4822.630859 0.000000 2264.743408 0.000000 0.793423 0.000000 0.608670 0.800000 0.800000 0.800000
4842.484375 0.000000 2269.530273 0.000000 0.495993 0.000000 -0.868326 0.800000 0.800000 0.800000
4843.488281 0.000000 2255.720703 0.000000 1.000000 0.000000 -0.000307 0.800000 0.800000 0.800000
4832.114746 0.000000 2252.443359 0.000000 0.621475 0.000000 0.783434 0.800000 0.800000 0.800000
4836.398926 0.000000 2250.167725 0.000000 0.946955 0.000000 0.321367 0.800000 0.800000 0.800000
4832.050293 0.000000 2270.543213 0.000000 0.638888 0.000000 -0.769300 0.800000 0.800000 0.800000
4840.295410 0.000000 2241.879395 0.000000 0.856045 0.000000 -0.516902 0.800000 0.800000 0.800000
4834.625977 0.000000 2259.021484 0.000000 0.033930 0.000000 -0.999424 0.800000 0.800000 0.800000
4837.181152 0.000000 2270.856445 0.000000 0.778872 0.000000 -0.627183 0.800000 0.800000 0.800000
4840.185059 0.000000 2271.080078 0.000000 0.543723 0.000000 0.839265 0.800000 0.800000 0.800000
4844.854004 0.000000 2267.902832 0.000000 0.789688 0.000000 -0.613509 0.800000 0.800000 0.800000
4839.368652 0.000000 2245.585449 0.000000 0.297168 0.000000 -0.954825 0.800000 0.800000 0.800000
4833.512695 0.000000 2254.743652 0.000000 0.798383 0.000000 0.602149 0.800000 0.800000 0.800000
4832.467285 0.000000 2268.072998 0.000000 0.549997 0.000000 0.835167 0.800000 0.800000 0.800000
4833.881836 0.000000 2263.758057 0.000000 0.286291 0.000000 -0.958143 0.800000 0.800000 0.800000
4838.085938 0.000000 2242.964111 0.000000 0.392000 0.000000 -0.919965 0.800000 0.800000 0.800000
4845.081055 0.000000 2253.754883 0.000000 0.918983 0.000000 0.394297 0.800000 0.800000 0.800000
4846.810547 0.000000 2251.831299 0.000000 0.703957 0.000000 0.710243 0.800000 0.800000 0.800000
4845.204590 0.000000 2263.266357 0.000000 0.182856 0.000000 -0.983140 0.800000 0.800000 0.800000
4834.933105 0.000000 2256.728027 0.000000 0.207477 0.000000 -0.978240 0.800000 0.800000 0.800000
4837.062500 0.000000 2252.391846 0.000000 0.226656 0.000000 -0.973975 0.800000 0.800000 0.800000
4851.970703 0.000000 2246.099609 0.000000 0.666502 0.000000 -0.745503 0.800000 0.800000 0.800000
4848.561035 0.000000 2256.060791 0.000000 0.845454 0.000000 0.534048 0.800000 0.800000 0.800000
4845.964355 0.000000 2266.016846 0.000000 0.975310 0.000000 0.220838 0.800000 0.800000 0.800000
4847.287109 0.000000 2262.051514 0.000000 0.668499 0.000000 -0.743713 0.800000 0.800000 0.800000
4846.213867 0.000000 2249.784424 0.000000 0.060447 0.000000 0.998171 0.800000 0.800000 0.800000
4841.272949 0.000000 2246.693604 0.000000 0.714832 0.000000 -0.699297 0.800000 0.800000 0.800000
4849.991211 0.000000 2258.651855 0.000000 0.208755 0.000000 0.977968 0.800000 0.800000 0.800000
4842.937500 0.000000 2267.137207 0.000000 0.461155 0.000000 0.887320 0.800000 0.800000 0.800000
4848.224609 0.000000 2248.540039 0.000000 0.275669 0.000000 -0.961253 0.800000 0.800000 0.800000
4844.803223 0.000000 2240.067871 0.000000 0.929725 0.000000 0.368254 0.800000 0.800000 0.800000
4846.784668 0.000000 2269.668213 0.000000 0.855827 0.000000 0.517262 0.800000 0.800000 0.800000
4842.949219 0.000000 2271.362549 0.000000 0.175933 0.000000 0.984402 0.800000 0.800000 0.800000
4840.128906 0.000000 2243.728271 0.000000 0.135883 0.000000 0.990725 0.800000 0.800000 0.800000
4847.044922 0.000000 2259.861572 0.000000 0.154728 0.000000 -0.987957 0.800000 0.800000 0.800000
4832.139160 0.000000 2263.112305 0.000000 0.247760 0.000000 0.968821 0.800000 0.800000 0.800000
4851.708496 0.000000 2244.376953 0.000000 0.214775 0.000000 0.976664 0.800000 0.800000 0.800000
4841.937500 0.000000 2242.556641 0.000000 0.577640 0.000000 -0.816292 0.800000 0.800000 0.800000
4834.624512 0.000000 2260.837891 0.000000 0.500070 0.000000 0.865985 0.800000 0.800000 0.800000
4835.667480 0.000000 2263.368164 0.000000 0.540776 0.000000 0.841167 0.800000 0.800000 0.800000
4839.581543 0.000000 2247.327881 0.000000 0.946583 0.000000 -0.322461 0.800000 0.800000 0.800000
4848.638672 0.000000 2246.836670 0.000000 0.782663 0.000000 -0.622446 0.800000 0.800000 0.800000
4833.893555 0.000000 2270.636963 0.000000 0.838765 0.000000 -0.544493 0.800000 0.800000 0.800000
4847.578613 0.000000 2266.102539 0.000000 0.961252 0.000000 -0.275670 0.800000 0.800000 0.800000
4832.011719 0.000000 2254.166016 0.000000 0.146696 0.000000 0.989182 0.800000 0.800000 0.800000
4851.084473 0.000000 2241.335205 0.000000 0.906299 0.000000 0.422638 0.800000 0.800000 0.800000
4841.268066 0.000000 2240.610107 0.000000 0.764069 0.000000 0.645135 0.800000 0.800000 0.800000
4838.268555 0.000000 2244.503174 0.000000 0.636105 0.000000 0.771602 0.800000 0.800000 0.800000
4834.465332 0.000000 2262.346924 0.000000 0.219910 0.000000 -0.975520 0.800000 0.800000 0.800000
4844.549805 0.000000 2256.835205 0.000000 0.218904 0.000000 -0.975747 0.800000 0.800000 0.800000
4838.694336 0.000000 2271.479492 0.000000 0.780549 0.000000 0.625095 0.800000 0.800000 0.800000
4833.424805 0.000000 2253.200684 0.000000 0.627597 0.000000 -0.778538 0.800000 0.800000 0.800000
4834.875000 0.000000 2253.760010 0.000000 0.760538 0.000000 0.649293 0.800000 0.800000 0.800000
4816.895020 0.000000 2282.459717 0.000000 0.175938 0.000000 -0.984401 0.800000 0.800000 0.800000
4817.748535 0.000000 2272.283203 0.000000 0.259396 0.000000 0.965771 0.800000 0.800000 0.800000
4817.761719 0.000000 2277.575195 0.000000 0.101077 0.000000 0.994879 0.800000 0.800000 0.800000
4814.386230 0.000000 2279.658691 0.000000 0.929885 0.000000 -0.367850 0.800000 0.800000 0.800000
4829.834961 0.000000 2275.189209 0.000000 0.430485 0.000000 0.902598 0.800000 0.800000 0.800000
4814.752441 0.000000 2272.863770 0.000000 0.435059 0.000000 -0.900402 0.800000 0.800000 0.800000
4820.718750 0.000000 2273.037598 0.000000 0.559071 0.000000 0.829120 0.800000 0.800000 0.800000
4830.826660 0.000000 2272.403076 0.000000 0.213139 0.000000 -0.977022 0.800000 0.800000 0.800000
4818.714355 0.000000 2274.874268 0.000000 0.016053 0.000000 -0.999871 0.800000 0.800000 0.800000
4821.446777 0.000000 2282.620850 0.000000 0.978925 0.000000 -0.204222 0.800000 0.800000 0.800000
4823.880371 0.000000 2275.297852 0.000000 0.273676 0.000000 0.961822 0.800000 0.800000 0.800000
4818.198730 0.000000 2280.187256 0.000000 0.975226 0.000000 0.221210 0.800000 0.800000 0.800000
4823.161133 0.000000 2280.527832 0.000000 0.961846 0.000000 0.273592 0.800000 0.800000 0.800000
4822.221680 0.000000 2278.269287 0.000000 0.534230 0.000000 -0.845339 0.800000 0.800000 0.800000
4825.684082 0.000000 2280.959473 0.000000 0.935869 0.000000 0.352348 0.800000 0.800000 0.800000
4822.485352 0.000000 2284.843750 0.000000 0.639167 0.000000 0.769068 0.800000 0.800000 0.800000
4831.132812 0.000000 2277.350342 0.000000 0.239911 0.000000 -0.970795 0.800000 0.800000 0.800000
4819.187500 0.000000 2282.143555 0.000000 0.007947 0.000000 -0.999968 0.800000 0.800000 0.800000
4815.387695 0.000000 2277.666260 0.000000 0.353707 0.000000 0.935356 0.800000 0.800000 0.800000
4814.213867 0.000000 2281.784424 0.000000 0.966048 0.000000 0.258363 0.800000 0.800000 0.800000
4827.545410 0.000000 2280.090576 0.000000 0.987725 0.000000 -0.156201 0.800000 0.800000 0.800000
4828.015625 0.000000 2274.344238 0.000000 0.987505 0.000000 0.157587 0.800000 0.800000 0.800000
4816.224609 0.000000 2280.540039 0.000000 0.580539 0.000000 0.814233 0.800000 0.800000 0.800000
4812.803223 0.000000 2272.067871 0.000000 0.114684 0.000000 0.993402 0.800000 0.800000 0.800000
4822.376465 0.000000 2274.116943 0.000000 0.916713 0.000000 -0.399546 0.800000 0.800000 0.800000
4829.257812 0.000000 2281.212891 0.000000 0.851396 0.000000 -0.524523 0.800000 0.800000 0.800000
4823.844727 0.000000 2277.177002 0.000000 0.336399 0.000000 -0.941719 0.800000 0.800000 0.800000
4829.113770 0.000000 2283.523193 0.000000 0.379989 0.000000 -0.924991 0.800000 0.800000 0.800000
4831.681152 0.000000 2275.447510 0.000000 0.517784 0.000000 0.855512 0.800000 0.800000 0.800000
4813.515625 0.000000 2274.147461 0.000000 0.227067 0.000000 0.973879 0.800000 0.800000 0.800000
4816.537598 0.000000 2276.258057 0.000000 0.911435 0.000000 -0.411445 0.800000 0.800000 0.800000
4829.178223 0.000000 2272.849121 0.000000 0.384664 0.000000 0.923057 0.800000 0.800000 0.800000
4820.375488 0.000000 2274.693115 0.000000 0.922625 0.000000 0.385699 0.800000 0.800000 0.800000
4816.638672 0.000000 2278.836670 0.000000 0.941082 0.000000 0.338178 0.800000 0.800000 0.800000
4819.084473 0.000000 2273.335205 0.000000 0.978687 0.000000 0.205357 0.800000 0.800000 0.800000
4818.771973 0.000000 2283.671143 0.000000 0.808270 0.000000 -0.588812 0.800000 0.800000 0.800000
4830.987305 0.000000 2274.009277 0.000000 0.498324 0.000000 -0.866991 0.800000 0.800000 0.800000
4816.136719 0.000000 2272.126709 0.000000 0.931431 0.000000 0.363918 0.800000 0.800000 0.800000
4837.689453 0.000000 2272.395264 0.000000 0.916421 0.000000 -0.400216 0.800000 0.800000 0.800000
4832.183594 0.000000 2273.648682 0.000000 0.989798 0.000000 0.142480 0.800000 0.800000 0.800000
4842.786621 0.000000 2272.178955 0.000000 0.677637 0.000000 -0.735397 0.800000 0.800000 0.800000
4837.927246 0.000000 2279.717529 0.000000 0.105391 0.000000 0.994431 0.800000 0.800000 0.800000
4843.740234 0.000000 2274.653809 0.000000 0.923296 0.000000 -0.384090 0.800000 0.800000 0.800000
4838.830566 0.000000 2282.974365 0.000000 0.684304 0.000000 -0.729197 0.800000 0.800000 0.800000
4835.293457 0.000000 2279.879150 0.000000 0.451690 0.000000 0.892175 0.800000 0.800000 0.800000
4832.958984 0.000000 2282.274658 0.000000 0.083408 0.000000 -0.996515 0.800000 0.800000 0.800000
4841.272949 0.000000 2278.693604 0.000000 0.994158 0.000000 -0.107932 0.800000 0.800000 0.800000
4844.803223 0.000000 2272.067871 0.000000 0.325017 0.000000 0.945708 0.800000 0.800000 0.800000
4839.702148 0.000000 2272.050537 0.000000 0.888718 0.000000 -0.458455 0.800000 0.800000 0.800000
4840.128906 0.000000 2275.728271 0.000000 0.576362 0.000000 0.817194 0.800000 0.800000 0.800000
4845.515625 0.000000 2274.147461 0.000000 0.624929 0.000000 -0.780681 0.800000 0.800000 0.800000
4834.712402 0.000000 2281.707275 0.000000 0.707589 0.000000 -0.706625 0.800000 0.800000 0.800000
4841.937500 0.000000 2274.556641 0.000000 0.077136 0.000000 0.997021 0.800000 0.800000 0.800000
4839.581543 0.000000 2279.327881 0.000000 0.880752 0.000000 0.473578 0.800000 0.800000 0.800000
4838.456055 0.000000 2281.303711 0.000000 0.886416 0.000000 0.462889 0.800000 0.800000 0.800000
4836.522949 0.000000 2278.759521 0.000000 0.071195 0.000000 -0.997462 0.800000 0.800000 0.800000
4832.384766 0.000000 2272.030273 0.000000 0.816735 0.000000 -0.577012 0.800000 0.800000 0.800000
4836.938477 0.000000 2273.883301 0.000000 0.395019 0.000000 -0.918673 0.800000 0.800000 0.800000
4841.268066 0.000000 2272.610107 0.000000 0.425392 0.000000 -0.905009 0.800000 0.800000 0.800000
4836.652344 0.000000 2280.635742 0.000000 0.998944 0.000000 -0.045945 0.800000 0.800000 0.800000
4838.268555 0.000000 2276.503174 0.000000 0.978832 0.000000 -0.204665 0.800000 0.800000 0.800000
4842.891602 0.000000 2277.670898 0.000000 0.796938 0.000000 -0.604061 0.800000 0.800000 0.800000
4838.830566 0.000000 2273.407471 0.000000 0.470200 0.000000 -0.882560 0.800000 0.800000 0.800000
4834.875000 0.000000 2285.760010 0.000000 0.287387 0.000000 0.957815 0.800000 0.800000 0.800000
4878.183594 0.000000 2051.834961 0.000000 0.562894 0.000000 -0.826529 0.800000 0.800000 0.800000
4872.221191 0.000000 2070.685059 0.000000 0.891775 0.000000 -0.452479 0.800000 0.800000 0.800000
4880.895020 0.000000 2058.459717 0.000000 0.184184 0.000000 -0.982892 0.800000 0.800000 0.800000
4893.208008 0.000000 2054.763916 0.000000 0.468048 0.000000 0.883703 0.800000 0.800000 0.800000
4879.659668 0.000000 2075.973877 0.000000 0.161132 0.000000 0.986933 0.800000 0.800000 0.800000
4886.825195 0.000000 2074.234131 0.000000 0.160413 0.000000 0.987050 0.800000 0.800000 0.800000
4881.748535 0.000000 2048.283203 0.000000 0.861886 0.000000 0.507102 0.800000 0.800000 0.800000
4894.278320 0.000000 2078.367676 0.000000 0.220876 0.000000 0.975302 0.800000 0.800000 0.800000
4889.183105 0.000000 2078.203613 0.000000 0.800559 0.000000 0.599254 0.800000 0.800000 0.800000
4870.714355 0.000000 2076.230957 0.000000 0.930002 0.000000 0.367556 0.800000 0.800000 0.800000
4881.761719 0.000000 2053.575195 0.000000 0.978130 0.000000 0.207994 0.800000 0.800000 0.800000
4883.964844 0.000000 2060.795898 0.000000 0.975623 0.000000 -0.219455 0.800000 0.800000 0.800000
4894.638184 0.000000 2066.081055 0.000000 0.991855 0.000000 -0.127373 0.800000 0.800000 0.800000
4887.776855 0.000000 2048.716064 0.000000 0.427673 0.000000 -0.903933 0.800000 0.800000 0.800000
4890.338867 0.000000 2071.165771 0.000000 0.777166 0.000000 -0.629295 0.800000 0.800000 0.800000
4879.359863 0.000000 2065.909424 0.000000 0.365471 0.000000 -0.930823 0.800000 0.800000 0.800000
4879.351562 0.000000 2072.339844 0.000000 0.018340 0.000000 0.999832 0.800000 0.800000 0.800000
4883.479004 0.000000 2074.200928 0.000000 0.886516 0.000000 -0.462698 0.800000 0.800000 0.800000
4871.792480 0.000000 2064.479248 0.000000 0.911928 0.000000 -0.410351 0.800000 0.800000 0.800000
4875.363281 0.000000 2055.163086 0.000000 0.998412 0.000000 -0.056335 0.800000 0.800000 0.800000
4878.752441 0.000000 2048.863770 0.000000 0.865607 0.000000 -0.500724 0.800000 0.800000 0.800000
4894.717773 0.000000 2058.415527 0.000000 0.932331 0.000000 0.361607 0.800000 0.800000 0.800000
4864.050293 0.000000 2078.543213 0.000000 0.322928 0.000000 -0.946423 0.800000 0.800000 0.800000
4873.041504 0.000000 2074.228760 0.000000 0.999874 0.000000 -0.015866 0.800000 0.800000 0.800000
4884.718750 0.000000 2049.037598 0.000000 0.452967 0.000000 0.891527 0.800000 0.800000 0.800000
4880.835938 0.000000 2068.439941 0.000000 0.999988 0.000000 0.004960 0.800000 0.800000 0.800000
4895.086914 0.000000 2073.549561 0.000000 0.693498 0.000000 -0.720458 0.800000 0.800000 0.800000
4886.474609 0.000000 2077.117920 0.000000 0.940650 0.000000 0.339377 0.800000 0.800000 0.800000
4881.125977 0.000000 2078.585938 0.000000 0.044721 0.000000 -0.999000 0.800000 0.800000 0.800000
4894.826660 0.000000 2048.403076 0.000000 0.383842 0.000000 0.923399 0.800000 0.800000 0.800000
4872.185059 0.000000 2079.080078 0.000000 0.512477 0.000000 -0.858701 0.800000 0.800000 0.800000
4875.033691 0.000000 2070.317383 0.000000 0.868137 0.000000 0.496325 0.800000 0.800000 0.800000
4875.740234 0.000000 2050.653809 0.000000 0.552197 0.000000 -0.833714 0.800000 0.800000 0.800000
4866.786621 0.000000 2079.978516 0.000000 0.481862 0.000000 -0.876247 0.800000 0.800000 0.800000
4890.228027 0.000000 2060.555420 0.000000 0.535064 0.000000 0.844812 0.800000 0.800000 0.800000
4874.750488 0.000000 2061.136230 0.000000 0.659198 0.000000 -0.751969 0.800000 0.800000 0.800000
4866.680176 0.000000 2060.167236 0.000000 0.877216 0.000000 -0.480096 0.800000 0.800000 0.800000
4882.547852 0.000000 2076.525391 0.000000 0.297341 0.000000 -0.954771 0.800000 0.800000 0.800000
4887.880371 0.000000 2051.297852 0.000000 0.496191 0.000000 0.868213 0.800000 0.800000 0.800000
4873.937012 0.000000 2058.743164 0.000000 0.997950 0.000000 -0.063995 0.800000 0.800000 0.800000
4887.974609 0.000000 2071.988281 0.000000 0.202081 0.000000 -0.979369 0.800000 0.800000 0.800000
4893.393555 0.000000 2063.808350 0.000000 0.693945 0.000000 -0.720028 0.800000 0.800000 0.800000
4882.198730 0.000000 2056.187256 0.000000 0.900536 0.000000 -0.434781 0.800000 0.800000 0.800000
4886.221680 0.000000 2054.269287 0.000000 0.917434 0.000000 0.397889 0.800000 0.800000 0.800000
4881.465332 0.000000 2060.796875 0.000000 0.756112 0.000000 -0.654442 0.800000 0.800000 0.800000
4878.810547 0.000000 2059.831299 0.000000 0.915622 0.000000 -0.402041 0.800000 0.800000 0.800000
4889.684082 0.000000 2056.959473 0.000000 0.386825 0.000000 -0.922153 0.800000 0.800000 0.800000
4886.485352 0.000000 2060.843750 0.000000 0.122574 0.000000 -0.992459 0.800000 0.800000 0.800000
4892.687012 0.000000 2071.710449 0.000000 0.943574 0.000000 0.331163 0.800000 0.800000 0.800000
4864.958984 0.000000 2058.274658 0.000000 0.255490 0.000000 -0.966812 0.800000 0.800000 0.800000
4877.204590 0.000000 2071.266357 0.000000 0.363034 0.000000 -0.931776 0.800000 0.800000 0.800000
4871.521973 0.000000 2068.382812 0.000000 0.182688 0.000000 -0.983171 0.800000 0.800000 0.800000
4876.300293 0.000000 2053.050049 0.000000 0.996444 0.000000 -0.084259 0.800000 0.800000 0.800000
4883.187500 0.000000 2058.143555 0.000000 0.238214 0.000000 0.971213 0.800000 0.800000 0.800000
4891.976074 0.000000 2065.555908 0.000000 0.597773 0.000000 -0.801666 0.800000 0.800000 0.800000
4879.387695 0.000000 2053.666260 0.000000 0.892776 0.000000 -0.450500 0.800000 0.800000 0.800000
4873.921875 0.000000 2072.186279 0.000000 0.969422 0.000000 -0.245399 0.800000 0.800000 0.800000
4890.989258 0.000000 2054.112061 0.000000 0.645845 0.000000 -0.763469 0.800000 0.800000 0.800000
4895.804688 0.000000 2071.430420 0.000000 0.770725 0.000000 0.637168 0.800000 0.800000 0.800000
4873.479492 0.000000 2062.981445 0.000000 0.393693 0.000000 0.919242 0.800000 0.800000 0.800000
4888.831543 0.000000 2064.414062 0.000000 0.051245 0.000000 0.998686 0.800000 0.800000 0.800000
4873.272949 0.000000 2054.693604 0.000000 0.385078 0.000000 -0.922884 0.800000 0.800000 0.800000
4881.991211 0.000000 2066.651855 0.000000 0.776510 0.000000 -0.630104 0.800000 0.800000 0.800000
4889.803223 0.000000 2049.642578 0.000000 0.985328 0.000000 -0.170674 0.800000 0.800000 0.800000
4876.532715 0.000000 2078.151123 0.000000 0.887616 0.000000 0.460585 0.800000 0.800000 0.800000
4884.604980 0.000000 2065.452393 0.000000 0.705189 0.000000 -0.709019 0.800000 0.800000 0.800000
4870.105957 0.000000 2070.550537 0.000000 0.566226 0.000000 -0.824250 0.800000 0.800000 0.800000
4884.404785 0.000000 2069.760742 0.000000 0.918245 0.000000 -0.396013 0.800000 0.800000 0.800000
4886.239258 0.000000 2079.347656 0.000000 0.116476 0.000000 0.993193 0.800000 0.800000 0.800000
4895.156738 0.000000 2068.075439 0.000000 0.543356 0.000000 -0.839502 0.800000 0.800000 0.800000
4874.937500 0.000000 2075.137207 0.000000 0.924865 0.000000 -0.380295 0.800000 0.800000 0.800000
4892.015625 0.000000 2050.344238 0.000000 0.999293 0.000000 -0.037607 0.800000 0.800000 0.800000
4891.040039 0.000000 2079.215088 0.000000 0.999276 0.000000 -0.038058 0.800000 0.800000 0.800000
4880.224609 0.000000 2056.540039 0.000000 0.997455 0.000000 0.071300 0.800000 0.800000 0.800000
4875.396973 0.000000 2068.324707 0.000000 0.767567 0.000000 -0.640968 0.800000 0.800000 0.800000
4876.803223 0.000000 2048.067871 0.000000 0.876528 0.000000 -0.481352 0.800000 0.800000 0.800000
4873.355957 0.000000 2069.099121 0.000000 0.452650 0.000000 0.891688 0.800000 0.800000 0.800000
4878.784668 0.000000 2077.668213 0.000000 0.720294 0.000000 0.693669 0.800000 0.800000 0.800000
4872.032227 0.000000 2066.350830 0.000000 0.921450 0.000000 -0.388498 0.800000 0.800000 0.800000
4886.376465 0.000000 2050.116943 0.000000 0.092890 0.000000 0.995676 0.800000 0.800000 0.800000
4887.844727 0.000000 2053.177002 0.000000 0.996618 0.000000 0.082174 0.800000 0.800000 0.800000
4893.113770 0.000000 2059.523193 0.000000 0.988971 0.000000 0.148109 0.800000 0.800000 0.800000
4885.761719 0.000000 2068.190674 0.000000 0.094704 0.000000 -0.995505 0.800000 0.800000 0.800000
4882.603516 0.000000 2069.108643 0.000000 0.111461 0.000000 -0.993769 0.800000 0.800000 0.800000
4887.884277 0.000000 2075.793701 0.000000 0.976013 0.000000 -0.217713 0.800000 0.800000 0.800000
4877.515625 0.000000 2050.147461 0.000000 0.247428 0.000000 0.968906 0.800000 0.800000 0.800000
4868.581055 0.000000 2077.118164 0.000000 0.085612 0.000000 0.996329 0.800000 0.800000 0.800000
4891.785645 0.000000 2061.631348 0.000000 0.593323 0.000000 0.804964 0.800000 0.800000 0.800000
4880.537598 0.000000 2052.258057 0.000000 0.893068 0.000000 -0.449921 0.800000 0.800000 0.800000
4866.712402 0.000000 2057.707275 0.000000 0.999966 0.000000 -0.008262 0.800000 0.800000 0.800000
4883.708496 0.000000 2052.376953 0.000000 0.835302 0.000000 -0.549791 0.800000 0.800000 0.800000
4893.178223 0.000000 2048.849121 0.000000 0.778262 0.000000 0.627939 0.800000 0.800000 0.800000
4890.002930 0.000000 2058.849609 0.000000 0.391764 0.000000 0.920066 0.800000 0.800000 0.800000
4885.188477 0.000000 2073.717773 0.000000 0.851859 0.000000 0.523770 0.800000 0.800000 0.800000
4870.806641 0.000000 2077.964111 0.000000 0.212912 0.000000 0.977071 0.800000 0.800000 0.800000
4871.581543 0.000000 2055.327881 0.000000 0.897981 0.000000 0.440033 0.800000 0.800000 0.800000
4883.362793 0.000000 2072.532715 0.000000 0.969260 0.000000 -0.246037 0.800000 0.800000 0.800000
4870.456055 0.000000 2057.303711 0.000000 0.992771 0.000000 -0.120020 0.800000 0.800000 0.800000
4884.462891 0.000000 2077.276855 0.000000 0.295841 0.000000 -0.955237 0.800000 0.800000 0.800000
4872.430176 0.000000 2059.637451 0.000000 0.527024 0.000000 -0.849850 0.800000 0.800000 0.800000
4892.635254 0.000000 2078.694336 0.000000 0.862362 0.000000 -0.506292 0.800000 0.800000 0.800000
4889.429199 0.000000 2079.939209 0.000000 0.989949 0.000000 -0.141426 0.800000 0.800000 0.800000
4884.375488 0.000000 2050.693115 0.000000 0.759156 0.000000 0.650909 0.800000 0.800000 0.800000
4880.638672 0.000000 2054.836670 0.000000 0.803358 0.000000 0.595496 0.800000 0.800000 0.800000
4886.152832 0.000000 2048.035645 0.000000 0.900057 0.000000 -0.435772 0.800000 0.800000 0.800000
4890.438965 0.000000 2064.730713 0.000000 0.665221 0.000000 0.746647 0.800000 0.800000 0.800000
4885.941895 0.000000 2064.472168 0.000000 0.137062 0.000000 0.990563 0.800000 0.800000 0.800000
4877.696777 0.000000 2054.164062 0.000000 0.989990 0.000000 -0.141140 0.800000 0.800000 0.800000
4889.583496 0.000000 2053.075439 0.000000 0.602624 0.000000 -0.798025 0.800000 0.800000 0.800000
4888.854492 0.000000 2070.473877 0.000000 0.544610 0.000000 -0.838689 0.800000 0.800000 0.800000
4877.047852 0.000000 2056.605469 0.000000 0.663046 0.000000 0.748579 0.800000 0.800000 0.800000
4874.195801 0.000000 2056.319580 0.000000 0.682594 0.000000 -0.730798 0.800000 0.800000 0.800000
4865.893555 0.000000 2078.636963 0.000000 0.393564 0.000000 0.919297 0.800000 0.800000 0.800000
4879.578613 0.000000 2074.102539 0.000000 0.987497 0.000000 -0.157635 0.800000 0.800000 0.800000
4894.265625 0.000000 2072.111328 0.000000 0.593875 0.000000 0.804558 0.800000 0.800000 0.800000
4879.964355 0.000000 2079.705811 0.000000 0.579342 0.000000 0.815085 0.800000 0.800000 0.800000
4890.728516 0.000000 2067.922852 0.000000 0.998135 0.000000 -0.061051 0.800000 0.800000 0.800000
4870.640625 0.000000 2065.559326 0.000000 0.391317 0.000000 0.920256 0.800000 0.800000 0.800000
4883.084473 0.000000 2049.335205 0.000000 0.607455 0.000000 0.794354 0.800000 0.800000 0.800000
4882.771973 0.000000 2059.671143 0.000000 0.458342 0.000000 0.888776 0.800000 0.800000 0.800000
4870.650879 0.000000 2060.563477 0.000000 0.025701 0.000000 -0.999670 0.800000 0.800000 0.800000
4881.285645 0.000000 2075.556396 0.000000 0.801685 0.000000 -0.597747 0.800000 0.800000 0.800000
4887.590820 0.000000 2078.342529 0.000000 0.513272 0.000000 -0.858226 0.800000 0.800000 0.800000
4890.185547 0.000000 2076.829590 0.000000 0.971976 0.000000 0.235081 0.800000 0.800000 0.800000
4872.372559 0.000000 2072.508789 0.000000 0.518531 0.000000 0.855059 0.800000 0.800000 0.800000
4888.203125 0.000000 2060.719482 0.000000 0.622401 0.000000 -0.782699 0.800000 0.800000 0.800000
4888.145020 0.000000 2065.820312 0.000000 0.278880 0.000000 -0.960326 0.800000 0.800000 0.800000
4880.966309 0.000000 2062.535400 0.000000 0.981765 0.000000 -0.190100 0.800000 0.800000 0.800000
4868.652344 0.000000 2056.635742 0.000000 0.985100 0.000000 0.171984 0.800000 0.800000 0.800000
4891.508301 0.000000 2072.722168 0.000000 0.564219 0.000000 -0.825625 0.800000 0.800000 0.800000
4875.081543 0.000000 2066.150146 0.000000 0.161520 0.000000 0.986869 0.800000 0.800000 0.800000
4894.987305 0.000000 2050.009277 0.000000 0.968718 0.000000 -0.248166 0.800000 0.800000 0.800000
4891.178223 0.000000 2075.461670 0.000000 0.081138 0.000000 0.996703 0.800000 0.800000 0.800000
4880.834961 0.000000 2077.049316 0.000000 0.823720 0.000000 0.566997 0.800000 0.800000 0.800000
4870.268555 0.000000 2052.503174 0.000000 0.094103 0.000000 0.995562 0.800000 0.800000 0.800000
4876.549805 0.000000 2064.835205 0.000000 0.353256 0.000000 -0.935527 0.800000 0.800000 0.800000
4889.544434 0.000000 2048.103271 0.000000 0.988802 0.000000 -0.149232 0.800000 0.800000 0.800000
4874.891602 0.000000 2053.670898 0.000000 0.682869 0.000000 0.730541 0.800000 0.800000 0.800000
4867.676758 0.000000 2078.721436 0.000000 0.539196 0.000000 -0.842180 0.800000 0.800000 0.800000
4880.136719 0.000000 2048.126709 0.000000 0.000727 0.000000 1.000000 0.800000 0.800000 0.800000
4870.694336 0.000000 2079.479492 0.000000 0.744390 0.000000 0.667746 0.800000 0.800000 0.800000
4882.473633 0.000000 2079.398438 0.000000 0.956286 0.000000 -0.292433 0.800000 0.800000 0.800000
4883.002441 0.000000 2077.975586 0.000000 0.829732 0.000000 0.558162 0.800000 0.800000 0.800000
4895.500000 0.000000 2079.470215 0.000000 0.498427 0.000000 0.866932 0.800000 0.800000 0.800000
4875.695801 0.000000 2071.702881 0.000000 0.996257 0.000000 0.086445 0.800000 0.800000 0.800000
4866.875000 0.000000 2061.760010 0.000000 0.869914 0.000000 0.493203 0.800000 0.800000 0.800000
4885.873535 0.000000 2062.191895 0.000000 0.258883 0.000000 -0.965909 0.800000 0.800000 0.800000
4886.630859 0.000000 2072.743408 0.000000 0.295484 0.000000 0.955348 0.800000 0.800000 0.800000
4906.484375 0.000000 2077.530273 0.000000 0.260947 0.000000 -0.965353 0.800000 0.800000 0.800000
4896.750488 0.000000 2055.931396 0.000000 0.504618 0.000000 -0.863343 0.800000 0.800000 0.800000
4920.140625 0.000000 2058.975586 0.000000 0.990967 0.000000 0.134107 0.800000 0.800000 0.800000
4907.488281 0.000000 2063.720703 0.000000 0.987807 0.000000 0.155684 0.800000 0.800000 0.800000
4896.987305 0.000000 2069.511475 0.000000 0.748622 0.000000 -0.662997 0.800000 0.800000 0.800000
4914.604980 0.000000 2070.964844 0.000000 0.948557 0.000000 -0.316606 0.800000 0.800000 0.800000
4904.532227 0.000000 2056.712158 0.000000 0.693831 0.000000 0.720138 0.800000 0.800000 0.800000
4904.221191 0.000000 2070.685059 0.000000 0.999773 0.000000 0.021297 0.800000 0.800000 0.800000
4925.208008 0.000000 2054.763916 0.000000 0.013263 0.000000 -0.999912 0.800000 0.800000 0.800000
4914.674805 0.000000 2064.570068 0.000000 0.151607 0.000000 -0.988441 0.800000 0.800000 0.800000
4925.637695 0.000000 2061.300781 0.000000 0.958826 0.000000 -0.283993 0.800000 0.800000 0.800000
4913.748535 0.000000 2048.283203 0.000000 0.542517 0.000000 -0.840045 0.800000 0.800000 0.800000
4900.835938 0.000000 2053.125488 0.000000 0.363933 0.000000 0.931425 0.800000 0.800000 0.800000
4906.786621 0.000000 2048.178955 0.000000 0.526680 0.000000 -0.850064 0.800000 0.800000 0.800000
4921.183105 0.000000 2078.203613 0.000000 0.995343 0.000000 0.096394 0.800000 0.800000 0.800000
4900.280762 0.000000 2072.940430 0.000000 0.303014 0.000000 -0.952986 0.800000 0.800000 0.800000
4896.356445 0.000000 2065.087646 0.000000 0.991685 0.000000 0.128692 0.800000 0.800000 0.800000
4918.946289 0.000000 2069.656006 0.000000 0.812812 0.000000 -0.582526 0.800000 0.800000 0.800000
4920.881348 0.000000 2054.743896 0.000000 0.919366 0.000000 -0.393402 0.800000 0.800000 0.800000
4919.070312 0.000000 2063.147705 0.000000 0.337952 0.000000 -0.941163 0.800000 0.800000 0.800000
4904.103516 0.000000 2061.298096 0.000000 0.265084 0.000000 -0.964225 0.800000 0.800000 0.800000
4896.250000 0.000000 2073.564697 0.000000 0.924001 0.000000 -0.382390 0.800000 0.800000 0.800000
4911.467285 0.000000 2062.134033 0.000000 0.220431 0.000000 -0.975403 0.800000 0.800000 0.800000
4910.386230 0.000000 2055.658691 0.000000 0.637005 0.000000 0.770859 0.800000 0.800000 0.800000
4923.688477 0.000000 2058.264893 0.000000 0.762606 0.000000 -0.646863 0.800000 0.800000 0.800000
4910.251953 0.000000 2079.496094 0.000000 0.999250 0.000000 0.038735 0.800000 0.800000 0.800000
4915.926758 0.000000 2067.724854 0.000000 0.936371 0.000000 -0.351013 0.800000 0.800000 0.800000
4903.792480 0.000000 2064.479248 0.000000 0.342199 0.000000 -0.939627 0.800000 0.800000 0.800000
4910.752441 0.000000 2048.863770 0.000000 0.880849 0.000000 0.473398 0.800000 0.800000 0.800000
4896.050293 0.000000 2078.543213 0.000000 0.907773 0.000000 -0.419462 0.800000 0.800000 0.800000
4921.589844 0.000000 2075.289551 0.000000 0.999324 0.000000 0.036758 0.800000 0.800000 0.800000
4912.835938 0.000000 2068.439941 0.000000 0.928523 0.000000 0.371275 0.800000 0.800000 0.800000
4898.625977 0.000000 2067.021484 0.000000 0.995501 0.000000 -0.094751 0.800000 0.800000 0.800000
4901.181152 0.000000 2078.856445 0.000000 0.367270 0.000000 0.930114 0.800000 0.800000 0.800000
4926.826660 0.000000 2048.403076 0.000000 0.996755 0.000000 0.080494 0.800000 0.800000 0.800000
4901.927246 0.000000 2055.717529 0.000000 0.908806 0.000000 0.417219 0.800000 0.800000 0.800000
4904.185059 0.000000 2079.080078 0.000000 0.571761 0.000000 -0.820420 0.800000 0.800000 0.800000
4908.854004 0.000000 2075.902832 0.000000 0.137404 0.000000 -0.990515 0.800000 0.800000 0.800000
4907.033691 0.000000 2070.317383 0.000000 0.876910 0.000000 0.480654 0.800000 0.800000 0.800000
4914.714355 0.000000 2050.874268 0.000000 0.608497 0.000000 0.793556 0.800000 0.800000 0.800000
4907.740234 0.000000 2050.653809 0.000000 0.316852 0.000000 -0.948475 0.800000 0.800000 0.800000
4898.786621 0.000000 2079.978516 0.000000 0.299783 0.000000 0.954007 0.800000 0.800000 0.800000
4922.228027 0.000000 2060.555420 0.000000 0.999227 0.000000 -0.039310 0.800000 0.800000 0.800000
4906.750488 0.000000 2061.136230 0.000000 0.634074 0.000000 0.773272 0.800000 0.800000 0.800000
4908.705078 0.000000 2066.370605 0.000000 0.714535 0.000000 0.699600 0.800000 0.800000 0.800000
4898.680176 0.000000 2060.167236 0.000000 0.945969 0.000000 0.324258 0.800000 0.800000 0.800000
4903.368652 0.000000 2053.585449 0.000000 0.858036 0.000000 0.513589 0.800000 0.800000 0.800000
4914.547852 0.000000 2076.525391 0.000000 0.618133 0.000000 0.786074 0.800000 0.800000 0.800000
4897.512695 0.000000 2062.743652 0.000000 0.998335 0.000000 -0.057688 0.800000 0.800000 0.800000
4902.830566 0.000000 2058.974365 0.000000 0.081421 0.000000 -0.996680 0.800000 0.800000 0.800000
4905.937012 0.000000 2058.743164 0.000000 0.143927 0.000000 -0.989588 0.800000 0.800000 0.800000
4925.393555 0.000000 2063.808350 0.000000 0.456059 0.000000 -0.889949 0.800000 0.800000 0.800000
4914.198730 0.000000 2056.187256 0.000000 0.156382 0.000000 0.987697 0.800000 0.800000 0.800000
4896.467285 0.000000 2076.072998 0.000000 0.873307 0.000000 0.487171 0.800000 0.800000 0.800000
4921.373047 0.000000 2068.834229 0.000000 0.976815 0.000000 -0.214084 0.800000 0.800000 0.800000
4902.820312 0.000000 2072.960938 0.000000 0.704976 0.000000 -0.709231 0.800000 0.800000 0.800000
4897.881836 0.000000 2071.758057 0.000000 0.973189 0.000000 -0.230008 0.800000 0.800000 0.800000
4900.362793 0.000000 2075.354004 0.000000 0.577345 0.000000 0.816500 0.800000 0.800000 0.800000
4918.221680 0.000000 2054.269287 0.000000 0.878817 0.000000 -0.477159 0.800000 0.800000 0.800000
4909.081055 0.000000 2061.754883 0.000000 0.994152 0.000000 0.107992 0.800000 0.800000 0.800000
4910.810547 0.000000 2059.831299 0.000000 0.942357 0.000000 -0.334609 0.800000 0.800000 0.800000
4909.875977 0.000000 2064.021484 0.000000 0.395212 0.000000 -0.918590 0.800000 0.800000 0.800000
4916.653320 0.000000 2063.089111 0.000000 0.096139 0.000000 -0.995368 0.800000 0.800000 0.800000
4912.428711 0.000000 2050.484863 0.000000 0.460212 0.000000 -0.887809 0.800000 0.800000 0.800000
4903.521973 0.000000 2068.382812 0.000000 0.594299 0.000000 0.804244 0.800000 0.800000 0.800000
4901.062500 0.000000 2060.391846 0.000000 0.397047 0.000000 0.917798 0.800000 0.800000 0.800000
4927.132812 0.000000 2053.350342 0.000000 0.764920 0.000000 0.644126 0.800000 0.800000 0.800000
4908.300293 0.000000 2053.050049 0.000000 0.922508 0.000000 -0.385978 0.800000 0.800000 0.800000
4896.165527 0.000000 2067.417725 0.000000 0.942042 0.000000 0.335495 0.800000 0.800000 0.800000
4915.187500 0.000000 2058.143555 0.000000 0.469447 0.000000 0.882961 0.800000 0.800000 0.800000
4923.976074 0.000000 2065.555908 0.000000 0.556470 0.000000 0.830868 0.800000 0.800000 0.800000
4911.387695 0.000000 2053.666260 0.000000 0.993485 0.000000 0.113963 0.800000 0.800000 0.800000
4905.921875 0.000000 2072.186279 0.000000 0.018857 0.000000 -0.999822 0.800000 0.800000 0.800000
4912.561035 0.000000 2064.060791 0.000000 0.962806 0.000000 0.270195 0.800000 0.800000 0.800000
4909.964355 0.000000 2074.016846 0.000000 0.128788 0.000000 -0.991672 0.800000 0.800000 0.800000
4905.479492 0.000000 2062.981445 0.000000 0.609563 0.000000 0.792737 0.800000 0.800000 0.800000
4920.831543 0.000000 2064.414062 0.000000 0.489903 0.000000 -0.871777 0.800000 0.800000 0.800000
4911.287109 0.000000 2070.051514 0.000000 0.983465 0.000000 0.181096 0.800000 0.800000 0.800000
4910.213867 0.000000 2057.784424 0.000000 0.217425 0.000000 0.976077 0.800000 0.800000 0.800000
4921.803223 0.000000 2049.642578 0.000000 0.314605 0.000000 0.949223 0.800000 0.800000 0.800000
4908.532715 0.000000 2078.151123 0.000000 0.670267 0.000000 -0.742120 0.800000 0.800000 0.800000
4907.514160 0.000000 2057.306885 0.000000 0.120753 0.000000 0.992683 0.800000 0.800000 0.800000
4902.105957 0.000000 2070.550537 0.000000 0.965387 0.000000 0.260820 0.800000 0.800000 0.800000
4916.404785 0.000000 2069.760742 0.000000 0.189359 0.000000 0.981908 0.800000 0.800000 0.800000
4916.979980 0.000000 2075.617676 0.000000 0.594292 0.000000 -0.804249 0.800000 0.800000 0.800000
4906.937500 0.000000 2075.137207 0.000000 0.203027 0.000000 0.979173 0.800000 0.800000 0.800000
4898.060547 0.000000 2048.627197 0.000000 0.782932 0.000000 -0.622107 0.800000 0.800000 0.800000
4924.344727 0.000000 2052.531250 0.000000 0.916707 0.000000 0.399561 0.800000 0.800000 0.800000
4920.985840 0.000000 2062.133301 0.000000 0.263782 0.000000 -0.964582 0.800000 0.800000 0.800000
4923.040039 0.000000 2079.215088 0.000000 0.641367 0.000000 -0.767235 0.800000 0.800000 0.800000
4912.224609 0.000000 2056.540039 0.000000 0.140171 0.000000 -0.990127 0.800000 0.800000 0.800000
4907.396973 0.000000 2068.324707 0.000000 0.189545 0.000000 -0.981872 0.800000 0.800000 0.800000
4905.966797 0.000000 2065.065430 0.000000 0.872563 0.000000 -0.488501 0.800000 0.800000 0.800000
4908.803223 0.000000 2048.067871 0.000000 0.547628 0.000000 -0.836722 0.800000 0.800000 0.800000
4904.626953 0.000000 2076.834717 0.000000 0.670602 0.000000 0.741817 0.800000 0.800000 0.800000
4920.048828 0.000000 2067.469727 0.000000 0.429109 0.000000 0.903253 0.800000 0.800000 0.800000
4910.784668 0.000000 2077.668213 0.000000 0.062229 0.000000 0.998062 0.800000 0.800000 0.800000
4906.949219 0.000000 2079.362549 0.000000 0.999998 0.000000 0.001826 0.800000 0.800000 0.800000
4904.032227 0.000000 2066.350830 0.000000 0.991497 0.000000 0.130131 0.800000 0.800000 0.800000
4903.702148 0.000000 2048.050537 0.000000 0.740434 0.000000 0.672129 0.800000 0.800000 0.800000
4897.607910 0.000000 2050.885010 0.000000 0.850486 0.000000 0.525997 0.800000 0.800000 0.800000
4919.844727 0.000000 2053.177002 0.000000 0.303921 0.000000 -0.952697 0.800000 0.800000 0.800000
4927.681152 0.000000 2051.447510 0.000000 0.836515 0.000000 -0.547944 0.800000 0.800000 0.800000
4904.128906 0.000000 2051.728271 0.000000 0.876195 0.000000 -0.481957 0.800000 0.800000 0.800000
4917.761719 0.000000 2068.190674 0.000000 0.896930 0.000000 0.442174 0.800000 0.800000 0.800000
4911.044922 0.000000 2067.861572 0.000000 0.267123 0.000000 0.963663 0.800000 0.800000 0.800000
4899.888672 0.000000 2048.005859 0.000000 0.052046 0.000000 0.998645 0.800000 0.800000 0.800000
4896.139160 0.000000 2071.112305 0.000000 0.864325 0.000000 0.502934 0.800000 0.800000 0.800000
4914.603516 0.000000 2069.108643 0.000000 0.134292 0.000000 0.990942 0.800000 0.800000 0.800000
4909.515625 0.000000 2050.147461 0.000000 0.859416 0.000000 0.511276 0.800000 0.800000 0.800000
4900.581055 0.000000 2077.118164 0.000000 0.740320 0.000000 -0.672255 0.800000 0.800000 0.800000
4923.785645 0.000000 2061.631348 0.000000 0.326377 0.000000 -0.945240 0.800000 0.800000 0.800000
4901.716797 0.000000 2068.723633 0.000000 0.549695 0.000000 -0.835366 0.800000 0.800000 0.800000
4912.863281 0.000000 2071.367676 0.000000 0.957644 0.000000 0.287955 0.800000 0.800000 0.800000
4898.712402 0.000000 2057.707275 0.000000 0.632995 0.000000 -0.774156 0.800000 0.800000 0.800000
4915.708496 0.000000 2052.376953 0.000000 0.976724 0.000000 -0.214500 0.800000 0.800000 0.800000
4902.020020 0.000000 2074.623779 0.000000 0.607160 0.000000 0.794579 0.800000 0.800000 0.800000
4900.093262 0.000000 2066.067139 0.000000 0.944980 0.000000 -0.327128 0.800000 0.800000 0.800000
4900.183105 0.000000 2067.820801 0.000000 0.995447 0.000000 -0.095322 0.800000 0.800000 0.800000
4905.937500 0.000000 2050.556641 0.000000 0.227342 0.000000 -0.973815 0.800000 0.800000 0.800000
4896.006836 0.000000 2054.326660 0.000000 0.130458 0.000000 -0.991454 0.800000 0.800000 0.800000
4922.002930 0.000000 2058.849609 0.000000 0.747135 0.000000 -0.664672 0.800000 0.800000 0.800000
4898.624512 0.000000 2068.837891 0.000000 0.994945 0.000000 0.100425 0.800000 0.800000 0.800000
4902.806641 0.000000 2077.964111 0.000000 0.108433 0.000000 0.994104 0.800000 0.800000 0.800000
4899.667480 0.000000 2071.368164 0.000000 0.717334 0.000000 0.696729 0.800000 0.800000 0.800000
4903.581543 0.000000 2055.327881 0.000000 0.864472 0.000000 0.502681 0.800000 0.800000 0.800000
4915.362793 0.000000 2072.532715 0.000000 0.448418 0.000000 0.893824 0.800000 0.800000 0.800000
4916.462891 0.000000 2077.276855 0.000000 0.766669 0.000000 0.642043 0.800000 0.800000 0.800000
4904.430176 0.000000 2059.637451 0.000000 0.011105 0.000000 -0.999938 0.800000 0.800000 0.800000
4924.635254 0.000000 2078.694336 0.000000 0.677113 0.000000 -0.735879 0.800000 0.800000 0.800000
4921.429199 0.000000 2079.939209 0.000000 0.025081 0.000000 -0.999685 0.800000 0.800000 0.800000
4912.638672 0.000000 2054.836670 0.000000 0.927461 0.000000 0.373920 0.800000 0.800000 0.800000
4918.152832 0.000000 2048.035645 0.000000 0.603935 0.000000 -0.797034 0.800000 0.800000 0.800000
4922.438965 0.000000 2064.730713 0.000000 0.972654 0.000000 0.232260 0.800000 0.800000 0.800000
4917.941895 0.000000 2064.472168 0.000000 0.913439 0.000000 -0.406975 0.800000 0.800000 0.800000
4909.696777 0.000000 2054.164062 0.000000 0.391949 0.000000 0.919987 0.800000 0.800000 0.800000
4899.270996 0.000000 2052.019043 0.000000 0.995514 0.000000 -0.094613 0.800000 0.800000 0.800000
4900.522949 0.000000 2054.759521 0.000000 0.999776 0.000000 -0.021174 0.800000 0.800000 0.800000
4909.047852 0.000000 2056.605469 0.000000 0.999098 0.000000 0.042467 0.800000 0.800000 0.800000
4906.195801 0.000000 2056.319580 0.000000 0.827525 0.000000 0.561429 0.800000 0.800000 0.800000
4897.893555 0.000000 2078.636963 0.000000 0.608156 0.000000 -0.793817 0.800000 0.800000 0.800000
4911.578613 0.000000 2074.102539 0.000000 0.220105 0.000000 -0.975476 0.800000 0.800000 0.800000
4896.011719 0.000000 2062.166016 0.000000 0.946150 0.000000 0.323728 0.800000 0.800000 0.800000
4896.008301 0.000000 2051.433350 0.000000 0.561280 0.000000 0.827626 0.800000 0.800000 0.800000
4911.964355 0.000000 2079.705811 0.000000 0.853248 0.000000 0.521506 0.800000 0.800000 0.800000
4922.728516 0.000000 2067.922852 0.000000 0.143973 0.000000 -0.989582 0.800000 0.800000 0.800000
4902.640625 0.000000 2065.559326 0.000000 0.096782 0.000000 0.995306 0.800000 0.800000 0.800000
4897.570801 0.000000 2054.543213 0.000000 0.226394 0.000000 0.974036 0.800000 0.800000 0.800000
4915.084473 0.000000 2049.335205 0.000000 0.016243 0.000000 0.999868 0.800000 0.800000 0.800000
4896.384766 0.000000 2048.030273 0.000000 0.999798 0.000000 -0.020088 0.800000 0.800000 0.800000
4914.771973 0.000000 2059.671143 0.000000 0.939230 0.000000 -0.343289 0.800000 0.800000 0.800000
4902.650879 0.000000 2060.563477 0.000000 0.081390 0.000000 0.996682 0.800000 0.800000 0.800000
4913.285645 0.000000 2075.556396 0.000000 0.802829 0.000000 -0.596209 0.800000 0.800000 0.800000
4919.590820 0.000000 2078.342529 0.000000 0.985263 0.000000 0.171045 0.800000 0.800000 0.800000
4900.938477 0.000000 2049.883301 0.000000 0.875675 0.000000 -0.482901 0.800000 0.800000 0.800000
4922.185547 0.000000 2076.829590 0.000000 0.812775 0.000000 0.582578 0.800000 0.800000 0.800000
4904.372559 0.000000 2072.508789 0.000000 0.476680 0.000000 -0.879077 0.800000 0.800000 0.800000
4920.203125 0.000000 2060.719482 0.000000 0.964327 0.000000 0.264715 0.800000 0.800000 0.800000
4920.145020 0.000000 2065.820312 0.000000 0.961815 0.000000 0.273699 0.800000 0.800000 0.800000
4912.966309 0.000000 2062.535400 0.000000 0.697691 0.000000 -0.716399 0.800000 0.800000 0.800000
4900.652344 0.000000 2056.635742 0.000000 0.837772 0.000000 -0.546020 0.800000 0.800000 0.800000
4907.081543 0.000000 2066.150146 0.000000 0.977832 0.000000 0.209391 0.800000 0.800000 0.800000
4926.987305 0.000000 2050.009277 0.000000 0.665075 0.000000 -0.746777 0.800000 0.800000 0.800000
4923.178223 0.000000 2075.461670 0.000000 0.555168 0.000000 0.831738 0.800000 0.800000 0.800000
4912.834961 0.000000 2077.049316 0.000000 0.699626 0.000000 0.714510 0.800000 0.800000 0.800000
4902.268555 0.000000 2052.503174 0.000000 0.953025 0.000000 -0.302890 0.800000 0.800000 0.800000
4898.465332 0.000000 2070.346924 0.000000 0.207483 0.000000 -0.978239 0.800000 0.800000 0.800000
4908.549805 0.000000 2064.835205 0.000000 0.895019 0.000000 -0.446028 0.800000 0.800000 0.800000
4901.416504 0.000000 2071.920898 0.000000 0.994519 0.000000 -0.104556 0.800000 0.800000 0.800000
4921.544434 0.000000 2048.103271 0.000000 0.281665 0.000000 -0.959513 0.800000 0.800000 0.800000
4898.733887 0.000000 2073.056152 0.000000 0.625780 0.000000 -0.779999 0.800000 0.800000 0.800000
4906.891602 0.000000 2053.670898 0.000000 0.266128 0.000000 -0.963938 0.800000 0.800000 0.800000
4899.676758 0.000000 2078.721436 0.000000 0.565966 0.000000 -0.824428 0.800000 0.800000 0.800000
4912.136719 0.000000 2048.126709 0.000000 0.682336 0.000000 0.731039 0.800000 0.800000 0.800000
4902.830566 0.000000 2049.407471 0.000000 0.999578 0.000000 -0.029057 0.800000 0.800000 0.800000
4902.694336 0.000000 2079.479492 0.000000 0.930248 0.000000 -0.366930 0.800000 0.800000 0.800000
4914.473633 0.000000 2079.398438 0.000000 0.849149 0.000000 0.528154 0.800000 0.800000 0.800000
4897.424805 0.000000 2061.200684 0.000000 0.246524 0.000000 0.969137 0.800000 0.800000 0.800000
4915.002441 0.000000 2077.975586 0.000000 0.359292 0.000000 0.933225 0.800000 0.800000 0.800000
4927.500000 0.000000 2079.470215 0.000000 0.548716 0.000000 -0.836009 0.800000 0.800000 0.800000
4903.569336 0.000000 2074.779785 0.000000 0.796786 0.000000 -0.604262 0.800000 0.800000 0.800000
4907.695801 0.000000 2071.702881 0.000000 0.490590 0.000000 0.871391 0.800000 0.800000 0.800000
4898.875000 0.000000 2061.760010 0.000000 0.985445 0.000000 -0.169997 0.800000 0.800000 0.800000
4917.873535 0.000000 2062.191895 0.000000 0.864670 0.000000 0.502341 0.800000 0.800000 0.800000
4918.630859 0.000000 2072.743408 0.000000 0.763347 0.000000 0.645988 0.800000 0.800000 0.800000
4888.140625 0.000000 2090.975586 0.000000 0.998547 0.000000 -0.053881 0.800000 0.800000 0.800000
4892.322754 0.000000 2106.183594 0.000000 0.958374 0.000000 0.285515 0.800000 0.800000 0.800000
4869.689453 0.000000 2080.395264 0.000000 0.953668 0.000000 -0.300862 0.800000 0.800000 0.800000
4882.674805 0.000000 2096.570068 0.000000 0.627700 0.000000 -0.778455 0.800000 0.800000 0.800000
4886.825195 0.000000 2106.234131 0.000000 0.998585 0.000000 -0.053185 0.800000 0.800000 0.800000
4868.835938 0.000000 2085.125488 0.000000 0.190151 0.000000 0.981755 0.800000 0.800000 0.800000
4894.278320 0.000000 2110.367676 0.000000 0.604637 0.000000 0.796501 0.800000 0.800000 0.800000
4894.231934 0.000000 2101.910645 0.000000 0.915406 0.000000 -0.402532 0.800000 0.800000 0.800000
4864.114746 0.000000 2092.443359 0.000000 0.897804 0.000000 0.440396 0.800000 0.800000 0.800000
4887.070312 0.000000 2095.147705 0.000000 0.959379 0.000000 -0.282122 0.800000 0.800000 0.800000
4868.398926 0.000000 2090.167725 0.000000 0.168405 0.000000 -0.985718 0.800000 0.800000 0.800000
4881.761719 0.000000 2085.575195 0.000000 0.920614 0.000000 -0.390474 0.800000 0.800000 0.800000
4894.638184 0.000000 2098.081055 0.000000 0.926617 0.000000 0.376006 0.800000 0.800000 0.800000
4893.834961 0.000000 2083.189209 0.000000 0.746393 0.000000 -0.665506 0.800000 0.800000 0.800000
4890.444336 0.000000 2083.654053 0.000000 0.324432 0.000000 0.945909 0.800000 0.800000 0.800000
4883.926758 0.000000 2099.724854 0.000000 0.894208 0.000000 0.447651 0.800000 0.800000 0.800000
4883.479004 0.000000 2106.200928 0.000000 0.463877 0.000000 -0.885899 0.800000 0.800000 0.800000
4865.156250 0.000000 2084.733643 0.000000 0.927859 0.000000 -0.372932 0.800000 0.800000 0.800000
4886.609375 0.000000 2098.199951 0.000000 0.491630 0.000000 0.870804 0.800000 0.800000 0.800000
4886.474609 0.000000 2109.117920 0.000000 0.550283 0.000000 -0.834978 0.800000 0.800000 0.800000
4869.927246 0.000000 2087.717529 0.000000 0.944626 0.000000 -0.328148 0.800000 0.800000 0.800000
4891.829590 0.000000 2108.882324 0.000000 0.954418 0.000000 -0.298474 0.800000 0.800000 0.800000
4875.740234 0.000000 2082.653809 0.000000 0.386080 0.000000 -0.922465 0.800000 0.800000 0.800000
4866.680176 0.000000 2092.167236 0.000000 0.802090 0.000000 0.597203 0.800000 0.800000 0.800000
4871.368652 0.000000 2085.585449 0.000000 0.975812 0.000000 0.218610 0.800000 0.800000 0.800000
4865.512695 0.000000 2094.743652 0.000000 0.669825 0.000000 -0.742519 0.800000 0.800000 0.800000
4885.446777 0.000000 2090.620850 0.000000 0.563584 0.000000 -0.826059 0.800000 0.800000 0.800000
4887.880371 0.000000 2083.297852 0.000000 0.366565 0.000000 -0.930393 0.800000 0.800000 0.800000
4889.373047 0.000000 2100.834229 0.000000 0.585888 0.000000 0.810392 0.800000 0.800000 0.800000
4887.161133 0.000000 2088.527832 0.000000 0.872829 0.000000 -0.488025 0.800000 0.800000 0.800000
4886.221680 0.000000 2086.269287 0.000000 0.979061 0.000000 -0.203567 0.800000 0.800000 0.800000
4870.085938 0.000000 2082.964111 0.000000 0.945818 0.000000 0.324698 0.800000 0.800000 0.800000
4889.684082 0.000000 2088.959473 0.000000 0.912509 0.000000 0.409057 0.800000 0.800000 0.800000
4886.485352 0.000000 2092.843750 0.000000 0.944594 0.000000 0.328241 0.800000 0.800000 0.800000
4894.364258 0.000000 2107.971680 0.000000 0.783624 0.000000 0.621235 0.800000 0.800000 0.800000
4884.653320 0.000000 2095.089111 0.000000 0.101937 0.000000 -0.994791 0.800000 0.800000 0.800000
4892.687012 0.000000 2103.710449 0.000000 0.402413 0.000000 -0.915458 0.800000 0.800000 0.800000
4864.958984 0.000000 2090.274658 0.000000 0.996413 0.000000 -0.084620 0.800000 0.800000 0.800000
4895.132812 0.000000 2085.350342 0.000000 0.900647 0.000000 -0.434551 0.800000 0.800000 0.800000
4883.187500 0.000000 2090.143555 0.000000 0.047971 0.000000 -0.998849 0.800000 0.800000 0.800000
4891.976074 0.000000 2097.555908 0.000000 0.848952 0.000000 -0.528470 0.800000 0.800000 0.800000
4895.804688 0.000000 2103.430420 0.000000 0.382328 0.000000 0.924027 0.800000 0.800000 0.800000
4889.803223 0.000000 2081.642578 0.000000 0.991683 0.000000 0.128707 0.800000 0.800000 0.800000
4890.053711 0.000000 2105.255127 0.000000 0.451533 0.000000 -0.892254 0.800000 0.800000 0.800000
4884.404785 0.000000 2101.760742 0.000000 0.703391 0.000000 -0.710803 0.800000 0.800000 0.800000
4886.239258 0.000000 2111.347656 0.000000 0.356914 0.000000 0.934137 0.800000 0.800000 0.800000
4884.979980 0.000000 2107.617676 0.000000 0.921494 0.000000 0.388392 0.800000 0.800000 0.800000
4895.156738 0.000000 2100.075439 0.000000 0.601966 0.000000 0.798522 0.800000 0.800000 0.800000
4866.060547 0.000000 2080.627197 0.000000 0.388843 0.000000 -0.921304 0.800000 0.800000 0.800000
4892.015625 0.000000 2082.344238 0.000000 0.533713 0.000000 -0.845666 0.800000 0.800000 0.800000
4892.344727 0.000000 2084.531250 0.000000 0.607648 0.000000 -0.794206 0.800000 0.800000 0.800000
4888.985840 0.000000 2094.133301 0.000000 0.383766 0.000000 0.923430 0.800000 0.800000 0.800000
4891.794434 0.000000 2101.787598 0.000000 0.202415 0.000000 -0.979300 0.800000 0.800000 0.800000
4882.561035 0.000000 2094.499512 0.000000 0.977944 0.000000 0.208869 0.800000 0.800000 0.800000
4891.040039 0.000000 2111.215088 0.000000 0.042871 0.000000 0.999081 0.800000 0.800000 0.800000
4866.932617 0.000000 2085.660889 0.000000 0.419491 0.000000 -0.907759 0.800000 0.800000 0.800000
4888.048828 0.000000 2099.469727 0.000000 0.471537 0.000000 0.881846 0.800000 0.800000 0.800000
4886.376465 0.000000 2082.116943 0.000000 0.705061 0.000000 0.709147 0.800000 0.800000 0.800000
4893.257812 0.000000 2089.212891 0.000000 0.540908 0.000000 -0.841082 0.800000 0.800000 0.800000
4865.607910 0.000000 2082.885010 0.000000 0.262591 0.000000 -0.964907 0.800000 0.800000 0.800000
4887.844727 0.000000 2085.177002 0.000000 0.873151 0.000000 0.487450 0.800000 0.800000 0.800000
4872.128906 0.000000 2083.728271 0.000000 0.999975 0.000000 -0.007113 0.800000 0.800000 0.800000
4885.761719 0.000000 2100.190674 0.000000 0.330793 0.000000 0.943703 0.800000 0.800000 0.800000
4867.888672 0.000000 2080.005859 0.000000 0.740389 0.000000 -0.672178 0.800000 0.800000 0.800000
4887.884277 0.000000 2107.793701 0.000000 0.845445 0.000000 -0.534063 0.800000 0.800000 0.800000
4880.537598 0.000000 2084.258057 0.000000 0.202162 0.000000 0.979352 0.800000 0.800000 0.800000
4866.712402 0.000000 2089.707275 0.000000 0.529626 0.000000 -0.848231 0.800000 0.800000 0.800000
4873.937500 0.000000 2082.556641 0.000000 0.617270 0.000000 0.786751 0.800000 0.800000 0.800000
4885.188477 0.000000 2105.717773 0.000000 0.693305 0.000000 0.720644 0.800000 0.800000 0.800000
4888.453613 0.000000 2105.787109 0.000000 0.249337 0.000000 0.968417 0.800000 0.800000 0.800000
4894.976074 0.000000 2096.349609 0.000000 0.888876 0.000000 -0.458147 0.800000 0.800000 0.800000
4883.362793 0.000000 2104.532715 0.000000 0.464274 0.000000 -0.885692 0.800000 0.800000 0.800000
4884.462891 0.000000 2109.276855 0.000000 0.999280 0.000000 -0.037943 0.800000 0.800000 0.800000
4889.429199 0.000000 2111.939209 0.000000 0.984883 0.000000 -0.173220 0.800000 0.800000 0.800000
4884.375488 0.000000 2082.693115 0.000000 0.100603 0.000000 -0.994927 0.800000 0.800000 0.800000
4880.638672 0.000000 2086.836670 0.000000 0.841199 0.000000 -0.540726 0.800000 0.800000 0.800000
4890.438965 0.000000 2096.730713 0.000000 0.999544 0.000000 0.030181 0.800000 0.800000 0.800000
4885.941895 0.000000 2096.472168 0.000000 0.999438 0.000000 0.033519 0.800000 0.800000 0.800000
4889.583496 0.000000 2085.075439 0.000000 0.019080 0.000000 0.999818 0.800000 0.800000 0.800000
4888.854492 0.000000 2102.473877 0.000000 0.333811 0.000000 0.942640 0.800000 0.800000 0.800000
4867.270996 0.000000 2084.019043 0.000000 0.816992 0.000000 -0.576649 0.800000 0.800000 0.800000
4868.522949 0.000000 2086.759521 0.000000 0.966194 0.000000 -0.257816 0.800000 0.800000 0.800000
4894.265625 0.000000 2104.111328 0.000000 0.000623 0.000000 -1.000000 0.800000 0.800000 0.800000
4864.011719 0.000000 2094.166016 0.000000 0.798185 0.000000 -0.602412 0.800000 0.800000 0.800000
4864.008301 0.000000 2083.433350 0.000000 0.692003 0.000000 -0.721895 0.800000 0.800000 0.800000
4890.728516 0.000000 2099.922852 0.000000 0.888216 0.000000 0.459426 0.800000 0.800000 0.800000
4883.084473 0.000000 2081.335205 0.000000 0.756280 0.000000 0.654248 0.800000 0.800000 0.800000
4882.771973 0.000000 2091.671143 0.000000 0.722862 0.000000 -0.690992 0.800000 0.800000 0.800000
4881.285645 0.000000 2107.556396 0.000000 0.959596 0.000000 0.281382 0.800000 0.800000 0.800000
4887.590820 0.000000 2110.342529 0.000000 0.933464 0.000000 -0.358672 0.800000 0.800000 0.800000
4868.938477 0.000000 2081.883301 0.000000 0.984178 0.000000 0.177183 0.800000 0.800000 0.800000
4873.268066 0.000000 2080.610107 0.000000 0.222798 0.000000 -0.974865 0.800000 0.800000 0.800000
4890.185547 0.000000 2108.829590 0.000000 0.999321 0.000000 -0.036832 0.800000 0.800000 0.800000
4888.203125 0.000000 2092.719482 0.000000 0.787654 0.000000 -0.616118 0.800000 0.800000 0.800000
4888.145020 0.000000 2097.820312 0.000000 0.151214 0.000000 0.988501 0.800000 0.800000 0.800000
4868.652344 0.000000 2088.635742 0.000000 0.195298 0.000000 -0.980744 0.800000 0.800000 0.800000
4891.508301 0.000000 2104.722168 0.000000 0.403353 0.000000 -0.915044 0.800000 0.800000 0.800000
4894.987305 0.000000 2082.009277 0.000000 0.989302 0.000000 -0.145882 0.800000 0.800000 0.800000
4891.178223 0.000000 2107.461670 0.000000 0.950659 0.000000 0.310237 0.800000 0.800000 0.800000
4880.834961 0.000000 2109.049316 0.000000 0.176566 0.000000 -0.984289 0.800000 0.800000 0.800000
4870.268555 0.000000 2084.503174 0.000000 0.675900 0.000000 0.736993 0.800000 0.800000 0.800000
4889.544434 0.000000 2080.103271 0.000000 0.929991 0.000000 0.367582 0.800000 0.800000 0.800000
4880.136719 0.000000 2080.126709 0.000000 0.882535 0.000000 0.470247 0.800000 0.800000 0.800000
4870.830566 0.000000 2081.407471 0.000000 0.996379 0.000000 -0.085022 0.800000 0.800000 0.800000
4865.424805 0.000000 2093.200684 0.000000 0.927810 0.000000 0.373052 0.800000 0.800000 0.800000
4895.549805 0.000000 2109.235352 0.000000 0.057461 0.000000 -0.998348 0.800000 0.800000 0.800000
4895.500000 0.000000 2111.470215 0.000000 0.793241 0.000000 -0.608908 0.800000 0.800000 0.800000
4866.875000 0.000000 2093.760010 0.000000 0.954446 0.000000 -0.298385 0.800000 0.800000 0.800000
4885.873535 0.000000 2094.191895 0.000000 0.777266 0.000000 0.629173 0.800000 0.800000 0.800000
4886.630859 0.000000 2104.743408 0.000000 0.443464 0.000000 -0.896292 0.800000 0.800000 0.800000
4923.528809 0.000000 2080.375977 0.000000 0.894730 0.000000 0.446608 0.800000 0.800000 0.800000
4898.780762 0.000000 2109.285156 0.000000 0.786304 0.000000 -0.617840 0.800000 0.800000 0.800000
4904.221191 0.000000 2102.685059 0.000000 0.771458 0.000000 0.636280 0.800000 0.800000 0.800000
4913.748535 0.000000 2080.283203 0.000000 0.675537 0.000000 0.737326 0.800000 0.800000 0.800000
4926.278320 0.000000 2110.367676 0.000000 0.998030 0.000000 -0.062731 0.800000 0.800000 0.800000
4908.507324 0.000000 2091.169922 0.000000 0.292725 0.000000 -0.956197 0.800000 0.800000 0.800000
4918.946289 0.000000 2101.656006 0.000000 0.457878 0.000000 0.889015 0.800000 0.800000 0.800000
4896.250000 0.000000 2105.564697 0.000000 0.951252 0.000000 0.308416 0.800000 0.800000 0.800000
4902.714355 0.000000 2108.230957 0.000000 0.089273 0.000000 0.996007 0.800000 0.800000 0.800000
4913.761719 0.000000 2085.575195 0.000000 0.885372 0.000000 -0.464882 0.800000 0.800000 0.800000
4910.386230 0.000000 2087.658691 0.000000 0.951411 0.000000 0.307922 0.800000 0.800000 0.800000
4926.638184 0.000000 2098.081055 0.000000 0.997326 0.000000 -0.073079 0.800000 0.800000 0.800000
4925.834961 0.000000 2083.189209 0.000000 0.941835 0.000000 0.336075 0.800000 0.800000 0.800000
4915.926758 0.000000 2099.724854 0.000000 0.153914 0.000000 0.988084 0.800000 0.800000 0.800000
4915.479004 0.000000 2106.200928 0.000000 0.793378 0.000000 -0.608730 0.800000 0.800000 0.800000
4910.752441 0.000000 2080.863770 0.000000 0.966122 0.000000 0.258087 0.800000 0.800000 0.800000
4899.392090 0.000000 2082.345947 0.000000 0.996993 0.000000 0.077488 0.800000 0.800000 0.800000
4904.295410 0.000000 2081.879395 0.000000 0.813968 0.000000 0.580909 0.800000 0.800000 0.800000
4916.718750 0.000000 2081.037598 0.000000 0.673761 0.000000 0.738950 0.800000 0.800000 0.800000
4912.835938 0.000000 2100.439941 0.000000 0.219625 0.000000 -0.975584 0.800000 0.800000 0.800000
4904.185059 0.000000 2111.080078 0.000000 0.958494 0.000000 -0.285113 0.800000 0.800000 0.800000
4908.854004 0.000000 2107.902832 0.000000 0.328732 0.000000 -0.944423 0.800000 0.800000 0.800000
4914.714355 0.000000 2082.874268 0.000000 0.997488 0.000000 0.070842 0.800000 0.800000 0.800000
4922.228027 0.000000 2092.555420 0.000000 0.440296 0.000000 -0.897853 0.800000 0.800000 0.800000
4906.750488 0.000000 2093.136230 0.000000 0.452840 0.000000 0.891592 0.800000 0.800000 0.800000
4908.705078 0.000000 2098.370605 0.000000 0.911613 0.000000 0.411050 0.800000 0.800000 0.800000
4898.680176 0.000000 2092.167236 0.000000 0.876047 0.000000 -0.482226 0.800000 0.800000 0.800000
4902.830566 0.000000 2090.974365 0.000000 0.974263 0.000000 -0.225416 0.800000 0.800000 0.800000
4899.293457 0.000000 2087.879150 0.000000 0.999675 0.000000 0.025498 0.800000 0.800000 0.800000
4919.880371 0.000000 2083.297852 0.000000 0.964240 0.000000 0.265030 0.800000 0.800000 0.800000
4919.974609 0.000000 2103.988281 0.000000 0.863888 0.000000 0.503684 0.800000 0.800000 0.800000
4925.393555 0.000000 2095.808350 0.000000 0.758555 0.000000 0.651609 0.800000 0.800000 0.800000
4902.820312 0.000000 2104.960938 0.000000 0.989694 0.000000 0.143198 0.800000 0.800000 0.800000
4897.881836 0.000000 2103.758057 0.000000 0.999944 0.000000 0.010606 0.800000 0.800000 0.800000
4900.362793 0.000000 2107.354004 0.000000 0.398254 0.000000 0.917275 0.800000 0.800000 0.800000
4919.161133 0.000000 2088.527832 0.000000 0.978588 0.000000 0.205829 0.800000 0.800000 0.800000
4913.465332 0.000000 2092.796875 0.000000 0.172910 0.000000 -0.984938 0.800000 0.800000 0.800000
4910.810547 0.000000 2091.831299 0.000000 0.339486 0.000000 0.940611 0.800000 0.800000 0.800000
4909.875977 0.000000 2096.021484 0.000000 0.909310 0.000000 -0.416120 0.800000 0.800000 0.800000
4918.485352 0.000000 2092.843750 0.000000 0.631669 0.000000 -0.775238 0.800000 0.800000 0.800000
4916.653320 0.000000 2095.089111 0.000000 0.639993 0.000000 0.768381 0.800000 0.800000 0.800000
4924.687012 0.000000 2103.710449 0.000000 0.776194 0.000000 0.630494 0.800000 0.800000 0.800000
4912.428711 0.000000 2082.484863 0.000000 0.420195 0.000000 -0.907434 0.800000 0.800000 0.800000
4896.958984 0.000000 2090.274658 0.000000 0.361728 0.000000 0.932284 0.800000 0.800000 0.800000
4909.204590 0.000000 2103.266357 0.000000 0.824609 0.000000 -0.565703 0.800000 0.800000 0.800000
4898.933105 0.000000 2096.728027 0.000000 0.096295 0.000000 -0.995353 0.800000 0.800000 0.800000
4901.062500 0.000000 2092.391846 0.000000 0.017771 0.000000 -0.999842 0.800000 0.800000 0.800000
4927.132812 0.000000 2085.350342 0.000000 0.823687 0.000000 0.567045 0.800000 0.800000 0.800000
4908.300293 0.000000 2085.050049 0.000000 0.727827 0.000000 -0.685760 0.800000 0.800000 0.800000
4923.976074 0.000000 2097.555908 0.000000 0.446991 0.000000 -0.894538 0.800000 0.800000 0.800000
4911.387695 0.000000 2085.666260 0.000000 0.239559 0.000000 -0.970882 0.800000 0.800000 0.800000
4902.273438 0.000000 2094.596924 0.000000 0.998191 0.000000 -0.060131 0.800000 0.800000 0.800000
4909.964355 0.000000 2106.016846 0.000000 0.932119 0.000000 0.362152 0.800000 0.800000 0.800000
4905.479492 0.000000 2094.981445 0.000000 0.988844 0.000000 0.148958 0.800000 0.800000 0.800000
4927.486328 0.000000 2094.729736 0.000000 0.336829 0.000000 0.941566 0.800000 0.800000 0.800000
4910.213867 0.000000 2089.784424 0.000000 0.746237 0.000000 -0.665680 0.800000 0.800000 0.800000
4921.803223 0.000000 2081.642578 0.000000 0.999593 0.000000 0.028531 0.800000 0.800000 0.800000
4907.514160 0.000000 2089.306885 0.000000 0.570433 0.000000 -0.821344 0.800000 0.800000 0.800000
4916.604980 0.000000 2097.452393 0.000000 0.983478 0.000000 0.181025 0.800000 0.800000 0.800000
4922.053711 0.000000 2105.255127 0.000000 0.585644 0.000000 0.810568 0.800000 0.800000 0.800000
4916.404785 0.000000 2101.760742 0.000000 0.628273 0.000000 -0.777993 0.800000 0.800000 0.800000
4918.239258 0.000000 2111.347656 0.000000 0.361972 0.000000 -0.932189 0.800000 0.800000 0.800000
4927.156738 0.000000 2100.075439 0.000000 0.239383 0.000000 0.970925 0.800000 0.800000 0.800000
4906.937500 0.000000 2107.137207 0.000000 0.935045 0.000000 0.354528 0.800000 0.800000 0.800000
4924.015625 0.000000 2082.344238 0.000000 0.237375 0.000000 -0.971418 0.800000 0.800000 0.800000
4920.985840 0.000000 2094.133301 0.000000 0.168048 0.000000 0.985779 0.800000 0.800000 0.800000
4914.561035 0.000000 2094.499512 0.000000 0.996931 0.000000 -0.078284 0.800000 0.800000 0.800000
4923.040039 0.000000 2111.215088 0.000000 0.490588 0.000000 0.871392 0.800000 0.800000 0.800000
4912.224609 0.000000 2088.540039 0.000000 0.009852 0.000000 0.999951 0.800000 0.800000 0.800000
4898.932617 0.000000 2085.660889 0.000000 0.657426 0.000000 0.753519 0.800000 0.800000 0.800000
4905.966797 0.000000 2097.065430 0.000000 0.932687 0.000000 0.360686 0.800000 0.800000 0.800000
4904.626953 0.000000 2108.834717 0.000000 0.666744 0.000000 -0.745287 0.800000 0.800000 0.800000
4905.355957 0.000000 2101.099121 0.000000 0.179628 0.000000 -0.983735 0.800000 0.800000 0.800000
4920.048828 0.000000 2099.469727 0.000000 0.729805 0.000000 -0.683655 0.800000 0.800000 0.800000
4918.376465 0.000000 2082.116943 0.000000 0.989382 0.000000 0.145337 0.800000 0.800000 0.800000
4927.356934 0.000000 2092.235596 0.000000 0.828628 0.000000 -0.559799 0.800000 0.800000 0.800000
4925.257812 0.000000 2089.212891 0.000000 0.695334 0.000000 -0.718686 0.800000 0.800000 0.800000
4897.607910 0.000000 2082.885010 0.000000 0.859375 0.000000 -0.511346 0.800000 0.800000 0.800000
4919.844727 0.000000 2085.177002 0.000000 0.989720 0.000000 -0.143015 0.800000 0.800000 0.800000
4917.761719 0.000000 2100.190674 0.000000 0.472065 0.000000 0.881564 0.800000 0.800000 0.800000
4911.044922 0.000000 2099.861572 0.000000 0.811406 0.000000 -0.584483 0.800000 0.800000 0.800000
4896.139160 0.000000 2103.112305 0.000000 0.995762 0.000000 -0.091968 0.800000 0.800000 0.800000
4914.603516 0.000000 2101.108643 0.000000 0.731078 0.000000 -0.682294 0.800000 0.800000 0.800000
4923.785645 0.000000 2093.631348 0.000000 0.557268 0.000000 0.830333 0.800000 0.800000 0.800000
4912.537598 0.000000 2084.258057 0.000000 0.403105 0.000000 0.915154 0.800000 0.800000 0.800000
4912.863281 0.000000 2103.367676 0.000000 0.713991 0.000000 -0.700155 0.800000 0.800000 0.800000
4898.712402 0.000000 2089.707275 0.000000 0.986240 0.000000 -0.165318 0.800000 0.800000 0.800000
4915.708496 0.000000 2084.376953 0.000000 0.904442 0.000000 -0.426597 0.800000 0.800000 0.800000
4902.020020 0.000000 2106.623779 0.000000 0.999835 0.000000 0.018169 0.800000 0.800000 0.800000
4896.006836 0.000000 2086.326660 0.000000 0.893359 0.000000 -0.449344 0.800000 0.800000 0.800000
4925.178223 0.000000 2080.849121 0.000000 0.162857 0.000000 0.986650 0.800000 0.800000 0.800000
4917.188477 0.000000 2105.717773 0.000000 0.527929 0.000000 0.849288 0.800000 0.800000 0.800000
4898.624512 0.000000 2100.837891 0.000000 0.985386 0.000000 0.170334 0.800000 0.800000 0.800000
4902.806641 0.000000 2109.964111 0.000000 0.898278 0.000000 0.439427 0.800000 0.800000 0.800000
4920.453613 0.000000 2105.787109 0.000000 0.965831 0.000000 0.259173 0.800000 0.800000 0.800000
4899.667480 0.000000 2103.368164 0.000000 0.632023 0.000000 0.774950 0.800000 0.800000 0.800000
4926.976074 0.000000 2096.349609 0.000000 0.790788 0.000000 -0.612090 0.800000 0.800000 0.800000
4903.581543 0.000000 2087.327881 0.000000 0.996042 0.000000 0.088882 0.800000 0.800000 0.800000
4915.362793 0.000000 2104.532715 0.000000 0.988708 0.000000 -0.149858 0.800000 0.800000 0.800000
4916.462891 0.000000 2109.276855 0.000000 0.699444 0.000000 -0.714688 0.800000 0.800000 0.800000
4924.635254 0.000000 2110.694336 0.000000 0.193417 0.000000 -0.981117 0.800000 0.800000 0.800000
4921.429199 0.000000 2111.939209 0.000000 0.999827 0.000000 -0.018606 0.800000 0.800000 0.800000
4912.638672 0.000000 2086.836670 0.000000 0.605431 0.000000 0.795898 0.800000 0.800000 0.800000
4918.152832 0.000000 2080.035645 0.000000 0.550116 0.000000 0.835088 0.800000 0.800000 0.800000
4922.438965 0.000000 2096.730713 0.000000 0.408707 0.000000 -0.912666 0.800000 0.800000 0.800000
4917.941895 0.000000 2096.472168 0.000000 0.939046 0.000000 -0.343792 0.800000 0.800000 0.800000
4909.696777 0.000000 2086.164062 0.000000 0.993949 0.000000 0.109844 0.800000 0.800000 0.800000
4921.583496 0.000000 2085.075439 0.000000 0.999401 0.000000 -0.034604 0.800000 0.800000 0.800000
4920.854492 0.000000 2102.473877 0.000000 0.132044 0.000000 0.991244 0.800000 0.800000 0.800000
4899.270996 0.000000 2084.019043 0.000000 0.509267 0.000000 0.860608 0.800000 0.800000 0.800000
4900.522949 0.000000 2086.759521 0.000000 0.933653 0.000000 -0.358180 0.800000 0.800000 0.800000
4906.195801 0.000000 2088.319580 0.000000 0.948174 0.000000 0.317752 0.800000 0.800000 0.800000
4897.893555 0.000000 2110.636963 0.000000 0.912906 0.000000 0.408171 0.800000 0.800000 0.800000
4911.578613 0.000000 2106.102539 0.000000 0.899724 0.000000 0.436459 0.800000 0.800000 0.800000
4926.265625 0.000000 2104.111328 0.000000 0.150021 0.000000 0.988683 0.800000 0.800000 0.800000
4896.008301 0.000000 2083.433350 0.000000 0.760821 0.000000 -0.648962 0.800000 0.800000 0.800000
4911.964355 0.000000 2111.705811 0.000000 0.313136 0.000000 -0.949708 0.800000 0.800000 0.800000
4922.728516 0.000000 2099.922852 0.000000 0.676136 0.000000 -0.736777 0.800000 0.800000 0.800000
4902.640625 0.000000 2097.559326 0.000000 0.431920 0.000000 0.901912 0.800000 0.800000 0.800000
4897.570801 0.000000 2086.543213 0.000000 0.827524 0.000000 -0.561430 0.800000 0.800000 0.800000
4915.084473 0.000000 2081.335205 0.000000 0.940700 0.000000 -0.339240 0.800000 0.800000 0.800000
4896.384766 0.000000 2080.030273 0.000000 0.845141 0.000000 0.534543 0.800000 0.800000 0.800000
4914.771973 0.000000 2091.671143 0.000000 0.113449 0.000000 -0.993544 0.800000 0.800000 0.800000
4902.650879 0.000000 2092.563477 0.000000 0.970797 0.000000 -0.239903 0.800000 0.800000 0.800000
4913.285645 0.000000 2107.556396 0.000000 0.671371 0.000000 0.741122 0.800000 0.800000 0.800000
4919.590820 0.000000 2110.342529 0.000000 0.216435 0.000000 -0.976297 0.800000 0.800000 0.800000
4905.268066 0.000000 2080.610107 0.000000 0.778964 0.000000 0.627069 0.800000 0.800000 0.800000
4922.185547 0.000000 2108.829590 0.000000 0.670824 0.000000 0.741616 0.800000 0.800000 0.800000
4904.372559 0.000000 2104.508789 0.000000 0.421259 0.000000 -0.906940 0.800000 0.800000 0.800000
4920.145020 0.000000 2097.820312 0.000000 0.339745 0.000000 0.940517 0.800000 0.800000 0.800000
4923.508301 0.000000 2104.722168 0.000000 0.801171 0.000000 0.598436 0.800000 0.800000 0.800000
4907.081543 0.000000 2098.150146 0.000000 0.098540 0.000000 -0.995133 0.800000 0.800000 0.800000
4926.987305 0.000000 2082.009277 0.000000 0.937080 0.000000 0.349115 0.800000 0.800000 0.800000
4923.178223 0.000000 2107.461670 0.000000 0.552850 0.000000 -0.833281 0.800000 0.800000 0.800000
4912.834961 0.000000 2109.049316 0.000000 0.946039 0.000000 0.324053 0.800000 0.800000 0.800000
4902.268555 0.000000 2084.503174 0.000000 0.998154 0.000000 -0.060738 0.800000 0.800000 0.800000
4898.465332 0.000000 2102.346924 0.000000 0.158028 0.000000 -0.987435 0.800000 0.800000 0.800000
4908.549805 0.000000 2096.835205 0.000000 0.819591 0.000000 0.572949 0.800000 0.800000 0.800000
4901.416504 0.000000 2103.920898 0.000000 0.462799 0.000000 -0.886463 0.800000 0.800000 0.800000
4921.544434 0.000000 2080.103271 0.000000 0.474529 0.000000 0.880240 0.800000 0.800000 0.800000
4898.733887 0.000000 2105.056152 0.000000 0.430526 0.000000 -0.902578 0.800000 0.800000 0.800000
4906.891602 0.000000 2085.670898 0.000000 0.979007 0.000000 0.203824 0.800000 0.800000 0.800000
4899.676758 0.000000 2110.721436 0.000000 0.789266 0.000000 -0.614051 0.800000 0.800000 0.800000
4912.136719 0.000000 2080.126709 0.000000 0.421512 0.000000 0.906823 0.800000 0.800000 0.800000
4902.830566 0.000000 2081.407471 0.000000 0.735761 0.000000 -0.677242 0.800000 0.800000 0.800000
4902.694336 0.000000 2111.479492 0.000000 0.009961 0.000000 -0.999950 0.800000 0.800000 0.800000
4914.473633 0.000000 2111.398438 0.000000 0.950208 0.000000 -0.311616 0.800000 0.800000 0.800000
4897.424805 0.000000 2093.200684 0.000000 0.717042 0.000000 0.697030 0.800000 0.800000 0.800000
4927.549805 0.000000 2109.235352 0.000000 0.740043 0.000000 0.672560 0.800000 0.800000 0.800000
4915.002441 0.000000 2109.975586 0.000000 0.380187 0.000000 0.924910 0.800000 0.800000 0.800000
4927.500000 0.000000 2111.470215 0.000000 0.825152 0.000000 -0.564911 0.800000 0.800000 0.800000
4903.569336 0.000000 2106.779785 0.000000 0.792878 0.000000 -0.609381 0.800000 0.800000 0.800000
4907.695801 0.000000 2103.702881 0.000000 0.995566 0.000000 0.094067 0.800000 0.800000 0.800000
4898.875000 0.000000 2093.760010 0.000000 0.978708 0.000000 0.205258 0.800000 0.800000 0.800000
4917.873535 0.000000 2094.191895 0.000000 0.119426 0.000000 0.992843 0.800000 0.800000 0.800000
4918.630859 0.000000 2104.743408 0.000000 0.998709 0.000000 0.050803 0.800000 0.800000 0.800000
4952.140625 0.000000 2058.975586 0.000000 0.702307 0.000000 0.711875 0.800000 0.800000 0.800000
4946.604980 0.000000 2070.964844 0.000000 0.775022 0.000000 0.631935 0.800000 0.800000 0.800000
4953.850586 0.000000 2066.422363 0.000000 0.944822 0.000000 -0.327583 0.800000 0.800000 0.800000
4936.532227 0.000000 2056.712158 0.000000 0.910585 0.000000 -0.413323 0.800000 0.800000 0.800000
4932.083496 0.000000 2062.666748 0.000000 0.448734 0.000000 0.893665 0.800000 0.800000 0.800000
4936.221191 0.000000 2070.685059 0.000000 0.532632 0.000000 0.846347 0.800000 0.800000 0.800000
4944.895020 0.000000 2058.459717 0.000000 0.975345 0.000000 0.220684 0.800000 0.800000 0.800000
4943.659668 0.000000 2075.973877 0.000000 0.847332 0.000000 0.531063 0.800000 0.800000 0.800000
4932.835938 0.000000 2053.125488 0.000000 0.629645 0.000000 0.776883 0.800000 0.800000 0.800000
4939.836914 0.000000 2073.214111 0.000000 0.430575 0.000000 -0.902555 0.800000 0.800000 0.800000
4951.070312 0.000000 2063.147705 0.000000 0.349870 0.000000 -0.936798 0.800000 0.800000 0.800000
4936.103516 0.000000 2061.298096 0.000000 0.194294 0.000000 -0.980943 0.800000 0.800000 0.800000
4947.964844 0.000000 2060.795898 0.000000 0.965859 0.000000 0.259067 0.800000 0.800000 0.800000
4942.386230 0.000000 2055.658691 0.000000 0.504157 0.000000 -0.863612 0.800000 0.800000 0.800000
4943.351562 0.000000 2072.339844 0.000000 0.818512 0.000000 0.574490 0.800000 0.800000 0.800000
4929.156250 0.000000 2052.733643 0.000000 0.111555 0.000000 -0.993758 0.800000 0.800000 0.800000
4932.128418 0.000000 2069.751953 0.000000 0.689750 0.000000 0.724048 0.800000 0.800000 0.800000
4950.609375 0.000000 2066.199951 0.000000 0.032851 0.000000 0.999460 0.800000 0.800000 0.800000
4939.033691 0.000000 2070.317383 0.000000 0.626270 0.000000 -0.779606 0.800000 0.800000 0.800000
4949.305664 0.000000 2071.923584 0.000000 0.934838 0.000000 -0.355074 0.800000 0.800000 0.800000
4946.714355 0.000000 2050.874268 0.000000 0.399905 0.000000 0.916556 0.800000 0.800000 0.800000
4930.786621 0.000000 2079.978516 0.000000 0.998495 0.000000 -0.054840 0.800000 0.800000 0.800000
4954.228027 0.000000 2060.555420 0.000000 0.196219 0.000000 0.980560 0.800000 0.800000 0.800000
4938.750488 0.000000 2061.136230 0.000000 0.361574 0.000000 0.932343 0.800000 0.800000 0.800000
4940.705078 0.000000 2066.370605 0.000000 0.973976 0.000000 0.226650 0.800000 0.800000 0.800000
4930.680176 0.000000 2060.167236 0.000000 0.929914 0.000000 0.367776 0.800000 0.800000 0.800000
4951.880371 0.000000 2051.297852 0.000000 0.314732 0.000000 0.949181 0.800000 0.800000 0.800000
4951.974609 0.000000 2071.988281 0.000000 0.380142 0.000000 -0.924928 0.800000 0.800000 0.800000
4946.198730 0.000000 2056.187256 0.000000 0.381090 0.000000 0.924538 0.800000 0.800000 0.800000
4934.820312 0.000000 2072.960938 0.000000 0.655761 0.000000 -0.754969 0.800000 0.800000 0.800000
4934.085938 0.000000 2050.964111 0.000000 0.993138 0.000000 0.116950 0.800000 0.800000 0.800000
4941.081055 0.000000 2061.754883 0.000000 0.807774 0.000000 0.589492 0.800000 0.800000 0.800000
4945.465332 0.000000 2060.796875 0.000000 0.687497 0.000000 -0.726187 0.800000 0.800000 0.800000
4942.810547 0.000000 2059.831299 0.000000 0.244766 0.000000 -0.969582 0.800000 0.800000 0.800000
4950.485352 0.000000 2060.843750 0.000000 0.729923 0.000000 0.683530 0.800000 0.800000 0.800000
4948.653320 0.000000 2063.089111 0.000000 0.602521 0.000000 0.798103 0.800000 0.800000 0.800000
4935.521973 0.000000 2068.382812 0.000000 0.930144 0.000000 0.367195 0.800000 0.800000 0.800000
4945.166992 0.000000 2073.831543 0.000000 0.969147 0.000000 0.246483 0.800000 0.800000 0.800000
4933.313965 0.000000 2064.662354 0.000000 0.927145 0.000000 0.374702 0.800000 0.800000 0.800000
4959.132812 0.000000 2053.350342 0.000000 0.317944 0.000000 0.948109 0.800000 0.800000 0.800000
4947.970703 0.000000 2054.099609 0.000000 0.671595 0.000000 -0.740918 0.800000 0.800000 0.800000
4937.921875 0.000000 2072.186279 0.000000 0.991090 0.000000 -0.133196 0.800000 0.800000 0.800000
4954.989258 0.000000 2054.112061 0.000000 0.557640 0.000000 -0.830083 0.800000 0.800000 0.800000
4934.273438 0.000000 2062.596924 0.000000 0.911750 0.000000 -0.410745 0.800000 0.800000 0.800000
4937.479492 0.000000 2062.981445 0.000000 0.642799 0.000000 -0.766035 0.800000 0.800000 0.800000
4943.287109 0.000000 2070.051514 0.000000 0.703742 0.000000 0.710456 0.800000 0.800000 0.800000
4942.213867 0.000000 2057.784424 0.000000 0.758412 0.000000 0.651776 0.800000 0.800000 0.800000
4939.514160 0.000000 2057.306885 0.000000 0.377794 0.000000 0.925889 0.800000 0.800000 0.800000
4948.604980 0.000000 2065.452393 0.000000 0.771253 0.000000 0.636528 0.800000 0.800000 0.800000
4948.404785 0.000000 2069.760742 0.000000 0.926806 0.000000 0.375540 0.800000 0.800000 0.800000
4930.060547 0.000000 2048.627197 0.000000 0.925539 0.000000 0.378653 0.800000 0.800000 0.800000
4946.561035 0.000000 2062.499512 0.000000 0.954582 0.000000 0.297948 0.800000 0.800000 0.800000
4944.224609 0.000000 2056.540039 0.000000 0.999982 0.000000 -0.005989 0.800000 0.800000 0.800000
4939.396973 0.000000 2068.324707 0.000000 0.353241 0.000000 -0.935532 0.800000 0.800000 0.800000
4930.932617 0.000000 2053.660889 0.000000 0.453949 0.000000 0.891028 0.800000 0.800000 0.800000
4937.966797 0.000000 2065.065430 0.000000 0.200965 0.000000 -0.979598 0.800000 0.800000 0.800000
4940.803223 0.000000 2048.067871 0.000000 0.370714 0.000000 0.928747 0.800000 0.800000 0.800000
4937.355957 0.000000 2069.099121 0.000000 0.923645 0.000000 -0.383249 0.800000 0.800000 0.800000
4952.048828 0.000000 2067.469727 0.000000 0.508674 0.000000 -0.860959 0.800000 0.800000 0.800000
4938.949219 0.000000 2079.362549 0.000000 0.963674 0.000000 0.267080 0.800000 0.800000 0.800000
4950.376465 0.000000 2050.116943 0.000000 0.965585 0.000000 0.260089 0.800000 0.800000 0.800000
4935.702148 0.000000 2048.050537 0.000000 0.209890 0.000000 -0.977725 0.800000 0.800000 0.800000
4957.257812 0.000000 2057.212891 0.000000 0.677104 0.000000 0.735888 0.800000 0.800000 0.800000
4951.844727 0.000000 2053.177002 0.000000 0.769448 0.000000 0.638709 0.800000 0.800000 0.800000
4957.113770 0.000000 2059.523193 0.000000 0.044240 0.000000 -0.999021 0.800000 0.800000 0.800000
4959.681152 0.000000 2051.447510 0.000000 0.986628 0.000000 -0.162988 0.800000 0.800000 0.800000
4949.761719 0.000000 2068.190674 0.000000 0.328146 0.000000 0.944627 0.800000 0.800000 0.800000
4943.044922 0.000000 2067.861572 0.000000 0.335553 0.000000 -0.942021 0.800000 0.800000 0.800000
4931.888672 0.000000 2048.005859 0.000000 0.365277 0.000000 -0.930899 0.800000 0.800000 0.800000
4946.603516 0.000000 2069.108643 0.000000 0.845170 0.000000 0.534498 0.800000 0.800000 0.800000
4955.785645 0.000000 2061.631348 0.000000 0.016632 0.000000 0.999862 0.800000 0.800000 0.800000
4933.716797 0.000000 2068.723633 0.000000 0.363726 0.000000 0.931506 0.800000 0.800000 0.800000
4947.708496 0.000000 2052.376953 0.000000 0.497719 0.000000 0.867338 0.800000 0.800000 0.800000
4934.020020 0.000000 2074.623779 0.000000 0.075982 0.000000 -0.997109 0.800000 0.800000 0.800000
4934.806641 0.000000 2077.964111 0.000000 0.156773 0.000000 0.987635 0.800000 0.800000 0.800000
4948.375488 0.000000 2050.693115 0.000000 0.999709 0.000000 0.024112 0.800000 0.800000 0.800000
4944.638672 0.000000 2054.836670 0.000000 0.755633 0.000000 -0.654995 0.800000 0.800000 0.800000
4949.941895 0.000000 2064.472168 0.000000 0.872181 0.000000 -0.489184 0.800000 0.800000 0.800000
4941.696777 0.000000 2054.164062 0.000000 0.973843 0.000000 -0.227223 0.800000 0.800000 0.800000
4953.583496 0.000000 2053.075439 0.000000 0.847827 0.000000 -0.530273 0.800000 0.800000 0.800000
4931.270996 0.000000 2052.019043 0.000000 0.337111 0.000000 -0.941465 0.800000 0.800000 0.800000
4941.047852 0.000000 2056.605469 0.000000 0.841690 0.000000 0.539961 0.800000 0.800000 0.800000
4938.195801 0.000000 2056.319580 0.000000 0.841322 0.000000 -0.540534 0.800000 0.800000 0.800000
4929.893555 0.000000 2078.636963 0.000000 0.961291 0.000000 0.275535 0.800000 0.800000 0.800000
4943.578613 0.000000 2074.102539 0.000000 0.901078 0.000000 -0.433657 0.800000 0.800000 0.800000
4934.640625 0.000000 2065.559326 0.000000 0.078363 0.000000 0.996925 0.800000 0.800000 0.800000
4928.384766 0.000000 2048.030273 0.000000 0.740347 0.000000 -0.672225 0.800000 0.800000 0.800000
4934.650879 0.000000 2060.563477 0.000000 0.385228 0.000000 0.922821 0.800000 0.800000 0.800000
4937.268066 0.000000 2048.610107 0.000000 0.401849 0.000000 -0.915706 0.800000 0.800000 0.800000
4936.372559 0.000000 2072.508789 0.000000 0.036760 0.000000 0.999324 0.800000 0.800000 0.800000
4952.203125 0.000000 2060.719482 0.000000 0.897840 0.000000 0.440323 0.800000 0.800000 0.800000
4952.145020 0.000000 2065.820312 0.000000 0.134192 0.000000 -0.990955 0.800000 0.800000 0.800000
4944.966309 0.000000 2062.535400 0.000000 0.086559 0.000000 -0.996247 0.800000 0.800000 0.800000
4939.081543 0.000000 2066.150146 0.000000 0.977169 0.000000 -0.212464 0.800000 0.800000 0.800000
4958.987305 0.000000 2050.009277 0.000000 0.999598 0.000000 0.028339 0.800000 0.800000 0.800000
4933.416504 0.000000 2071.920898 0.000000 0.743126 0.000000 0.669151 0.800000 0.800000 0.800000
4931.676758 0.000000 2078.721436 0.000000 0.359079 0.000000 0.933307 0.800000 0.800000 0.800000
4934.830566 0.000000 2049.407471 0.000000 0.455573 0.000000 -0.890199 0.800000 0.800000 0.800000
4934.694336 0.000000 2079.479492 0.000000 0.794241 0.000000 -0.607602 0.800000 0.800000 0.800000
4935.569336 0.000000 2074.779785 0.000000 0.904061 0.000000 0.427404 0.800000 0.800000 0.800000
4939.695801 0.000000 2071.702881 0.000000 0.670680 0.000000 0.741746 0.800000 0.800000 0.800000
4930.875000 0.000000 2061.760010 0.000000 0.645383 0.000000 -0.763859 0.800000 0.800000 0.800000
4949.873535 0.000000 2062.191895 0.000000 0.884712 0.000000 -0.466138 0.800000 0.800000 0.800000
4950.630859 0.000000 2072.743408 0.000000 0.354301 0.000000 0.935132 0.800000 0.800000 0.800000
4938.484375 0.000000 2109.530273 0.000000 0.976301 0.000000 0.216419 0.800000 0.800000 0.800000
4939.488281 0.000000 2095.720703 0.000000 0.420687 0.000000 -0.907206 0.800000 0.800000 0.800000
4930.780762 0.000000 2109.285156 0.000000 0.965728 0.000000 0.259556 0.800000 0.800000 0.800000
4936.221191 0.000000 2102.685059 0.000000 0.606782 0.000000 0.794868 0.800000 0.800000 0.800000
4932.835938 0.000000 2085.125488 0.000000 0.894384 0.000000 -0.447299 0.800000 0.800000 0.800000
4928.114746 0.000000 2092.443359 0.000000 0.684439 0.000000 -0.729070 0.800000 0.800000 0.800000
4940.507324 0.000000 2091.169922 0.000000 0.998584 0.000000 0.053198 0.800000 0.800000 0.800000
4936.103516 0.000000 2093.298096 0.000000 0.166832 0.000000 -0.985985 0.800000 0.800000 0.800000
4942.386230 0.000000 2087.658691 0.000000 0.808728 0.000000 0.588183 0.800000 0.800000 0.800000
4937.813965 0.000000 2099.114990 0.000000 0.083574 0.000000 -0.996502 0.800000 0.800000 0.800000
4943.359863 0.000000 2097.909424 0.000000 0.943003 0.000000 -0.332784 0.800000 0.800000 0.800000
4947.479004 0.000000 2106.200928 0.000000 0.993428 0.000000 0.114458 0.800000 0.800000 0.800000
4929.156250 0.000000 2084.733643 0.000000 0.687069 0.000000 -0.726593 0.800000 0.800000 0.800000
4939.363281 0.000000 2087.163086 0.000000 0.828457 0.000000 0.560052 0.800000 0.800000 0.800000
4944.835938 0.000000 2100.439941 0.000000 0.912515 0.000000 0.409044 0.800000 0.800000 0.800000
4933.181152 0.000000 2110.856445 0.000000 0.031191 0.000000 0.999513 0.800000 0.800000 0.800000
4936.185059 0.000000 2111.080078 0.000000 0.681606 0.000000 -0.731719 0.800000 0.800000 0.800000
4938.750488 0.000000 2093.136230 0.000000 0.772546 0.000000 -0.634958 0.800000 0.800000 0.800000
4930.680176 0.000000 2092.167236 0.000000 0.998877 0.000000 -0.047373 0.800000 0.800000 0.800000
4935.368652 0.000000 2085.585449 0.000000 0.712514 0.000000 0.701658 0.800000 0.800000 0.800000
4929.512695 0.000000 2094.743652 0.000000 0.983334 0.000000 0.181806 0.800000 0.800000 0.800000
4934.830566 0.000000 2090.974365 0.000000 0.039465 0.000000 -0.999221 0.800000 0.800000 0.800000
4931.293457 0.000000 2087.879150 0.000000 0.997062 0.000000 0.076596 0.800000 0.800000 0.800000
4937.937012 0.000000 2090.743164 0.000000 0.798762 0.000000 -0.601647 0.800000 0.800000 0.800000
4946.198730 0.000000 2088.187256 0.000000 0.060910 0.000000 0.998143 0.800000 0.800000 0.800000
4932.362793 0.000000 2107.354004 0.000000 0.467100 0.000000 0.884205 0.800000 0.800000 0.800000
4934.085938 0.000000 2082.964111 0.000000 0.785130 0.000000 0.619331 0.800000 0.800000 0.800000
4945.465332 0.000000 2092.796875 0.000000 0.705209 0.000000 -0.709000 0.800000 0.800000 0.800000
4928.958984 0.000000 2090.274658 0.000000 0.808925 0.000000 0.587912 0.800000 0.800000 0.800000
4941.204590 0.000000 2103.266357 0.000000 0.996528 0.000000 0.083257 0.800000 0.800000 0.800000
4945.166992 0.000000 2105.831543 0.000000 0.688365 0.000000 0.725365 0.800000 0.800000 0.800000
4940.300293 0.000000 2085.050049 0.000000 0.998739 0.000000 0.050213 0.800000 0.800000 0.800000
4930.246094 0.000000 2106.551270 0.000000 0.894315 0.000000 -0.447437 0.800000 0.800000 0.800000
4928.165527 0.000000 2099.417725 0.000000 0.999899 0.000000 -0.014190 0.800000 0.800000 0.800000
4947.187500 0.000000 2090.143555 0.000000 0.993093 0.000000 0.117328 0.800000 0.800000 0.800000
4943.387695 0.000000 2085.666260 0.000000 0.569779 0.000000 0.821798 0.800000 0.800000 0.800000
4944.561035 0.000000 2096.060791 0.000000 0.491498 0.000000 0.870879 0.800000 0.800000 0.800000
4934.273438 0.000000 2094.596924 0.000000 0.979580 0.000000 0.201055 0.800000 0.800000 0.800000
4937.479492 0.000000 2094.981445 0.000000 0.644872 0.000000 -0.764291 0.800000 0.800000 0.800000
4943.287109 0.000000 2102.051514 0.000000 0.668052 0.000000 -0.744115 0.800000 0.800000 0.800000
4940.532715 0.000000 2110.151123 0.000000 0.019859 0.000000 0.999803 0.800000 0.800000 0.800000
4934.105957 0.000000 2102.550537 0.000000 0.687675 0.000000 0.726018 0.800000 0.800000 0.800000
4950.239258 0.000000 2111.347656 0.000000 0.628022 0.000000 0.778195 0.800000 0.800000 0.800000
4938.937500 0.000000 2107.137207 0.000000 0.763082 0.000000 0.646302 0.800000 0.800000 0.800000
4930.060547 0.000000 2080.627197 0.000000 0.547362 0.000000 -0.836896 0.800000 0.800000 0.800000
4936.626953 0.000000 2108.834717 0.000000 0.952803 0.000000 0.303588 0.800000 0.800000 0.800000
4938.949219 0.000000 2111.362549 0.000000 0.863328 0.000000 0.504643 0.800000 0.800000 0.800000
4936.032227 0.000000 2098.350830 0.000000 0.697583 0.000000 -0.716504 0.800000 0.800000 0.800000
4935.702148 0.000000 2080.050537 0.000000 0.613855 0.000000 0.789419 0.800000 0.800000 0.800000
4929.607910 0.000000 2082.885010 0.000000 0.497822 0.000000 0.867279 0.800000 0.800000 0.800000
4931.888672 0.000000 2080.005859 0.000000 0.650837 0.000000 0.759217 0.800000 0.800000 0.800000
4946.603516 0.000000 2101.108643 0.000000 0.964875 0.000000 -0.262708 0.800000 0.800000 0.800000
4932.581055 0.000000 2109.118164 0.000000 0.989898 0.000000 -0.141783 0.800000 0.800000 0.800000
4944.863281 0.000000 2103.367676 0.000000 0.760588 0.000000 -0.649235 0.800000 0.800000 0.800000
4930.712402 0.000000 2089.707275 0.000000 0.971205 0.000000 -0.238245 0.800000 0.800000 0.800000
4934.020020 0.000000 2106.623779 0.000000 0.999959 0.000000 0.009078 0.800000 0.800000 0.800000
4932.093262 0.000000 2098.067139 0.000000 0.867693 0.000000 0.497101 0.800000 0.800000 0.800000
4932.183105 0.000000 2099.820801 0.000000 0.829318 0.000000 0.558777 0.800000 0.800000 0.800000
4930.624512 0.000000 2100.837891 0.000000 0.905791 0.000000 0.423724 0.800000 0.800000 0.800000
4934.806641 0.000000 2109.964111 0.000000 0.056636 0.000000 0.998395 0.800000 0.800000 0.800000
4931.667480 0.000000 2103.368164 0.000000 0.125265 0.000000 -0.992123 0.800000 0.800000 0.800000
4936.430176 0.000000 2091.637451 0.000000 0.949184 0.000000 -0.314723 0.800000 0.800000 0.800000
4941.696777 0.000000 2086.164062 0.000000 0.646260 0.000000 -0.763117 0.800000 0.800000 0.800000
4932.522949 0.000000 2086.759521 0.000000 0.809290 0.000000 -0.587410 0.800000 0.800000 0.800000
4941.047852 0.000000 2088.605469 0.000000 0.605196 0.000000 -0.796076 0.800000 0.800000 0.800000
4929.893555 0.000000 2110.636963 0.000000 0.882825 0.000000 0.469702 0.800000 0.800000 0.800000
4928.011719 0.000000 2094.166016 0.000000 0.123191 0.000000 -0.992383 0.800000 0.800000 0.800000
4928.008301 0.000000 2083.433350 0.000000 0.750203 0.000000 0.661208 0.800000 0.800000 0.800000
4934.640625 0.000000 2097.559326 0.000000 0.483810 0.000000 0.875173 0.800000 0.800000 0.800000
4928.384766 0.000000 2080.030273 0.000000 0.902144 0.000000 0.431434 0.800000 0.800000 0.800000
4946.771973 0.000000 2091.671143 0.000000 0.577148 0.000000 -0.816639 0.800000 0.800000 0.800000
4945.285645 0.000000 2107.556396 0.000000 0.990557 0.000000 0.137102 0.800000 0.800000 0.800000
4951.590820 0.000000 2110.342529 0.000000 0.737363 0.000000 0.675497 0.800000 0.800000 0.800000
4932.938477 0.000000 2081.883301 0.000000 0.006606 0.000000 -0.999978 0.800000 0.800000 0.800000
4937.268066 0.000000 2080.610107 0.000000 0.956570 0.000000 -0.291503 0.800000 0.800000 0.800000
4932.652344 0.000000 2088.635742 0.000000 0.276733 0.000000 0.960947 0.800000 0.800000 0.800000
4939.081543 0.000000 2098.150146 0.000000 0.357753 0.000000 0.933816 0.800000 0.800000 0.800000
4944.834961 0.000000 2109.049316 0.000000 0.947870 0.000000 0.318658 0.800000 0.800000 0.800000
4934.268555 0.000000 2084.503174 0.000000 0.486799 0.000000 -0.873514 0.800000 0.800000 0.800000
4930.465332 0.000000 2102.346924 0.000000 0.999983 0.000000 -0.005860 0.800000 0.800000 0.800000
4933.416504 0.000000 2103.920898 0.000000 0.432968 0.000000 -0.901409 0.800000 0.800000 0.800000
4930.733887 0.000000 2105.056152 0.000000 0.862438 0.000000 0.506163 0.800000 0.800000 0.800000
4938.891602 0.000000 2085.670898 0.000000 0.648694 0.000000 -0.761050 0.800000 0.800000 0.800000
4931.676758 0.000000 2110.721436 0.000000 0.260057 0.000000 0.965593 0.800000 0.800000 0.800000
4934.830566 0.000000 2081.407471 0.000000 0.178236 0.000000 -0.983988 0.800000 0.800000 0.800000
4934.694336 0.000000 2111.479492 0.000000 0.996053 0.000000 0.088762 0.800000 0.800000 0.800000
4946.473633 0.000000 2111.398438 0.000000 0.648990 0.000000 -0.760797 0.800000 0.800000 0.800000
4929.424805 0.000000 2093.200684 0.000000 0.821123 0.000000 -0.570752 0.800000 0.800000 0.800000
4947.002441 0.000000 2109.975586 0.000000 0.986238 0.000000 -0.165331 0.800000 0.800000 0.800000
4935.569336 0.000000 2106.779785 0.000000 0.748235 0.000000 0.663433 0.800000 0.800000 0.800000
4939.695801 0.000000 2103.702881 0.000000 0.778616 0.000000 0.627501 0.800000 0.800000 0.800000
4930.875000 0.000000 2093.760010 0.000000 0.994943 0.000000 -0.100444 0.800000 0.800000 0.800000
4891.528809 0.000000 2112.375977 0.000000 0.125799 0.000000 0.992056 0.800000 0.800000 0.800000
4893.637695 0.000000 2125.300781 0.000000 0.155629 0.000000 -0.987816 0.800000 0.800000 0.800000
4889.183105 0.000000 2142.203613 0.000000 0.718132 0.000000 -0.695907 0.800000 0.800000 0.800000
4893.834961 0.000000 2115.189209 0.000000 0.064946 0.000000 -0.997889 0.800000 0.800000 0.800000
4894.717773 0.000000 2122.415527 0.000000 0.892820 0.000000 0.450413 0.800000 0.800000 0.800000
4889.589844 0.000000 2139.289551 0.000000 0.738451 0.000000 -0.674308 0.800000 0.800000 0.800000
4895.086914 0.000000 2137.549561 0.000000 0.890829 0.000000 -0.454340 0.800000 0.800000 0.800000
4894.826660 0.000000 2112.403076 0.000000 0.295810 0.000000 -0.955247 0.800000 0.800000 0.800000
4890.228027 0.000000 2124.555420 0.000000 0.906189 0.000000 0.422873 0.800000 0.800000 0.800000
4893.393555 0.000000 2127.808350 0.000000 0.939952 0.000000 -0.341307 0.800000 0.800000 0.800000
4894.364258 0.000000 2139.971680 0.000000 0.999841 0.000000 -0.017831 0.800000 0.800000 0.800000
4895.486328 0.000000 2126.729736 0.000000 0.580681 0.000000 0.814131 0.800000 0.800000 0.800000
4889.803223 0.000000 2113.642578 0.000000 0.486416 0.000000 -0.873727 0.800000 0.800000 0.800000
4892.015625 0.000000 2114.344238 0.000000 0.260162 0.000000 0.965565 0.800000 0.800000 0.800000
4895.356934 0.000000 2124.235596 0.000000 0.883756 0.000000 -0.467949 0.800000 0.800000 0.800000
4891.785645 0.000000 2125.631348 0.000000 0.997864 0.000000 -0.065328 0.800000 0.800000 0.800000
4893.178223 0.000000 2112.849121 0.000000 0.566054 0.000000 -0.824368 0.800000 0.800000 0.800000
4894.976074 0.000000 2128.349609 0.000000 0.344510 0.000000 0.938783 0.800000 0.800000 0.800000
4889.429199 0.000000 2143.939209 0.000000 0.989716 0.000000 0.143046 0.800000 0.800000 0.800000
4890.438965 0.000000 2128.730713 0.000000 0.880026 0.000000 0.474925 0.800000 0.800000 0.800000
4894.265625 0.000000 2136.111328 0.000000 0.193765 0.000000 0.981048 0.800000 0.800000 0.800000
4890.728516 0.000000 2131.922852 0.000000 0.289055 0.000000 -0.957313 0.800000 0.800000 0.800000
4889.544434 0.000000 2112.103271 0.000000 0.654100 0.000000 0.756408 0.800000 0.800000 0.800000
4920.140625 0.000000 2122.975586 0.000000 0.864885 0.000000 -0.501970 0.800000 0.800000 0.800000
4923.528809 0.000000 2112.375977 0.000000 0.405143 0.000000 -0.914253 0.800000 0.800000 0.800000
4914.604980 0.000000 2134.964844 0.000000 0.899081 0.000000 -0.437782 0.800000 0.800000 0.800000
4898.780762 0.000000 2141.285156 0.000000 0.430193 0.000000 -0.902737 0.800000 0.800000 0.800000
4900.083496 0.000000 2126.666748 0.000000 0.985671 0.000000 0.168680 0.800000 0.800000 0.800000
4917.494141 0.000000 2115.975830 0.000000 0.931007 0.000000 -0.365000 0.800000 0.800000 0.800000
4912.895020 0.000000 2122.459717 0.000000 0.209210 0.000000 -0.977871 0.800000 0.800000 0.800000
4914.674805 0.000000 2128.570068 0.000000 0.023552 0.000000 0.999723 0.800000 0.800000 0.800000
4925.637695 0.000000 2125.300781 0.000000 0.963819 0.000000 0.266556 0.800000 0.800000 0.800000
4911.659668 0.000000 2139.973877 0.000000 0.804603 0.000000 0.593813 0.800000 0.800000 0.800000
4913.748535 0.000000 2112.283203 0.000000 0.982686 0.000000 -0.185281 0.800000 0.800000 0.800000
4900.835938 0.000000 2117.125488 0.000000 0.983372 0.000000 -0.181602 0.800000 0.800000 0.800000
4906.786621 0.000000 2112.178955 0.000000 0.928834 0.000000 -0.370496 0.800000 0.800000 0.800000
4905.818359 0.000000 2116.514404 0.000000 0.739091 0.000000 0.673606 0.800000 0.800000 0.800000
4904.103516 0.000000 2125.298096 0.000000 0.073327 0.000000 -0.997308 0.800000 0.800000 0.800000
4900.398926 0.000000 2122.167725 0.000000 0.436385 0.000000 0.899760 0.800000 0.800000 0.800000
4896.250000 0.000000 2137.564697 0.000000 0.177492 0.000000 0.984122 0.800000 0.800000 0.800000
4911.467285 0.000000 2126.134033 0.000000 0.119198 0.000000 -0.992871 0.800000 0.800000 0.800000
4915.964844 0.000000 2124.795898 0.000000 0.906183 0.000000 -0.422887 0.800000 0.800000 0.800000
4926.638184 0.000000 2130.081055 0.000000 0.559677 0.000000 0.828710 0.800000 0.800000 0.800000
4919.776855 0.000000 2112.716064 0.000000 0.654229 0.000000 -0.756297 0.800000 0.800000 0.800000
4923.688477 0.000000 2122.264893 0.000000 0.302734 0.000000 0.953075 0.800000 0.800000 0.800000
4925.834961 0.000000 2115.189209 0.000000 0.713537 0.000000 0.700617 0.800000 0.800000 0.800000
4922.444336 0.000000 2115.654053 0.000000 0.625212 0.000000 -0.780455 0.800000 0.800000 0.800000
4922.762207 0.000000 2127.115967 0.000000 0.425843 0.000000 -0.904797 0.800000 0.800000 0.800000
4910.752441 0.000000 2112.863770 0.000000 0.997211 0.000000 0.074637 0.800000 0.800000 0.800000
4896.050293 0.000000 2142.543213 0.000000 0.192646 0.000000 -0.981268 0.800000 0.800000 0.800000
4899.392090 0.000000 2114.345947 0.000000 0.790874 0.000000 0.611979 0.800000 0.800000 0.800000
4921.589844 0.000000 2139.289551 0.000000 0.901411 0.000000 0.432965 0.800000 0.800000 0.800000
4905.041504 0.000000 2138.228760 0.000000 0.348578 0.000000 0.937280 0.800000 0.800000 0.800000
4926.826660 0.000000 2112.403076 0.000000 0.959224 0.000000 0.282648 0.800000 0.800000 0.800000
4901.927246 0.000000 2119.717529 0.000000 0.926139 0.000000 -0.377183 0.800000 0.800000 0.800000
4904.185059 0.000000 2143.080078 0.000000 0.899789 0.000000 -0.436326 0.800000 0.800000 0.800000
4908.854004 0.000000 2139.902832 0.000000 0.852442 0.000000 -0.522821 0.800000 0.800000 0.800000
4907.033691 0.000000 2134.317383 0.000000 0.616834 0.000000 0.787093 0.800000 0.800000 0.800000
4914.714355 0.000000 2114.874268 0.000000 0.951224 0.000000 -0.308500 0.800000 0.800000 0.800000
4923.829590 0.000000 2140.882324 0.000000 0.246179 0.000000 -0.969224 0.800000 0.800000 0.800000
4907.740234 0.000000 2114.653809 0.000000 0.999625 0.000000 -0.027394 0.800000 0.800000 0.800000
4906.750488 0.000000 2125.136230 0.000000 0.808130 0.000000 -0.589004 0.800000 0.800000 0.800000
4898.680176 0.000000 2124.167236 0.000000 0.080820 0.000000 -0.996729 0.800000 0.800000 0.800000
4914.547852 0.000000 2140.525391 0.000000 0.993706 0.000000 0.112022 0.800000 0.800000 0.800000
4897.512695 0.000000 2126.743652 0.000000 0.918147 0.000000 -0.396239 0.800000 0.800000 0.800000
4917.446777 0.000000 2122.620850 0.000000 0.716281 0.000000 0.697812 0.800000 0.800000 0.800000
4919.880371 0.000000 2115.297852 0.000000 0.984659 0.000000 -0.174492 0.800000 0.800000 0.800000
4905.937012 0.000000 2122.743164 0.000000 0.999623 0.000000 -0.027474 0.800000 0.800000 0.800000
4925.393555 0.000000 2127.808350 0.000000 0.839394 0.000000 0.543523 0.800000 0.800000 0.800000
4914.198730 0.000000 2120.187256 0.000000 0.448504 0.000000 0.893781 0.800000 0.800000 0.800000
4896.467285 0.000000 2140.072998 0.000000 0.178976 0.000000 -0.983853 0.800000 0.800000 0.800000
4902.820312 0.000000 2136.960938 0.000000 0.733083 0.000000 0.680140 0.800000 0.800000 0.800000
4897.881836 0.000000 2135.758057 0.000000 0.764015 0.000000 0.645199 0.800000 0.800000 0.800000
4902.085938 0.000000 2114.964111 0.000000 0.669746 0.000000 0.742591 0.800000 0.800000 0.800000
4909.081055 0.000000 2125.754883 0.000000 0.995933 0.000000 0.090093 0.800000 0.800000 0.800000
4913.465332 0.000000 2124.796875 0.000000 0.842785 0.000000 -0.538250 0.800000 0.800000 0.800000
4910.810547 0.000000 2123.831299 0.000000 0.525904 0.000000 0.850544 0.800000 0.800000 0.800000
4918.485352 0.000000 2124.843750 0.000000 0.382396 0.000000 -0.923998 0.800000 0.800000 0.800000
4916.653320 0.000000 2127.089111 0.000000 0.716435 0.000000 0.697654 0.800000 0.800000 0.800000
4896.958984 0.000000 2122.274658 0.000000 0.970637 0.000000 0.240548 0.800000 0.800000 0.800000
4903.521973 0.000000 2132.382812 0.000000 0.115755 0.000000 -0.993278 0.800000 0.800000 0.800000
4901.062500 0.000000 2124.391846 0.000000 0.848713 0.000000 0.528853 0.800000 0.800000 0.800000
4927.132812 0.000000 2117.350342 0.000000 0.493306 0.000000 -0.869856 0.800000 0.800000 0.800000
4915.187500 0.000000 2122.143555 0.000000 0.678516 0.000000 0.734586 0.800000 0.800000 0.800000
4911.387695 0.000000 2117.666260 0.000000 0.136813 0.000000 -0.990597 0.800000 0.800000 0.800000
4905.921875 0.000000 2136.186279 0.000000 0.490507 0.000000 -0.871437 0.800000 0.800000 0.800000
4912.561035 0.000000 2128.060791 0.000000 0.170581 0.000000 0.985344 0.800000 0.800000 0.800000
4922.989258 0.000000 2118.112061 0.000000 0.198617 0.000000 0.980077 0.800000 0.800000 0.800000
4902.273438 0.000000 2126.596924 0.000000 0.558410 0.000000 -0.829565 0.800000 0.800000 0.800000
4909.964355 0.000000 2138.016846 0.000000 0.924299 0.000000 0.381669 0.800000 0.800000 0.800000
4927.486328 0.000000 2126.729736 0.000000 0.963100 0.000000 0.269144 0.800000 0.800000 0.800000
4911.287109 0.000000 2134.051514 0.000000 0.971293 0.000000 -0.237887 0.800000 0.800000 0.800000
4905.272949 0.000000 2118.693604 0.000000 0.989396 0.000000 -0.145242 0.800000 0.800000 0.800000
4921.803223 0.000000 2113.642578 0.000000 0.551244 0.000000 -0.834344 0.800000 0.800000 0.800000
4908.532715 0.000000 2142.151123 0.000000 0.612836 0.000000 -0.790210 0.800000 0.800000 0.800000
4907.514160 0.000000 2121.306885 0.000000 0.546849 0.000000 0.837231 0.800000 0.800000 0.800000
4922.053711 0.000000 2137.255127 0.000000 0.130428 0.000000 -0.991458 0.800000 0.800000 0.800000
4918.239258 0.000000 2143.347656 0.000000 0.774499 0.000000 0.632575 0.800000 0.800000 0.800000
4916.979980 0.000000 2139.617676 0.000000 0.821901 0.000000 0.569630 0.800000 0.800000 0.800000
4906.937500 0.000000 2139.137207 0.000000 0.983464 0.000000 0.181103 0.800000 0.800000 0.800000
4923.545410 0.000000 2120.090576 0.000000 0.313079 0.000000 -0.949727 0.800000 0.800000 0.800000
4924.015625 0.000000 2114.344238 0.000000 0.069499 0.000000 -0.997582 0.800000 0.800000 0.800000
4920.985840 0.000000 2126.133301 0.000000 0.995869 0.000000 -0.090807 0.800000 0.800000 0.800000
4914.561035 0.000000 2126.499512 0.000000 0.973069 0.000000 0.230514 0.800000 0.800000 0.800000
4907.396973 0.000000 2132.324707 0.000000 0.448761 0.000000 -0.893652 0.800000 0.800000 0.800000
4898.932617 0.000000 2117.660889 0.000000 0.857746 0.000000 0.514074 0.800000 0.800000 0.800000
4908.803223 0.000000 2112.067871 0.000000 0.230109 0.000000 0.973165 0.800000 0.800000 0.800000
4904.626953 0.000000 2140.834717 0.000000 0.586722 0.000000 -0.809788 0.800000 0.800000 0.800000
4905.355957 0.000000 2133.099121 0.000000 0.988531 0.000000 0.151017 0.800000 0.800000 0.800000
4910.784668 0.000000 2141.668213 0.000000 0.999966 0.000000 -0.008193 0.800000 0.800000 0.800000
4906.949219 0.000000 2143.362549 0.000000 0.946632 0.000000 -0.322315 0.800000 0.800000 0.800000
4918.376465 0.000000 2114.116943 0.000000 0.998774 0.000000 -0.049506 0.800000 0.800000 0.800000
4903.702148 0.000000 2112.050537 0.000000 0.966152 0.000000 -0.257973 0.800000 0.800000 0.800000
4925.257812 0.000000 2121.212891 0.000000 0.983889 0.000000 0.178782 0.800000 0.800000 0.800000
4897.607910 0.000000 2114.885010 0.000000 0.712030 0.000000 -0.702149 0.800000 0.800000 0.800000
4919.844727 0.000000 2117.177002 0.000000 0.012493 0.000000 0.999922 0.800000 0.800000 0.800000
4925.113770 0.000000 2123.523193 0.000000 0.152110 0.000000 0.988364 0.800000 0.800000 0.800000
4927.681152 0.000000 2115.447510 0.000000 0.997935 0.000000 -0.064230 0.800000 0.800000 0.800000
4904.128906 0.000000 2115.728271 0.000000 0.575526 0.000000 0.817783 0.800000 0.800000 0.800000
4896.139160 0.000000 2135.112305 0.000000 0.324751 0.000000 0.945799 0.800000 0.800000 0.800000
4919.884277 0.000000 2139.793701 0.000000 0.047459 0.000000 0.998873 0.800000 0.800000 0.800000
4900.581055 0.000000 2141.118164 0.000000 0.543031 0.000000 -0.839713 0.800000 0.800000 0.800000
4912.537598 0.000000 2116.258057 0.000000 0.713559 0.000000 0.700595 0.800000 0.800000 0.800000
4912.863281 0.000000 2135.367676 0.000000 0.630313 0.000000 -0.776341 0.800000 0.800000 0.800000
4915.708496 0.000000 2116.376953 0.000000 0.334427 0.000000 0.942422 0.800000 0.800000 0.800000
4905.937500 0.000000 2114.556641 0.000000 0.894365 0.000000 -0.447339 0.800000 0.800000 0.800000
4922.002930 0.000000 2122.849609 0.000000 0.375911 0.000000 -0.926656 0.800000 0.800000 0.800000
4917.188477 0.000000 2137.717773 0.000000 0.672664 0.000000 0.739948 0.800000 0.800000 0.800000
4898.624512 0.000000 2132.837891 0.000000 0.994145 0.000000 -0.108054 0.800000 0.800000 0.800000
4902.806641 0.000000 2141.964111 0.000000 0.528777 0.000000 0.848761 0.800000 0.800000 0.800000
4926.976074 0.000000 2128.349609 0.000000 0.282661 0.000000 -0.959220 0.800000 0.800000 0.800000
4903.581543 0.000000 2119.327881 0.000000 0.948517 0.000000 0.316727 0.800000 0.800000 0.800000
4915.362793 0.000000 2136.532715 0.000000 0.870735 0.000000 -0.491753 0.800000 0.800000 0.800000
4916.462891 0.000000 2141.276855 0.000000 0.165249 0.000000 0.986252 0.800000 0.800000 0.800000
4904.430176 0.000000 2123.637451 0.000000 0.994106 0.000000 0.108413 0.800000 0.800000 0.800000
4916.375488 0.000000 2114.693115 0.000000 0.944249 0.000000 -0.329231 0.800000 0.800000 0.800000
4912.638672 0.000000 2118.836670 0.000000 0.768615 0.000000 0.639711 0.800000 0.800000 0.800000
4918.152832 0.000000 2112.035645 0.000000 0.055877 0.000000 -0.998438 0.800000 0.800000 0.800000
4922.438965 0.000000 2128.730713 0.000000 0.502366 0.000000 -0.864655 0.800000 0.800000 0.800000
4921.583496 0.000000 2117.075439 0.000000 0.997756 0.000000 0.066948 0.800000 0.800000 0.800000
4899.270996 0.000000 2116.019043 0.000000 0.180324 0.000000 -0.983607 0.800000 0.800000 0.800000
4900.522949 0.000000 2118.759521 0.000000 0.171125 0.000000 -0.985249 0.800000 0.800000 0.800000
4909.047852 0.000000 2120.605469 0.000000 1.000000 0.000000 -0.000233 0.800000 0.800000 0.800000
4906.195801 0.000000 2120.319580 0.000000 0.498323 0.000000 0.866992 0.800000 0.800000 0.800000
4897.893555 0.000000 2142.636963 0.000000 0.042808 0.000000 0.999083 0.800000 0.800000 0.800000
4911.578613 0.000000 2138.102539 0.000000 0.965398 0.000000 -0.260782 0.800000 0.800000 0.800000
4896.011719 0.000000 2126.166016 0.000000 0.996531 0.000000 0.083218 0.800000 0.800000 0.800000
4896.008301 0.000000 2115.433350 0.000000 0.970022 0.000000 0.243015 0.800000 0.800000 0.800000
4915.084473 0.000000 2113.335205 0.000000 0.909989 0.000000 -0.414633 0.800000 0.800000 0.800000
4896.384766 0.000000 2112.030273 0.000000 0.111198 0.000000 0.993798 0.800000 0.800000 0.800000
4914.771973 0.000000 2123.671143 0.000000 0.920972 0.000000 0.389630 0.800000 0.800000 0.800000
4902.650879 0.000000 2124.563477 0.000000 0.781347 0.000000 -0.624096 0.800000 0.800000 0.800000
4919.590820 0.000000 2142.342529 0.000000 0.755732 0.000000 0.654881 0.800000 0.800000 0.800000
4900.938477 0.000000 2113.883301 0.000000 0.998700 0.000000 0.050967 0.800000 0.800000 0.800000
4922.185547 0.000000 2140.829590 0.000000 0.111408 0.000000 -0.993775 0.800000 0.800000 0.800000
4904.372559 0.000000 2136.508789 0.000000 0.861626 0.000000 -0.507544 0.800000 0.800000 0.800000
4920.203125 0.000000 2124.719482 0.000000 0.036822 0.000000 -0.999322 0.800000 0.800000 0.800000
4912.966309 0.000000 2126.535400 0.000000 0.898596 0.000000 -0.438777 0.800000 0.800000 0.800000
4900.652344 0.000000 2120.635742 0.000000 0.158621 0.000000 0.987340 0.800000 0.800000 0.800000
4923.508301 0.000000 2136.722168 0.000000 0.977386 0.000000 0.211465 0.800000 0.800000 0.800000
4926.987305 0.000000 2114.009277 0.000000 0.961713 0.000000 -0.274058 0.800000 0.800000 0.800000
4923.178223 0.000000 2139.461670 0.000000 0.004503 0.000000 -0.999990 0.800000 0.800000 0.800000
4902.268555 0.000000 2116.503174 0.000000 0.784964 0.000000 0.619541 0.800000 0.800000 0.800000
4898.465332 0.000000 2134.346924 0.000000 0.580001 0.000000 0.814616 0.800000 0.800000 0.800000
4921.544434 0.000000 2112.103271 0.000000 0.956333 0.000000 -0.292280 0.800000 0.800000 0.800000
4898.733887 0.000000 2137.056152 0.000000 0.994802 0.000000 0.101830 0.800000 0.800000 0.800000
4906.891602 0.000000 2117.670898 0.000000 0.659399 0.000000 0.751794 0.800000 0.800000 0.800000
4899.676758 0.000000 2142.721436 0.000000 0.941554 0.000000 0.336863 0.800000 0.800000 0.800000
4912.136719 0.000000 2112.126709 0.000000 0.501121 0.000000 -0.865377 0.800000 0.800000 0.800000
4902.830566 0.000000 2113.407471 0.000000 0.763444 0.000000 -0.645874 0.800000 0.800000 0.800000
4902.694336 0.000000 2143.479492 0.000000 0.088118 0.000000 -0.996110 0.800000 0.800000 0.800000
4897.424805 0.000000 2125.200684 0.000000 0.188076 0.000000 0.982154 0.800000 0.800000 0.800000
4927.549805 0.000000 2141.235352 0.000000 0.519853 0.000000 -0.854256 0.800000 0.800000 0.800000
4915.002441 0.000000 2141.975586 0.000000 0.752501 0.000000 -0.658591 0.800000 0.800000 0.800000
4927.500000 0.000000 2143.470215 0.000000 0.212691 0.000000 0.977120 0.800000 0.800000 0.800000
4903.569336 0.000000 2138.779785 0.000000 0.700315 0.000000 0.713834 0.800000 0.800000 0.800000
4907.695801 0.000000 2135.702881 0.000000 0.507073 0.000000 0.861903 0.800000 0.800000 0.800000
4898.875000 0.000000 2125.760010 0.000000 0.827962 0.000000 -0.560784 0.800000 0.800000 0.800000
4917.873535 0.000000 2126.191895 0.000000 0.312272 0.000000 -0.949993 0.800000 0.800000 0.800000
4918.630859 0.000000 2136.743408 0.000000 0.030755 0.000000 -0.999527 0.800000 0.800000 0.800000
4892.322754 0.000000 2170.183594 0.000000 0.953986 0.000000 0.299850 0.800000 0.800000 0.800000
4886.825195 0.000000 2170.234131 0.000000 0.884075 0.000000 -0.467346 0.800000 0.800000 0.800000
4894.278320 0.000000 2174.367676 0.000000 0.858682 0.000000 -0.512508 0.800000 0.800000 0.800000
4890.338867 0.000000 2167.165771 0.000000 0.322316 0.000000 -0.946632 0.800000 0.800000 0.800000
4886.609375 0.000000 2162.199951 0.000000 0.958589 0.000000 -0.284793 0.800000 0.800000 0.800000
4873.041504 0.000000 2170.228760 0.000000 0.956741 0.000000 -0.290940 0.800000 0.800000 0.800000
4895.086914 0.000000 2169.549561 0.000000 0.589604 0.000000 -0.807692 0.800000 0.800000 0.800000
4886.474609 0.000000 2173.117920 0.000000 0.372033 0.000000 0.928219 0.800000 0.800000 0.800000
4875.033691 0.000000 2166.317383 0.000000 0.355656 0.000000 0.934617 0.800000 0.800000 0.800000
4891.829590 0.000000 2172.882324 0.000000 0.877704 0.000000 0.479203 0.800000 0.800000 0.800000
4882.547852 0.000000 2172.525391 0.000000 0.934485 0.000000 -0.356002 0.800000 0.800000 0.800000
4886.485352 0.000000 2156.843750 0.000000 0.978150 0.000000 -0.207902 0.800000 0.800000 0.800000
4871.521973 0.000000 2164.382812 0.000000 0.559837 0.000000 0.828603 0.800000 0.800000 0.800000
4873.921875 0.000000 2168.186279 0.000000 0.998289 0.000000 -0.058467 0.800000 0.800000 0.800000
4895.486328 0.000000 2158.729736 0.000000 0.676047 0.000000 -0.736859 0.800000 0.800000 0.800000
4889.803223 0.000000 2145.642578 0.000000 0.134205 0.000000 -0.990954 0.800000 0.800000 0.800000
4884.604980 0.000000 2161.452393 0.000000 0.896379 0.000000 -0.443288 0.800000 0.800000 0.800000
4890.053711 0.000000 2169.255127 0.000000 0.684446 0.000000 0.729063 0.800000 0.800000 0.800000
4870.105957 0.000000 2166.550537 0.000000 0.193785 0.000000 -0.981044 0.800000 0.800000 0.800000
4884.404785 0.000000 2165.760742 0.000000 0.570822 0.000000 0.821074 0.800000 0.800000 0.800000
4884.979980 0.000000 2171.617676 0.000000 0.270980 0.000000 -0.962585 0.800000 0.800000 0.800000
4888.985840 0.000000 2158.133301 0.000000 0.018855 0.000000 -0.999822 0.800000 0.800000 0.800000
4891.040039 0.000000 2175.215088 0.000000 0.925140 0.000000 -0.379626 0.800000 0.800000 0.800000
4875.396973 0.000000 2164.324707 0.000000 0.210316 0.000000 0.977633 0.800000 0.800000 0.800000
4872.626953 0.000000 2172.834717 0.000000 0.875870 0.000000 0.482547 0.800000 0.800000 0.800000
4885.761719 0.000000 2164.190674 0.000000 0.703674 0.000000 0.710523 0.800000 0.800000 0.800000
4887.884277 0.000000 2171.793701 0.000000 0.885149 0.000000 0.465309 0.800000 0.800000 0.800000
4885.188477 0.000000 2169.717773 0.000000 0.023954 0.000000 0.999713 0.800000 0.800000 0.800000
4892.635254 0.000000 2174.694336 0.000000 0.870865 0.000000 0.491522 0.800000 0.800000 0.800000
4885.941895 0.000000 2160.472168 0.000000 0.059767 0.000000 0.998212 0.800000 0.800000 0.800000
4889.583496 0.000000 2149.075439 0.000000 0.832792 0.000000 -0.553586 0.800000 0.800000 0.800000
4894.265625 0.000000 2168.111328 0.000000 0.967752 0.000000 -0.251904 0.800000 0.800000 0.800000
4890.185547 0.000000 2172.829590 0.000000 0.295333 0.000000 -0.955394 0.800000 0.800000 0.800000
4872.372559 0.000000 2168.508789 0.000000 0.676921 0.000000 0.736056 0.800000 0.800000 0.800000
4888.203125 0.000000 2156.719482 0.000000 0.669359 0.000000 0.742939 0.800000 0.800000 0.800000
4891.508301 0.000000 2168.722168 0.000000 0.430026 0.000000 -0.902816 0.800000 0.800000 0.800000
4875.081543 0.000000 2162.150146 0.000000 0.875171 0.000000 -0.483815 0.800000 0.800000 0.800000
4891.178223 0.000000 2171.461670 0.000000 0.363488 0.000000 -0.931599 0.800000 0.800000 0.800000
4889.544434 0.000000 2144.103271 0.000000 0.052329 0.000000 0.998630 0.800000 0.800000 0.800000
4882.473633 0.000000 2175.398438 0.000000 0.441497 0.000000 -0.897263 0.800000 0.800000 0.800000
4895.549805 0.000000 2173.235352 0.000000 0.718938 0.000000 0.695074 0.800000 0.800000 0.800000
4883.002441 0.000000 2173.975586 0.000000 0.559982 0.000000 -0.828505 0.800000 0.800000 0.800000
4895.500000 0.000000 2175.470215 0.000000 0.187696 0.000000 -0.982227 0.800000 0.800000 0.800000
4875.695801 0.000000 2167.702881 0.000000 0.728382 0.000000 -0.685171 0.800000 0.800000 0.800000
4886.630859 0.000000 2168.743408 0.000000 0.572303 0.000000 -0.820042 0.800000 0.800000 0.800000
4917.494141 0.000000 2147.975830 0.000000 0.837357 0.000000 0.546656 0.800000 0.800000 0.800000
4906.786621 0.000000 2144.178955 0.000000 0.962093 0.000000 0.272723 0.800000 0.800000 0.800000
4900.280762 0.000000 2168.940430 0.000000 0.558407 0.000000 0.829567 0.800000 0.800000 0.800000
4920.881348 0.000000 2150.743896 0.000000 0.139752 0.000000 0.990187 0.800000 0.800000 0.800000
4919.776855 0.000000 2144.716064 0.000000 0.867551 0.000000 0.497348 0.800000 0.800000 0.800000
4925.834961 0.000000 2147.189209 0.000000 0.662482 0.000000 0.749077 0.800000 0.800000 0.800000
4922.444336 0.000000 2147.654053 0.000000 0.064169 0.000000 -0.997939 0.800000 0.800000 0.800000
4897.156250 0.000000 2148.733643 0.000000 0.127479 0.000000 0.991841 0.800000 0.800000 0.800000
4900.128418 0.000000 2165.751953 0.000000 0.993536 0.000000 -0.113519 0.800000 0.800000 0.800000
4904.295410 0.000000 2145.879395 0.000000 0.962601 0.000000 0.270924 0.800000 0.800000 0.800000
4916.718750 0.000000 2145.037598 0.000000 0.814965 0.000000 -0.579511 0.800000 0.800000 0.800000
4898.625977 0.000000 2163.021484 0.000000 0.150602 0.000000 -0.988594 0.800000 0.800000 0.800000
4926.826660 0.000000 2144.403076 0.000000 0.904718 0.000000 0.426010 0.800000 0.800000 0.800000
4907.740234 0.000000 2146.653809 0.000000 0.995718 0.000000 -0.092443 0.800000 0.800000 0.800000
4898.786621 0.000000 2175.978516 0.000000 0.999597 0.000000 -0.028396 0.800000 0.800000 0.800000
4898.680176 0.000000 2156.167236 0.000000 0.550593 0.000000 -0.834774 0.800000 0.800000 0.800000
4903.368652 0.000000 2149.585449 0.000000 0.929350 0.000000 -0.369201 0.800000 0.800000 0.800000
4899.293457 0.000000 2151.879150 0.000000 0.341824 0.000000 -0.939764 0.800000 0.800000 0.800000
4919.880371 0.000000 2147.297852 0.000000 0.961892 0.000000 0.273430 0.800000 0.800000 0.800000
4896.467285 0.000000 2172.072998 0.000000 0.711608 0.000000 -0.702576 0.800000 0.800000 0.800000
4900.362793 0.000000 2171.354004 0.000000 0.734223 0.000000 -0.678908 0.800000 0.800000 0.800000
4918.221680 0.000000 2150.269287 0.000000 0.936215 0.000000 -0.351427 0.800000 0.800000 0.800000
4902.085938 0.000000 2146.964111 0.000000 0.269345 0.000000 -0.963044 0.800000 0.800000 0.800000
4921.803223 0.000000 2145.642578 0.000000 0.933393 0.000000 -0.358856 0.800000 0.800000 0.800000
4924.015625 0.000000 2146.344238 0.000000 0.600336 0.000000 0.799748 0.800000 0.800000 0.800000
4898.932617 0.000000 2149.660889 0.000000 0.758363 0.000000 -0.651833 0.800000 0.800000 0.800000
4908.803223 0.000000 2144.067871 0.000000 0.447339 0.000000 -0.894364 0.800000 0.800000 0.800000
4918.376465 0.000000 2146.116943 0.000000 0.789157 0.000000 -0.614192 0.800000 0.800000 0.800000
4903.702148 0.000000 2144.050537 0.000000 0.980610 0.000000 -0.195969 0.800000 0.800000 0.800000
4919.844727 0.000000 2149.177002 0.000000 0.670395 0.000000 -0.742005 0.800000 0.800000 0.800000
4927.681152 0.000000 2147.447510 0.000000 0.323865 0.000000 0.946103 0.800000 0.800000 0.800000
4904.128906 0.000000 2147.728271 0.000000 0.944351 0.000000 -0.328938 0.800000 0.800000 0.800000
4896.139160 0.000000 2167.112305 0.000000 0.986787 0.000000 -0.162022 0.800000 0.800000 0.800000
4900.581055 0.000000 2173.118164 0.000000 0.905911 0.000000 0.423469 0.800000 0.800000 0.800000
4901.716797 0.000000 2164.723633 0.000000 0.950363 0.000000 0.311145 0.800000 0.800000 0.800000
4898.712402 0.000000 2153.707275 0.000000 0.683459 0.000000 0.729989 0.800000 0.800000 0.800000
4900.093262 0.000000 2162.067139 0.000000 0.123850 0.000000 -0.992301 0.800000 0.800000 0.800000
4900.183105 0.000000 2163.820801 0.000000 0.511837 0.000000 0.859083 0.800000 0.800000 0.800000
4905.937500 0.000000 2146.556641 0.000000 0.857569 0.000000 -0.514369 0.800000 0.800000 0.800000
4896.006836 0.000000 2150.326660 0.000000 0.551026 0.000000 0.834488 0.800000 0.800000 0.800000
4925.178223 0.000000 2144.849121 0.000000 0.484677 0.000000 -0.874693 0.800000 0.800000 0.800000
4898.624512 0.000000 2164.837891 0.000000 0.897374 0.000000 -0.441272 0.800000 0.800000 0.800000
4903.581543 0.000000 2151.327881 0.000000 0.925078 0.000000 -0.379776 0.800000 0.800000 0.800000
4902.456055 0.000000 2153.303711 0.000000 0.297145 0.000000 -0.954832 0.800000 0.800000 0.800000
4916.375488 0.000000 2146.693115 0.000000 0.880420 0.000000 0.474195 0.800000 0.800000 0.800000
4918.152832 0.000000 2144.035645 0.000000 0.788746 0.000000 -0.614719 0.800000 0.800000 0.800000
4921.583496 0.000000 2149.075439 0.000000 0.055153 0.000000 -0.998478 0.800000 0.800000 0.800000
4899.270996 0.000000 2148.019043 0.000000 0.427089 0.000000 0.904210 0.800000 0.800000 0.800000
4900.522949 0.000000 2150.759521 0.000000 0.529900 0.000000 0.848060 0.800000 0.800000 0.800000
4897.893555 0.000000 2174.636963 0.000000 0.965539 0.000000 -0.260260 0.800000 0.800000 0.800000
4897.570801 0.000000 2150.543213 0.000000 0.257610 0.000000 -0.966249 0.800000 0.800000 0.800000
4896.384766 0.000000 2144.030273 0.000000 0.542405 0.000000 -0.840117 0.800000 0.800000 0.800000
4900.938477 0.000000 2145.883301 0.000000 0.951039 0.000000 -0.309072 0.800000 0.800000 0.800000
4905.268066 0.000000 2144.610107 0.000000 0.904104 0.000000 -0.427312 0.800000 0.800000 0.800000
4900.652344 0.000000 2152.635742 0.000000 0.266600 0.000000 -0.963807 0.800000 0.800000 0.800000
4926.987305 0.000000 2146.009277 0.000000 0.636090 0.000000 0.771615 0.800000 0.800000 0.800000
4902.268555 0.000000 2148.503174 0.000000 0.793293 0.000000 0.608840 0.800000 0.800000 0.800000
4901.416504 0.000000 2167.920898 0.000000 0.667048 0.000000 -0.745015 0.800000 0.800000 0.800000
4921.544434 0.000000 2144.103271 0.000000 0.973977 0.000000 0.226649 0.800000 0.800000 0.800000
4898.733887 0.000000 2169.056152 0.000000 0.371557 0.000000 -0.928410 0.800000 0.800000 0.800000
4899.676758 0.000000 2174.721436 0.000000 0.932168 0.000000 -0.362026 0.800000 0.800000 0.800000
4902.830566 0.000000 2145.407471 0.000000 0.529131 0.000000 -0.848540 0.800000 0.800000 0.800000
4897.424805 0.000000 2157.200684 0.000000 0.590024 0.000000 -0.807386 0.800000 0.800000 0.800000
4898.875000 0.000000 2157.760010 0.000000 0.925857 0.000000 0.377873 0.800000 0.800000 0.800000
4938.484375 0.000000 2141.530273 0.000000 0.307063 0.000000 0.951689 0.800000 0.800000 0.800000
4952.140625 0.000000 2122.975586 0.000000 0.456290 0.000000 0.889831 0.800000 0.800000 0.800000
4956.322754 0.000000 2138.183594 0.000000 0.986572 0.000000 0.163328 0.800000 0.800000 0.800000
4946.604980 0.000000 2134.964844 0.000000 0.961474 0.000000 0.274897 0.800000 0.800000 0.800000
4933.689453 0.000000 2112.395264 0.000000 0.652567 0.000000 0.757731 0.800000 0.800000 0.800000
4930.780762 0.000000 2141.285156 0.000000 0.925096 0.000000 0.379734 0.800000 0.800000 0.800000
4944.895020 0.000000 2122.459717 0.000000 0.619483 0.000000 -0.785010 0.800000 0.800000 0.800000
4938.786621 0.000000 2112.178955 0.000000 0.937880 0.000000 0.346959 0.800000 0.800000 0.800000
4928.356445 0.000000 2129.087646 0.000000 0.476498 0.000000 -0.879175 0.800000 0.800000 0.800000
4940.507324 0.000000 2123.169922 0.000000 0.232158 0.000000 0.972678 0.800000 0.800000 0.800000
4937.818359 0.000000 2116.514404 0.000000 0.697940 0.000000 -0.716156 0.800000 0.800000 0.800000
4934.714355 0.000000 2140.230957 0.000000 0.989324 0.000000 -0.145731 0.800000 0.800000 0.800000
4943.467285 0.000000 2126.134033 0.000000 0.496429 0.000000 -0.868077 0.800000 0.800000 0.800000
4947.964844 0.000000 2124.795898 0.000000 0.961708 0.000000 0.274074 0.800000 0.800000 0.800000
4937.813965 0.000000 2131.114990 0.000000 0.433007 0.000000 -0.901390 0.800000 0.800000 0.800000
4951.776855 0.000000 2112.716064 0.000000 0.882803 0.000000 0.469744 0.800000 0.800000 0.800000
4947.926758 0.000000 2131.724854 0.000000 0.754221 0.000000 -0.656621 0.800000 0.800000 0.800000
4950.609375 0.000000 2130.199951 0.000000 0.572036 0.000000 0.820229 0.800000 0.800000 0.800000
4942.752441 0.000000 2112.863770 0.000000 0.443416 0.000000 0.896316 0.800000 0.800000 0.800000
4958.717773 0.000000 2122.415527 0.000000 0.841200 0.000000 -0.540724 0.800000 0.800000 0.800000
4953.589844 0.000000 2139.289551 0.000000 0.494506 0.000000 0.869174 0.800000 0.800000 0.800000
4959.086914 0.000000 2137.549561 0.000000 0.992882 0.000000 -0.119099 0.800000 0.800000 0.800000
4933.181152 0.000000 2142.856445 0.000000 0.951925 0.000000 -0.306332 0.800000 0.800000 0.800000
4945.125977 0.000000 2142.585938 0.000000 0.784061 0.000000 -0.620684 0.800000 0.800000 0.800000
4933.927246 0.000000 2119.717529 0.000000 0.301810 0.000000 -0.953368 0.800000 0.800000 0.800000
4936.185059 0.000000 2143.080078 0.000000 0.970074 0.000000 -0.242808 0.800000 0.800000 0.800000
4939.033691 0.000000 2134.317383 0.000000 0.689469 0.000000 0.724315 0.800000 0.800000 0.800000
4946.714355 0.000000 2114.874268 0.000000 0.533770 0.000000 -0.845630 0.800000 0.800000 0.800000
4930.786621 0.000000 2143.978516 0.000000 0.775378 0.000000 0.631498 0.800000 0.800000 0.800000
4940.705078 0.000000 2130.370605 0.000000 0.629145 0.000000 0.777288 0.800000 0.800000 0.800000
4935.368652 0.000000 2117.585449 0.000000 0.952738 0.000000 0.303793 0.800000 0.800000 0.800000
4946.547852 0.000000 2140.525391 0.000000 0.999676 0.000000 -0.025453 0.800000 0.800000 0.800000
4949.446777 0.000000 2122.620850 0.000000 0.981816 0.000000 -0.189833 0.800000 0.800000 0.800000
4946.198730 0.000000 2120.187256 0.000000 0.592049 0.000000 -0.805902 0.800000 0.800000 0.800000
4928.467285 0.000000 2140.072998 0.000000 0.398303 0.000000 0.917254 0.800000 0.800000 0.800000
4932.362793 0.000000 2139.354004 0.000000 0.278097 0.000000 0.960553 0.800000 0.800000 0.800000
4934.085938 0.000000 2114.964111 0.000000 0.332030 0.000000 0.943269 0.800000 0.800000 0.800000
4941.081055 0.000000 2125.754883 0.000000 0.623578 0.000000 0.781761 0.800000 0.800000 0.800000
4942.810547 0.000000 2123.831299 0.000000 0.297535 0.000000 0.954711 0.800000 0.800000 0.800000
4941.875977 0.000000 2128.021484 0.000000 0.343564 0.000000 -0.939129 0.800000 0.800000 0.800000
4950.485352 0.000000 2124.843750 0.000000 0.083887 0.000000 0.996475 0.800000 0.800000 0.800000
4928.958984 0.000000 2122.274658 0.000000 0.880229 0.000000 -0.474549 0.800000 0.800000 0.800000
4941.204590 0.000000 2135.266357 0.000000 0.282374 0.000000 -0.959304 0.800000 0.800000 0.800000
4935.521973 0.000000 2132.382812 0.000000 0.189865 0.000000 0.981810 0.800000 0.800000 0.800000
4928.165527 0.000000 2131.417725 0.000000 0.987365 0.000000 -0.158459 0.800000 0.800000 0.800000
4947.187500 0.000000 2122.143555 0.000000 0.558565 0.000000 0.829461 0.800000 0.800000 0.800000
4954.989258 0.000000 2118.112061 0.000000 0.977382 0.000000 0.211480 0.800000 0.800000 0.800000
4937.479492 0.000000 2126.981445 0.000000 0.999653 0.000000 0.026332 0.800000 0.800000 0.800000
4952.831543 0.000000 2128.414062 0.000000 0.983096 0.000000 0.183091 0.800000 0.800000 0.800000
4937.272949 0.000000 2118.693604 0.000000 0.853838 0.000000 0.520539 0.800000 0.800000 0.800000
4945.991211 0.000000 2130.651855 0.000000 0.996236 0.000000 -0.086686 0.800000 0.800000 0.800000
4954.053711 0.000000 2137.255127 0.000000 0.793333 0.000000 0.608788 0.800000 0.800000 0.800000
4948.979980 0.000000 2139.617676 0.000000 0.967239 0.000000 0.253868 0.800000 0.800000 0.800000
4959.156738 0.000000 2132.075439 0.000000 0.272962 0.000000 -0.962025 0.800000 0.800000 0.800000
4938.937500 0.000000 2139.137207 0.000000 0.663091 0.000000 -0.748539 0.800000 0.800000 0.800000
4930.060547 0.000000 2112.627197 0.000000 0.619681 0.000000 -0.784854 0.800000 0.800000 0.800000
4955.545410 0.000000 2120.090576 0.000000 0.631931 0.000000 -0.775025 0.800000 0.800000 0.800000
4946.561035 0.000000 2126.499512 0.000000 0.290895 0.000000 0.956755 0.800000 0.800000 0.800000
4955.040039 0.000000 2143.215088 0.000000 0.928348 0.000000 -0.371712 0.800000 0.800000 0.800000
4944.224609 0.000000 2120.540039 0.000000 0.430519 0.000000 0.902582 0.800000 0.800000 0.800000
4930.932617 0.000000 2117.660889 0.000000 0.774939 0.000000 0.632036 0.800000 0.800000 0.800000
4937.966797 0.000000 2129.065430 0.000000 0.086628 0.000000 -0.996241 0.800000 0.800000 0.800000
4940.803223 0.000000 2112.067871 0.000000 0.803505 0.000000 0.595298 0.800000 0.800000 0.800000
4936.626953 0.000000 2140.834717 0.000000 0.424430 0.000000 -0.905461 0.800000 0.800000 0.800000
4937.355957 0.000000 2133.099121 0.000000 0.024943 0.000000 -0.999689 0.800000 0.800000 0.800000
4936.032227 0.000000 2130.350830 0.000000 0.942705 0.000000 0.333627 0.800000 0.800000 0.800000
4935.702148 0.000000 2112.050537 0.000000 0.569730 0.000000 -0.821832 0.800000 0.800000 0.800000
4959.356934 0.000000 2124.235596 0.000000 0.965405 0.000000 -0.260756 0.800000 0.800000 0.800000
4936.128906 0.000000 2115.728271 0.000000 0.171405 0.000000 -0.985201 0.800000 0.800000 0.800000
4943.044922 0.000000 2131.861572 0.000000 0.959810 0.000000 0.280649 0.800000 0.800000 0.800000
4931.888672 0.000000 2112.005859 0.000000 0.754066 0.000000 -0.656798 0.800000 0.800000 0.800000
4946.603516 0.000000 2133.108643 0.000000 0.590801 0.000000 0.806817 0.800000 0.800000 0.800000
4951.884277 0.000000 2139.793701 0.000000 0.880815 0.000000 -0.473461 0.800000 0.800000 0.800000
4941.515625 0.000000 2114.147461 0.000000 0.481845 0.000000 0.876257 0.800000 0.800000 0.800000
4932.581055 0.000000 2141.118164 0.000000 0.116021 0.000000 -0.993247 0.800000 0.800000 0.800000
4944.863281 0.000000 2135.367676 0.000000 0.186150 0.000000 0.982521 0.800000 0.800000 0.800000
4930.712402 0.000000 2121.707275 0.000000 0.655395 0.000000 -0.755287 0.800000 0.800000 0.800000
4934.020020 0.000000 2138.623779 0.000000 0.964537 0.000000 0.263949 0.800000 0.800000 0.800000
4937.937500 0.000000 2114.556641 0.000000 0.982928 0.000000 0.183989 0.800000 0.800000 0.800000
4928.006836 0.000000 2118.326660 0.000000 0.662720 0.000000 -0.748868 0.800000 0.800000 0.800000
4934.806641 0.000000 2141.964111 0.000000 0.871372 0.000000 -0.490623 0.800000 0.800000 0.800000
4952.453613 0.000000 2137.787109 0.000000 0.921958 0.000000 -0.387289 0.800000 0.800000 0.800000
4935.581543 0.000000 2119.327881 0.000000 0.996568 0.000000 -0.082782 0.800000 0.800000 0.800000
4948.462891 0.000000 2141.276855 0.000000 0.002048 0.000000 0.999998 0.800000 0.800000 0.800000
4950.152832 0.000000 2112.035645 0.000000 0.307957 0.000000 -0.951400 0.800000 0.800000 0.800000
4954.438965 0.000000 2128.730713 0.000000 0.754205 0.000000 -0.656639 0.800000 0.800000 0.800000
4931.270996 0.000000 2116.019043 0.000000 0.544083 0.000000 -0.839031 0.800000 0.800000 0.800000
4932.522949 0.000000 2118.759521 0.000000 0.596183 0.000000 0.802849 0.800000 0.800000 0.800000
4929.893555 0.000000 2142.636963 0.000000 0.239079 0.000000 0.971000 0.800000 0.800000 0.800000
4943.578613 0.000000 2138.102539 0.000000 0.999889 0.000000 -0.014904 0.800000 0.800000 0.800000
4958.265625 0.000000 2136.111328 0.000000 0.757852 0.000000 -0.652426 0.800000 0.800000 0.800000
4928.008301 0.000000 2115.433350 0.000000 0.261484 0.000000 -0.965208 0.800000 0.800000 0.800000
4943.964355 0.000000 2143.705811 0.000000 0.748905 0.000000 0.662678 0.800000 0.800000 0.800000
4954.728516 0.000000 2131.922852 0.000000 0.986120 0.000000 -0.166032 0.800000 0.800000 0.800000
4929.570801 0.000000 2118.543213 0.000000 0.998847 0.000000 0.047998 0.800000 0.800000 0.800000
4947.084473 0.000000 2113.335205 0.000000 0.118574 0.000000 0.992945 0.800000 0.800000 0.800000
4928.384766 0.000000 2112.030273 0.000000 0.989207 0.000000 -0.146525 0.800000 0.800000 0.800000
4946.771973 0.000000 2123.671143 0.000000 0.944971 0.000000 0.327154 0.800000 0.800000 0.800000
4945.285645 0.000000 2139.556396 0.000000 0.247167 0.000000 0.968973 0.800000 0.800000 0.800000
4951.590820 0.000000 2142.342529 0.000000 0.236781 0.000000 0.971563 0.800000 0.800000 0.800000
4932.938477 0.000000 2113.883301 0.000000 0.095234 0.000000 0.995455 0.800000 0.800000 0.800000
4937.268066 0.000000 2112.610107 0.000000 0.529944 0.000000 -0.848033 0.800000 0.800000 0.800000
4936.372559 0.000000 2136.508789 0.000000 0.095973 0.000000 0.995384 0.800000 0.800000 0.800000
4952.203125 0.000000 2124.719482 0.000000 0.908213 0.000000 -0.418508 0.800000 0.800000 0.800000
4952.145020 0.000000 2129.820312 0.000000 0.636354 0.000000 -0.771397 0.800000 0.800000 0.800000
4944.966309 0.000000 2126.535400 0.000000 0.808304 0.000000 -0.588766 0.800000 0.800000 0.800000
4932.652344 0.000000 2120.635742 0.000000 0.938566 0.000000 0.345100 0.800000 0.800000 0.800000
4955.508301 0.000000 2136.722168 0.000000 0.103596 0.000000 -0.994619 0.800000 0.800000 0.800000
4939.081543 0.000000 2130.150146 0.000000 0.999864 0.000000 0.016472 0.800000 0.800000 0.800000
4955.178223 0.000000 2139.461670 0.000000 0.558893 0.000000 -0.829240 0.800000 0.800000 0.800000
4944.834961 0.000000 2141.049316 0.000000 0.999995 0.000000 0.003091 0.800000 0.800000 0.800000
4934.268555 0.000000 2116.503174 0.000000 0.741007 0.000000 -0.671497 0.800000 0.800000 0.800000
4940.549805 0.000000 2128.835205 0.000000 0.774408 0.000000 0.632686 0.800000 0.800000 0.800000
4938.891602 0.000000 2117.670898 0.000000 0.516360 0.000000 0.856371 0.800000 0.800000 0.800000
4931.676758 0.000000 2142.721436 0.000000 0.234608 0.000000 0.972090 0.800000 0.800000 0.800000
4934.830566 0.000000 2113.407471 0.000000 0.298062 0.000000 0.954546 0.800000 0.800000 0.800000
4934.694336 0.000000 2143.479492 0.000000 0.762473 0.000000 -0.647020 0.800000 0.800000 0.800000
4946.473633 0.000000 2143.398438 0.000000 0.999512 0.000000 -0.031242 0.800000 0.800000 0.800000
4929.424805 0.000000 2125.200684 0.000000 0.948388 0.000000 -0.317113 0.800000 0.800000 0.800000
4947.002441 0.000000 2141.975586 0.000000 0.223501 0.000000 0.974704 0.800000 0.800000 0.800000
4935.569336 0.000000 2138.779785 0.000000 0.125153 0.000000 0.992137 0.800000 0.800000 0.800000
4939.695801 0.000000 2135.702881 0.000000 0.972932 0.000000 0.231093 0.800000 0.800000 0.800000
4949.873535 0.000000 2126.191895 0.000000 0.367604 0.000000 0.929982 0.800000 0.800000 0.800000
4950.630859 0.000000 2136.743408 0.000000 0.340519 0.000000 -0.940238 0.800000 0.800000 0.800000
4955.528809 0.000000 2144.375977 0.000000 0.307690 0.000000 -0.951487 0.800000 0.800000 0.800000
4933.689453 0.000000 2144.395264 0.000000 0.395568 0.000000 -0.918437 0.800000 0.800000 0.800000
4954.444336 0.000000 2147.654053 0.000000 0.442948 0.000000 -0.896548 0.800000 0.800000 0.800000
4942.752441 0.000000 2144.863770 0.000000 0.113693 0.000000 -0.993516 0.800000 0.800000 0.800000
4931.392090 0.000000 2146.345947 0.000000 0.687749 0.000000 0.725949 0.800000 0.800000 0.800000
4948.718750 0.000000 2145.037598 0.000000 0.984892 0.000000 -0.173167 0.800000 0.800000 0.800000
4946.714355 0.000000 2146.874268 0.000000 0.471807 0.000000 -0.881702 0.800000 0.800000 0.800000
4934.085938 0.000000 2146.964111 0.000000 0.739872 0.000000 -0.672747 0.800000 0.800000 0.800000
4947.187500 0.000000 2154.143555 0.000000 0.989870 0.000000 -0.141975 0.800000 0.800000 0.800000
4930.932617 0.000000 2149.660889 0.000000 0.892182 0.000000 0.451677 0.800000 0.800000 0.800000
4929.607910 0.000000 2146.885010 0.000000 0.913070 0.000000 -0.407804 0.800000 0.800000 0.800000
4950.152832 0.000000 2144.035645 0.000000 0.546738 0.000000 0.837304 0.800000 0.800000 0.800000
4931.270996 0.000000 2148.019043 0.000000 0.999876 0.000000 0.015776 0.800000 0.800000 0.800000
4928.008301 0.000000 2147.433350 0.000000 0.868041 0.000000 -0.496492 0.800000 0.800000 0.800000
4947.084473 0.000000 2145.335205 0.000000 0.941060 0.000000 -0.338241 0.800000 0.800000 0.800000
4928.384766 0.000000 2144.030273 0.000000 0.772739 0.000000 -0.634724 0.800000 0.800000 0.800000
4946.771973 0.000000 2155.671143 0.000000 0.996151 0.000000 -0.087653 0.800000 0.800000 0.800000
4932.938477 0.000000 2145.883301 0.000000 0.894475 0.000000 -0.447117 0.800000 0.800000 0.800000
4944.136719 0.000000 2144.126709 0.000000 0.144241 0.000000 0.989543 0.800000 0.800000 0.800000
4888.140625 0.000000 2186.975586 0.000000 0.630174 0.000000 -0.776454 0.800000 0.800000 0.800000
4891.528809 0.000000 2176.375977 0.000000 0.506746 0.000000 0.862095 0.800000 0.800000 0.800000
4880.895020 0.000000 2186.459717 0.000000 0.567668 0.000000 -0.823257 0.800000 0.800000 0.800000
4893.637695 0.000000 2189.300781 0.000000 0.998597 0.000000 -0.052959 0.800000 0.800000 0.800000
4879.659668 0.000000 2203.973877 0.000000 0.272983 0.000000 0.962019 0.800000 0.800000 0.800000
4886.825195 0.000000 2202.234131 0.000000 0.335978 0.000000 -0.941870 0.800000 0.800000 0.800000
4868.280762 0.000000 2200.940430 0.000000 0.132735 0.000000 0.991152 0.800000 0.800000 0.800000
4876.507324 0.000000 2187.169922 0.000000 0.528487 0.000000 0.848941 0.800000 0.800000 0.800000
4888.881348 0.000000 2182.743896 0.000000 0.066923 0.000000 0.997758 0.800000 0.800000 0.800000
4878.386230 0.000000 2183.658691 0.000000 0.999982 0.000000 0.006044 0.800000 0.800000 0.800000
4873.813965 0.000000 2195.114990 0.000000 0.808962 0.000000 -0.587861 0.800000 0.800000 0.800000
4890.338867 0.000000 2199.165771 0.000000 0.917969 0.000000 0.396652 0.800000 0.800000 0.800000
4893.834961 0.000000 2179.189209 0.000000 0.586734 0.000000 0.809780 0.800000 0.800000 0.800000
4886.609375 0.000000 2194.199951 0.000000 0.903661 0.000000 -0.428248 0.800000 0.800000 0.800000
4894.717773 0.000000 2186.415527 0.000000 0.998178 0.000000 0.060342 0.800000 0.800000 0.800000
4864.050293 0.000000 2206.543213 0.000000 0.844159 0.000000 0.536093 0.800000 0.800000 0.800000
4881.125977 0.000000 2206.585938 0.000000 0.429352 0.000000 0.903137 0.800000 0.800000 0.800000
4894.826660 0.000000 2176.403076 0.000000 0.762801 0.000000 0.646633 0.800000 0.800000 0.800000
4885.305664 0.000000 2199.923584 0.000000 0.967786 0.000000 0.251776 0.800000 0.800000 0.800000
4866.786621 0.000000 2207.978516 0.000000 0.999500 0.000000 0.031604 0.800000 0.800000 0.800000
4890.228027 0.000000 2188.555420 0.000000 0.996206 0.000000 -0.087029 0.800000 0.800000 0.800000
4882.547852 0.000000 2204.525391 0.000000 0.285246 0.000000 0.958454 0.800000 0.800000 0.800000
4887.974609 0.000000 2199.988281 0.000000 0.995656 0.000000 -0.093103 0.800000 0.800000 0.800000
4893.393555 0.000000 2191.808350 0.000000 0.941778 0.000000 0.336236 0.800000 0.800000 0.800000
4889.373047 0.000000 2196.834229 0.000000 0.999950 0.000000 0.009962 0.800000 0.800000 0.800000
4868.362793 0.000000 2203.354004 0.000000 0.997668 0.000000 -0.068259 0.800000 0.800000 0.800000
4877.081055 0.000000 2189.754883 0.000000 0.250197 0.000000 -0.968195 0.800000 0.800000 0.800000
4878.810547 0.000000 2187.831299 0.000000 0.961679 0.000000 0.274179 0.800000 0.800000 0.800000
4886.485352 0.000000 2188.843750 0.000000 0.242056 0.000000 0.970262 0.800000 0.800000 0.800000
4883.970703 0.000000 2182.099609 0.000000 0.536496 0.000000 0.843903 0.800000 0.800000 0.800000
4891.976074 0.000000 2193.555908 0.000000 0.999376 0.000000 -0.035315 0.800000 0.800000 0.800000
4895.486328 0.000000 2190.729736 0.000000 0.071955 0.000000 0.997408 0.800000 0.800000 0.800000
4876.532715 0.000000 2206.151123 0.000000 0.903358 0.000000 -0.428888 0.800000 0.800000 0.800000
4870.105957 0.000000 2198.550537 0.000000 0.966995 0.000000 0.254795 0.800000 0.800000 0.800000
4884.979980 0.000000 2203.617676 0.000000 0.962153 0.000000 -0.272510 0.800000 0.800000 0.800000
4891.545410 0.000000 2184.090576 0.000000 0.451309 0.000000 0.892368 0.800000 0.800000 0.800000
4892.015625 0.000000 2178.344238 0.000000 0.826691 0.000000 -0.562656 0.800000 0.800000 0.800000
4892.344727 0.000000 2180.531250 0.000000 0.441567 0.000000 0.897228 0.800000 0.800000 0.800000
4888.985840 0.000000 2190.133301 0.000000 0.999322 0.000000 0.036814 0.800000 0.800000 0.800000
4891.794434 0.000000 2197.787598 0.000000 0.576101 0.000000 -0.817379 0.800000 0.800000 0.800000
4875.396973 0.000000 2196.324707 0.000000 0.194928 0.000000 0.980818 0.800000 0.800000 0.800000
4873.355957 0.000000 2197.099121 0.000000 0.072802 0.000000 0.997346 0.800000 0.800000 0.800000
4888.048828 0.000000 2195.469727 0.000000 0.696821 0.000000 0.717245 0.800000 0.800000 0.800000
4878.784668 0.000000 2205.668213 0.000000 0.095053 0.000000 0.995472 0.800000 0.800000 0.800000
4872.032227 0.000000 2194.350830 0.000000 0.424389 0.000000 -0.905480 0.800000 0.800000 0.800000
4895.356934 0.000000 2188.235596 0.000000 0.961925 0.000000 0.273314 0.800000 0.800000 0.800000
4893.257812 0.000000 2185.212891 0.000000 0.232323 0.000000 0.972639 0.800000 0.800000 0.800000
4893.113770 0.000000 2187.523193 0.000000 0.948252 0.000000 0.317520 0.800000 0.800000 0.800000
4895.681152 0.000000 2179.447510 0.000000 0.835920 0.000000 -0.548851 0.800000 0.800000 0.800000
4882.603516 0.000000 2197.108643 0.000000 0.612528 0.000000 0.790449 0.800000 0.800000 0.800000
4887.884277 0.000000 2203.793701 0.000000 0.998799 0.000000 -0.048987 0.800000 0.800000 0.800000
4868.581055 0.000000 2205.118164 0.000000 0.241350 0.000000 -0.970438 0.800000 0.800000 0.800000
4891.785645 0.000000 2189.631348 0.000000 0.361025 0.000000 -0.932556 0.800000 0.800000 0.800000
4869.716797 0.000000 2196.723633 0.000000 0.439462 0.000000 -0.898261 0.800000 0.800000 0.800000
4880.863281 0.000000 2199.367676 0.000000 0.512437 0.000000 0.858725 0.800000 0.800000 0.800000
4883.708496 0.000000 2180.376953 0.000000 0.847129 0.000000 0.531388 0.800000 0.800000 0.800000
4870.020020 0.000000 2202.623779 0.000000 0.410178 0.000000 -0.912005 0.800000 0.800000 0.800000
4893.178223 0.000000 2176.849121 0.000000 0.874565 0.000000 -0.484909 0.800000 0.800000 0.800000
4890.002930 0.000000 2186.849609 0.000000 0.374802 0.000000 0.927105 0.800000 0.800000 0.800000
4885.188477 0.000000 2201.717773 0.000000 0.820147 0.000000 -0.572153 0.800000 0.800000 0.800000
4888.453613 0.000000 2201.787109 0.000000 0.840592 0.000000 -0.541669 0.800000 0.800000 0.800000
4894.976074 0.000000 2192.349609 0.000000 0.936322 0.000000 0.351142 0.800000 0.800000 0.800000
4883.362793 0.000000 2200.532715 0.000000 0.406057 0.000000 0.913848 0.800000 0.800000 0.800000
4890.438965 0.000000 2192.730713 0.000000 0.870216 0.000000 -0.492670 0.800000 0.800000 0.800000
4885.941895 0.000000 2192.472168 0.000000 0.449173 0.000000 -0.893445 0.800000 0.800000 0.800000
4888.854492 0.000000 2198.473877 0.000000 0.418700 0.000000 -0.908125 0.800000 0.800000 0.800000
4865.893555 0.000000 2206.636963 0.000000 0.659895 0.000000 -0.751358 0.800000 0.800000 0.800000
4879.578613 0.000000 2202.102539 0.000000 0.243449 0.000000 0.969914 0.800000 0.800000 0.800000
4879.964355 0.000000 2207.705811 0.000000 0.721780 0.000000 0.692123 0.800000 0.800000 0.800000
4890.728516 0.000000 2195.922852 0.000000 0.135125 0.000000 0.990829 0.800000 0.800000 0.800000
4883.084473 0.000000 2177.335205 0.000000 0.072329 0.000000 -0.997381 0.800000 0.800000 0.800000
4881.285645 0.000000 2203.556396 0.000000 0.507443 0.000000 0.861685 0.800000 0.800000 0.800000
4872.372559 0.000000 2200.508789 0.000000 0.684818 0.000000 -0.728714 0.800000 0.800000 0.800000
4888.203125 0.000000 2188.719482 0.000000 0.731681 0.000000 0.681647 0.800000 0.800000 0.800000
4888.145020 0.000000 2193.820312 0.000000 0.916839 0.000000 -0.399258 0.800000 0.800000 0.800000
4875.081543 0.000000 2194.150146 0.000000 0.333426 0.000000 -0.942776 0.800000 0.800000 0.800000
4894.987305 0.000000 2178.009277 0.000000 0.183839 0.000000 0.982956 0.800000 0.800000 0.800000
4880.834961 0.000000 2205.049316 0.000000 0.264424 0.000000 -0.964406 0.800000 0.800000 0.800000
4869.416504 0.000000 2199.920898 0.000000 0.832168 0.000000 0.554523 0.800000 0.800000 0.800000
4867.676758 0.000000 2206.721436 0.000000 0.216232 0.000000 0.976342 0.800000 0.800000 0.800000
4882.473633 0.000000 2207.398438 0.000000 0.355876 0.000000 -0.934533 0.800000 0.800000 0.800000
4883.002441 0.000000 2205.975586 0.000000 0.822586 0.000000 -0.568640 0.800000 0.800000 0.800000
4871.569336 0.000000 2202.779785 0.000000 0.222716 0.000000 -0.974883 0.800000 0.800000 0.800000
4886.630859 0.000000 2200.743408 0.000000 0.288866 0.000000 0.957370 0.800000 0.800000 0.800000
4896.114746 0.000000 2188.443359 0.000000 0.283890 0.000000 -0.958857 0.800000 0.800000 0.800000
4918.946289 0.000000 2197.656006 0.000000 0.990102 0.000000 0.140348 0.800000 0.800000 0.800000
4897.156250 0.000000 2180.733643 0.000000 0.521327 0.000000 -0.853357 0.800000 0.800000 0.800000
4899.392090 0.000000 2178.345947 0.000000 0.953446 0.000000 0.301564 0.800000 0.800000 0.800000
4917.305664 0.000000 2199.923584 0.000000 0.457156 0.000000 0.889386 0.800000 0.800000 0.800000
4897.512695 0.000000 2190.743652 0.000000 0.447176 0.000000 -0.894446 0.800000 0.800000 0.800000
4899.293457 0.000000 2183.879150 0.000000 0.957601 0.000000 -0.288099 0.800000 0.800000 0.800000
4919.974609 0.000000 2199.988281 0.000000 0.989458 0.000000 0.144821 0.800000 0.800000 0.800000
4896.958984 0.000000 2186.274658 0.000000 0.581515 0.000000 0.813535 0.800000 0.800000 0.800000
4916.404785 0.000000 2197.760742 0.000000 0.900673 0.000000 -0.434497 0.800000 0.800000 0.800000
4898.060547 0.000000 2176.627197 0.000000 0.367382 0.000000 -0.930070 0.800000 0.800000 0.800000
4898.932617 0.000000 2181.660889 0.000000 0.970599 0.000000 0.240704 0.800000 0.800000 0.800000
4897.607910 0.000000 2178.885010 0.000000 0.993205 0.000000 0.116375 0.800000 0.800000 0.800000
4917.761719 0.000000 2196.190674 0.000000 0.017926 0.000000 -0.999839 0.800000 0.800000 0.800000
4899.888672 0.000000 2176.005859 0.000000 0.572345 0.000000 0.820013 0.800000 0.800000 0.800000
4898.712402 0.000000 2185.707275 0.000000 0.802936 0.000000 -0.596065 0.800000 0.800000 0.800000
4917.188477 0.000000 2201.717773 0.000000 0.749147 0.000000 0.662404 0.800000 0.800000 0.800000
4899.270996 0.000000 2180.019043 0.000000 0.539290 0.000000 0.842120 0.800000 0.800000 0.800000
4896.011719 0.000000 2190.166016 0.000000 0.651171 0.000000 -0.758931 0.800000 0.800000 0.800000
4896.008301 0.000000 2179.433350 0.000000 0.850851 0.000000 -0.525407 0.800000 0.800000 0.800000
4897.424805 0.000000 2189.200684 0.000000 0.496649 0.000000 0.867951 0.800000 0.800000 0.800000
4918.630859 0.000000 2200.743408 0.000000 0.492204 0.000000 -0.870480 0.800000 0.800000 0.800000
4878.183594 0.000000 2211.834961 0.000000 0.837407 0.000000 0.546579 0.800000 0.800000 0.800000
4869.689453 0.000000 2208.395264 0.000000 0.605386 0.000000 0.795932 0.800000 0.800000 0.800000
4864.183594 0.000000 2209.648682 0.000000 0.991841 0.000000 0.127485 0.800000 0.800000 0.800000
4881.748535 0.000000 2208.283203 0.000000 0.918321 0.000000 -0.395836 0.800000 0.800000 0.800000
4874.786621 0.000000 2208.178955 0.000000 0.743849 0.000000 -0.668348 0.800000 0.800000 0.800000
4864.114746 0.000000 2220.443359 0.000000 0.667548 0.000000 0.744567 0.800000 0.800000 0.800000
4864.356445 0.000000 2225.087646 0.000000 0.881725 0.000000 0.471763 0.800000 0.800000 0.800000
4873.818359 0.000000 2212.514404 0.000000 0.444611 0.000000 0.895724 0.800000 0.800000 0.800000
4875.363281 0.000000 2215.163086 0.000000 0.598094 0.000000 0.801426 0.800000 0.800000 0.800000
4867.392090 0.000000 2210.345947 0.000000 0.932440 0.000000 0.361325 0.800000 0.800000 0.800000
4875.740234 0.000000 2210.653809 0.000000 0.191794 0.000000 -0.981435 0.800000 0.800000 0.800000
4870.830566 0.000000 2218.974365 0.000000 0.528557 0.000000 -0.848898 0.800000 0.800000 0.800000
4873.937012 0.000000 2218.743164 0.000000 0.695712 0.000000 -0.718321 0.800000 0.800000 0.800000
4864.958984 0.000000 2218.274658 0.000000 0.534356 0.000000 0.845260 0.800000 0.800000 0.800000
4876.300293 0.000000 2213.050049 0.000000 0.788802 0.000000 0.614647 0.800000 0.800000 0.800000
4864.165527 0.000000 2227.417725 0.000000 0.818999 0.000000 0.573794 0.800000 0.800000 0.800000
4873.272949 0.000000 2214.693604 0.000000 0.311931 0.000000 0.950105 0.800000 0.800000 0.800000
4866.060547 0.000000 2208.627197 0.000000 0.793343 0.000000 -0.608775 0.800000 0.800000 0.800000
4876.803223 0.000000 2208.067871 0.000000 0.990968 0.000000 -0.134102 0.800000 0.800000 0.800000
4867.888672 0.000000 2208.005859 0.000000 0.050300 0.000000 -0.998734 0.800000 0.800000 0.800000
4877.515625 0.000000 2210.147461 0.000000 0.739609 0.000000 0.673037 0.800000 0.800000 0.800000
4866.712402 0.000000 2217.707275 0.000000 0.895458 0.000000 -0.445145 0.800000 0.800000 0.800000
4871.581543 0.000000 2215.327881 0.000000 0.754072 0.000000 0.656792 0.800000 0.800000 0.800000
4870.456055 0.000000 2217.303711 0.000000 0.935411 0.000000 0.353563 0.800000 0.800000 0.800000
4872.430176 0.000000 2219.637451 0.000000 0.730447 0.000000 -0.682969 0.800000 0.800000 0.800000
4877.696777 0.000000 2214.164062 0.000000 0.574875 0.000000 -0.818241 0.800000 0.800000 0.800000
4868.522949 0.000000 2214.759521 0.000000 0.463056 0.000000 0.886329 0.800000 0.800000 0.800000
4864.011719 0.000000 2222.166016 0.000000 0.883261 0.000000 -0.468881 0.800000 0.800000 0.800000
4864.384766 0.000000 2208.030273 0.000000 0.793905 0.000000 -0.608041 0.800000 0.800000 0.800000
4870.650879 0.000000 2220.563477 0.000000 0.190670 0.000000 0.981654 0.800000 0.800000 0.800000
4868.938477 0.000000 2209.883301 0.000000 0.803688 0.000000 -0.595051 0.800000 0.800000 0.800000
4868.652344 0.000000 2216.635742 0.000000 0.781116 0.000000 -0.624386 0.800000 0.800000 0.800000
4870.268555 0.000000 2212.503174 0.000000 0.578495 0.000000 -0.815686 0.800000 0.800000 0.800000
4874.891602 0.000000 2213.670898 0.000000 0.273066 0.000000 0.961995 0.800000 0.800000 0.800000
4880.136719 0.000000 2208.126709 0.000000 0.980430 0.000000 0.196866 0.800000 0.800000 0.800000
4865.424805 0.000000 2221.200684 0.000000 0.263901 0.000000 -0.964550 0.800000 0.800000 0.800000
4866.875000 0.000000 2221.760010 0.000000 0.207436 0.000000 -0.978249 0.800000 0.800000 0.800000
4763.528809 0.000000 2304.375977 0.000000 0.989201 0.000000 -0.146565 0.800000 0.800000 0.800000
4765.637695 0.000000 2317.300781 0.000000 0.865217 0.000000 0.501397 0.800000 0.800000 0.800000
4763.688477 0.000000 2314.264893 0.000000 0.979609 0.000000 -0.200915 0.800000 0.800000 0.800000
4762.444336 0.000000 2307.654053 0.000000 0.674957 0.000000 0.737858 0.800000 0.800000 0.800000
4766.717773 0.000000 2314.415527 0.000000 0.792427 0.000000 0.609967 0.800000 0.800000 0.800000
4765.393555 0.000000 2319.808350 0.000000 0.998131 0.000000 0.061119 0.800000 0.800000 0.800000
4767.139160 0.000000 2311.961670 0.000000 0.157934 0.000000 0.987450 0.800000 0.800000 0.800000
4762.989258 0.000000 2310.112061 0.000000 0.537524 0.000000 0.843248 0.800000 0.800000 0.800000
4767.486328 0.000000 2318.729736 0.000000 0.974798 0.000000 -0.223090 0.800000 0.800000 0.800000
4761.803223 0.000000 2305.642578 0.000000 0.774523 0.000000 -0.632546 0.800000 0.800000 0.800000
4763.545410 0.000000 2312.090576 0.000000 0.895833 0.000000 -0.444391 0.800000 0.800000 0.800000
4764.344727 0.000000 2308.531250 0.000000 0.613824 0.000000 -0.789443 0.800000 0.800000 0.800000
4767.356934 0.000000 2316.235596 0.000000 0.407881 0.000000 -0.913035 0.800000 0.800000 0.800000
4765.257812 0.000000 2313.212891 0.000000 0.276211 0.000000 -0.961097 0.800000 0.800000 0.800000
4762.002930 0.000000 2314.849609 0.000000 0.996971 0.000000 0.077772 0.800000 0.800000 0.800000
4761.544434 0.000000 2304.103271 0.000000 0.825136 0.000000 0.564934 0.800000 0.800000 0.800000
4782.183594 0.000000 2307.834961 0.000000 0.166317 0.000000 0.986072 0.800000 0.800000 0.800000
4786.604980 0.000000 2326.964844 0.000000 0.071562 0.000000 0.997436 0.800000 0.800000 0.800000
4788.161621 0.000000 2334.979736 0.000000 0.219166 0.000000 -0.975688 0.800000 0.800000 0.800000
4772.083496 0.000000 2318.666748 0.000000 0.730702 0.000000 0.682696 0.800000 0.800000 0.800000
4776.221191 0.000000 2326.685059 0.000000 0.751028 0.000000 -0.660270 0.800000 0.800000 0.800000
4768.183594 0.000000 2305.648682 0.000000 0.542612 0.000000 -0.839983 0.800000 0.800000 0.800000
4793.183105 0.000000 2334.203613 0.000000 0.839673 0.000000 0.543093 0.800000 0.800000 0.800000
4768.114746 0.000000 2316.443359 0.000000 0.718342 0.000000 0.695691 0.800000 0.800000 0.800000
4768.356445 0.000000 2321.087646 0.000000 0.953938 0.000000 -0.300004 0.800000 0.800000 0.800000
4780.507324 0.000000 2315.169922 0.000000 0.607793 0.000000 -0.794096 0.800000 0.800000 0.800000
4779.836914 0.000000 2329.214111 0.000000 0.218130 0.000000 -0.975920 0.800000 0.800000 0.800000
4776.103516 0.000000 2317.298096 0.000000 0.903141 0.000000 0.429344 0.800000 0.800000 0.800000
4774.714355 0.000000 2332.230957 0.000000 0.727533 0.000000 -0.686073 0.800000 0.800000 0.800000
4783.467285 0.000000 2318.134033 0.000000 0.062121 0.000000 0.998069 0.800000 0.800000 0.800000
4787.964844 0.000000 2316.795898 0.000000 0.798297 0.000000 -0.602264 0.800000 0.800000 0.800000
4782.251953 0.000000 2335.496094 0.000000 0.342982 0.000000 -0.939342 0.800000 0.800000 0.800000
4783.351562 0.000000 2328.339844 0.000000 0.967464 0.000000 -0.253007 0.800000 0.800000 0.800000
4772.128418 0.000000 2325.751953 0.000000 0.347782 0.000000 0.937575 0.800000 0.800000 0.800000
4777.041504 0.000000 2330.228760 0.000000 0.697107 0.000000 -0.716967 0.800000 0.800000 0.800000
4784.835938 0.000000 2324.439941 0.000000 0.377652 0.000000 0.925948 0.800000 0.800000 0.800000
4776.185059 0.000000 2335.080078 0.000000 0.849904 0.000000 0.526938 0.800000 0.800000 0.800000
4789.305664 0.000000 2327.923584 0.000000 0.606130 0.000000 0.795365 0.800000 0.800000 0.800000
4795.829590 0.000000 2332.882324 0.000000 0.800152 0.000000 0.599798 0.800000 0.800000 0.800000
4778.750488 0.000000 2317.136230 0.000000 0.995190 0.000000 0.097967 0.800000 0.800000 0.800000
4780.705078 0.000000 2322.370605 0.000000 0.487439 0.000000 -0.873157 0.800000 0.800000 0.800000
4770.680176 0.000000 2316.167236 0.000000 0.955779 0.000000 -0.294086 0.800000 0.800000 0.800000
4777.937012 0.000000 2314.743164 0.000000 0.849366 0.000000 -0.527805 0.800000 0.800000 0.800000
4774.820312 0.000000 2328.960938 0.000000 0.184351 0.000000 -0.982860 0.800000 0.800000 0.800000
4774.085938 0.000000 2306.964111 0.000000 0.971667 0.000000 -0.236355 0.800000 0.800000 0.800000
4781.081055 0.000000 2317.754883 0.000000 0.559752 0.000000 -0.828660 0.800000 0.800000 0.800000
4782.810547 0.000000 2315.831299 0.000000 0.462756 0.000000 0.886486 0.800000 0.800000 0.800000
4781.875977 0.000000 2320.021484 0.000000 0.445407 0.000000 0.895328 0.800000 0.800000 0.800000
4768.958984 0.000000 2314.274658 0.000000 0.998285 0.000000 -0.058545 0.800000 0.800000 0.800000
4775.521973 0.000000 2324.382812 0.000000 0.999972 0.000000 -0.007486 0.800000 0.800000 0.800000
4785.166992 0.000000 2329.831543 0.000000 0.254044 0.000000 0.967193 0.800000 0.800000 0.800000
4773.313965 0.000000 2320.662354 0.000000 0.973020 0.000000 0.230720 0.800000 0.800000 0.800000
4780.300293 0.000000 2309.050049 0.000000 0.690863 0.000000 0.722986 0.800000 0.800000 0.800000
4783.387695 0.000000 2309.666260 0.000000 0.287602 0.000000 0.957750 0.800000 0.800000 0.800000
4777.921875 0.000000 2328.186279 0.000000 0.295354 0.000000 0.955388 0.800000 0.800000 0.800000
4783.287109 0.000000 2326.051514 0.000000 0.902264 0.000000 -0.431183 0.800000 0.800000 0.800000
4777.272949 0.000000 2310.693604 0.000000 0.601160 0.000000 -0.799129 0.800000 0.800000 0.800000
4785.991211 0.000000 2322.651855 0.000000 0.645518 0.000000 -0.763745 0.800000 0.800000 0.800000
4779.514160 0.000000 2313.306885 0.000000 0.666920 0.000000 -0.745129 0.800000 0.800000 0.800000
4774.105957 0.000000 2326.550537 0.000000 0.348376 0.000000 -0.937355 0.800000 0.800000 0.800000
4788.979980 0.000000 2331.617676 0.000000 0.101097 0.000000 -0.994877 0.800000 0.800000 0.800000
4778.937500 0.000000 2331.137207 0.000000 0.752881 0.000000 0.658157 0.800000 0.800000 0.800000
4770.060547 0.000000 2304.627197 0.000000 0.044170 0.000000 -0.999024 0.800000 0.800000 0.800000
4786.561035 0.000000 2318.499512 0.000000 0.971710 0.000000 0.236177 0.800000 0.800000 0.800000
4784.224609 0.000000 2312.540039 0.000000 0.776597 0.000000 0.629998 0.800000 0.800000 0.800000
4780.803223 0.000000 2304.067871 0.000000 0.949814 0.000000 -0.312816 0.800000 0.800000 0.800000
4776.626953 0.000000 2332.834717 0.000000 0.999944 0.000000 0.010581 0.800000 0.800000 0.800000
4777.355957 0.000000 2325.099121 0.000000 0.943515 0.000000 -0.331329 0.800000 0.800000 0.800000
4778.949219 0.000000 2335.362549 0.000000 0.592645 0.000000 -0.805463 0.800000 0.800000 0.800000
4776.128906 0.000000 2307.728271 0.000000 0.109083 0.000000 0.994033 0.800000 0.800000 0.800000
4783.044922 0.000000 2323.861572 0.000000 0.937545 0.000000 0.347864 0.800000 0.800000 0.800000
4771.888672 0.000000 2304.005859 0.000000 0.877245 0.000000 -0.480043 0.800000 0.800000 0.800000
4791.884277 0.000000 2331.793701 0.000000 0.122622 0.000000 0.992454 0.800000 0.800000 0.800000
4781.515625 0.000000 2306.147461 0.000000 0.931440 0.000000 0.363895 0.800000 0.800000 0.800000
4773.716797 0.000000 2324.723633 0.000000 0.966690 0.000000 -0.255949 0.800000 0.800000 0.800000
4784.863281 0.000000 2327.367676 0.000000 0.199452 0.000000 -0.979908 0.800000 0.800000 0.800000
4774.020020 0.000000 2330.623779 0.000000 0.889045 0.000000 0.457820 0.800000 0.800000 0.800000
4772.093262 0.000000 2322.067139 0.000000 0.899387 0.000000 -0.437153 0.800000 0.800000 0.800000
4772.183105 0.000000 2323.820801 0.000000 0.954776 0.000000 -0.297325 0.800000 0.800000 0.800000
4777.937500 0.000000 2306.556641 0.000000 0.573033 0.000000 0.819532 0.800000 0.800000 0.800000
4789.188477 0.000000 2329.717773 0.000000 0.708418 0.000000 -0.705793 0.800000 0.800000 0.800000
4774.806641 0.000000 2333.964111 0.000000 0.389783 0.000000 -0.920907 0.800000 0.800000 0.800000
4792.453613 0.000000 2329.787109 0.000000 0.742067 0.000000 -0.670325 0.800000 0.800000 0.800000
4775.581543 0.000000 2311.327881 0.000000 0.895409 0.000000 0.445244 0.800000 0.800000 0.800000
4787.362793 0.000000 2328.532715 0.000000 0.487882 0.000000 -0.872910 0.800000 0.800000 0.800000
4774.456055 0.000000 2313.303711 0.000000 0.991713 0.000000 -0.128475 0.800000 0.800000 0.800000
4776.430176 0.000000 2315.637451 0.000000 0.082081 0.000000 -0.996626 0.800000 0.800000 0.800000
4793.429199 0.000000 2335.939209 0.000000 0.805607 0.000000 -0.592450 0.800000 0.800000 0.800000
4784.638672 0.000000 2310.836670 0.000000 0.328361 0.000000 0.944552 0.800000 0.800000 0.800000
4781.696777 0.000000 2310.164062 0.000000 0.054616 0.000000 0.998507 0.800000 0.800000 0.800000
4781.047852 0.000000 2312.605469 0.000000 0.395312 0.000000 0.918547 0.800000 0.800000 0.800000
4778.195801 0.000000 2312.319580 0.000000 0.034428 0.000000 -0.999407 0.800000 0.800000 0.800000
4768.011719 0.000000 2318.166016 0.000000 0.041011 0.000000 -0.999159 0.800000 0.800000 0.800000
4783.964355 0.000000 2335.705811 0.000000 0.631951 0.000000 -0.775008 0.800000 0.800000 0.800000
4768.384766 0.000000 2304.030273 0.000000 0.107215 0.000000 0.994236 0.800000 0.800000 0.800000
4785.285645 0.000000 2331.556396 0.000000 0.257861 0.000000 0.966182 0.800000 0.800000 0.800000
4772.938477 0.000000 2305.883301 0.000000 0.799513 0.000000 0.600649 0.800000 0.800000 0.800000
4777.268066 0.000000 2304.610107 0.000000 0.999960 0.000000 -0.008937 0.800000 0.800000 0.800000
4794.185547 0.000000 2332.829590 0.000000 0.134903 0.000000 0.990859 0.800000 0.800000 0.800000
4776.372559 0.000000 2328.508789 0.000000 0.991195 0.000000 -0.132410 0.800000 0.800000 0.800000
4784.966309 0.000000 2318.535400 0.000000 0.999745 0.000000 -0.022600 0.800000 0.800000 0.800000
4795.178223 0.000000 2331.461670 0.000000 0.866194 0.000000 0.499709 0.800000 0.800000 0.800000
4780.549805 0.000000 2320.835205 0.000000 0.948045 0.000000 0.318137 0.800000 0.800000 0.800000
4773.416504 0.000000 2327.920898 0.000000 0.338514 0.000000 -0.940961 0.800000 0.800000 0.800000
4774.830566 0.000000 2305.407471 0.000000 0.609608 0.000000 0.792703 0.800000 0.800000 0.800000
4774.694336 0.000000 2335.479492 0.000000 0.691999 0.000000 0.721898 0.800000 0.800000 0.800000
4769.424805 0.000000 2317.200684 0.000000 0.094211 0.000000 -0.995552 0.800000 0.800000 0.800000
4775.569336 0.000000 2330.779785 0.000000 0.971303 0.000000 0.237847 0.800000 0.800000 0.800000
4770.875000 0.000000 2317.760010 0.000000 0.857596 0.000000 0.514324 0.800000 0.800000 0.800000
4790.630859 0.000000 2328.743408 0.000000 0.984678 0.000000 -0.174382 0.800000 0.800000 0.800000
4793.850586 0.000000 2354.422363 0.000000 0.771589 0.000000 0.636122 0.800000 0.800000 0.800000
4778.786621 0.000000 2336.178955 0.000000 0.810470 0.000000 0.585780 0.800000 0.800000 0.800000
4797.834961 0.000000 2339.189209 0.000000 0.980859 0.000000 -0.194717 0.800000 0.800000 0.800000
4794.444336 0.000000 2339.654053 0.000000 0.806844 0.000000 0.590764 0.800000 0.800000 0.800000
4782.752441 0.000000 2336.863770 0.000000 0.498071 0.000000 0.867136 0.800000 0.800000 0.800000
4776.295410 0.000000 2337.879395 0.000000 0.996632 0.000000 0.082007 0.800000 0.800000 0.800000
4788.718750 0.000000 2337.037598 0.000000 0.874384 0.000000 -0.485234 0.800000 0.800000 0.800000
4799.086914 0.000000 2361.549561 0.000000 0.908901 0.000000 -0.417013 0.800000 0.800000 0.800000
4796.349609 0.000000 2355.803467 0.000000 0.478193 0.000000 -0.878255 0.800000 0.800000 0.800000
4791.880371 0.000000 2339.297852 0.000000 0.035634 0.000000 -0.999365 0.800000 0.800000 0.800000
4786.198730 0.000000 2344.187256 0.000000 0.222820 0.000000 -0.974860 0.800000 0.800000 0.800000
4793.373047 0.000000 2356.834229 0.000000 0.368771 0.000000 0.929520 0.800000 0.800000 0.800000
4793.684082 0.000000 2344.959473 0.000000 0.681618 0.000000 0.731708 0.800000 0.800000 0.800000
4798.364258 0.000000 2363.971680 0.000000 0.749994 0.000000 0.661445 0.800000 0.800000 0.800000
4796.687012 0.000000 2359.710449 0.000000 0.529576 0.000000 0.848262 0.800000 0.800000 0.800000
4799.139160 0.000000 2343.961670 0.000000 0.149155 0.000000 -0.988814 0.800000 0.800000 0.800000
4787.970703 0.000000 2342.099609 0.000000 0.209406 0.000000 0.977829 0.800000 0.800000 0.800000
4799.486328 0.000000 2350.729736 0.000000 0.245731 0.000000 -0.969338 0.800000 0.800000 0.800000
4793.803223 0.000000 2337.642578 0.000000 0.899100 0.000000 -0.437743 0.800000 0.800000 0.800000
4795.545410 0.000000 2344.090576 0.000000 0.992598 0.000000 -0.121443 0.800000 0.800000 0.800000
4796.015625 0.000000 2338.344238 0.000000 0.762302 0.000000 -0.647222 0.800000 0.800000 0.800000
4780.803223 0.000000 2336.067871 0.000000 0.995114 0.000000 0.098728 0.800000 0.800000 0.800000
4792.048828 0.000000 2355.469727 0.000000 0.719014 0.000000 0.694996 0.800000 0.800000 0.800000
4790.376465 0.000000 2338.116943 0.000000 0.054435 0.000000 -0.998517 0.800000 0.800000 0.800000
4775.702148 0.000000 2336.050537 0.000000 0.994230 0.000000 -0.107266 0.800000 0.800000 0.800000
4799.356934 0.000000 2348.235596 0.000000 0.759958 0.000000 -0.649972 0.800000 0.800000 0.800000
4791.844727 0.000000 2341.177002 0.000000 0.267873 0.000000 -0.963454 0.800000 0.800000 0.800000
4799.681152 0.000000 2339.447510 0.000000 0.303688 0.000000 0.952771 0.800000 0.800000 0.800000
4781.515625 0.000000 2338.147461 0.000000 0.401978 0.000000 0.915649 0.800000 0.800000 0.800000
4797.178223 0.000000 2336.849121 0.000000 0.915486 0.000000 0.402349 0.800000 0.800000 0.800000
4798.976074 0.000000 2352.349609 0.000000 0.412884 0.000000 -0.910784 0.800000 0.800000 0.800000
4792.854492 0.000000 2358.473877 0.000000 0.827490 0.000000 0.561481 0.800000 0.800000 0.800000
4798.265625 0.000000 2360.111328 0.000000 0.541892 0.000000 0.840448 0.800000 0.800000 0.800000
4777.268066 0.000000 2336.610107 0.000000 0.683368 0.000000 0.730074 0.800000 0.800000 0.800000
4798.987305 0.000000 2338.009277 0.000000 0.693444 0.000000 0.720510 0.800000 0.800000 0.800000
4793.544434 0.000000 2336.103271 0.000000 0.126837 0.000000 -0.991924 0.800000 0.800000 0.800000
4774.830566 0.000000 2337.407471 0.000000 0.992464 0.000000 0.122540 0.800000 0.800000 0.800000
4808.221191 0.000000 2358.685059 0.000000 0.859775 0.000000 0.510673 0.800000 0.800000 0.800000
4813.486816 0.000000 2356.908447 0.000000 0.272056 0.000000 -0.962282 0.800000 0.800000 0.800000
4825.183105 0.000000 2366.203613 0.000000 0.391484 0.000000 0.920185 0.800000 0.800000 0.800000
4809.813965 0.000000 2355.114990 0.000000 0.122958 0.000000 -0.992412 0.800000 0.800000 0.800000
4815.351562 0.000000 2360.339844 0.000000 0.950967 0.000000 -0.309292 0.800000 0.800000 0.800000
4819.479004 0.000000 2362.200928 0.000000 0.741280 0.000000 0.671196 0.800000 0.800000 0.800000
4816.835938 0.000000 2356.439941 0.000000 0.505405 0.000000 -0.862882 0.800000 0.800000 0.800000
4822.474609 0.000000 2365.117920 0.000000 0.072954 0.000000 -0.997335 0.800000 0.800000 0.800000
4808.185059 0.000000 2367.080078 0.000000 0.995197 0.000000 -0.097895 0.800000 0.800000 0.800000
4811.033691 0.000000 2358.317383 0.000000 0.782045 0.000000 -0.623222 0.800000 0.800000 0.800000
4812.705078 0.000000 2354.370605 0.000000 0.548757 0.000000 -0.835982 0.800000 0.800000 0.800000
4818.547852 0.000000 2364.525391 0.000000 0.267023 0.000000 -0.963690 0.800000 0.800000 0.800000
4801.512695 0.000000 2350.743652 0.000000 0.831345 0.000000 -0.555756 0.800000 0.800000 0.800000
4803.293457 0.000000 2343.879150 0.000000 0.338777 0.000000 0.940867 0.800000 0.800000 0.800000
4800.467285 0.000000 2364.072998 0.000000 0.719947 0.000000 0.694029 0.800000 0.800000 0.800000
4804.362793 0.000000 2363.354004 0.000000 0.845902 0.000000 -0.533338 0.800000 0.800000 0.800000
4813.204590 0.000000 2359.266357 0.000000 0.999994 0.000000 0.003464 0.800000 0.800000 0.800000
4807.521973 0.000000 2356.382812 0.000000 0.999883 0.000000 0.015277 0.800000 0.800000 0.800000
4817.166992 0.000000 2361.831543 0.000000 0.552705 0.000000 0.833377 0.800000 0.800000 0.800000
4805.062500 0.000000 2348.391846 0.000000 0.103123 0.000000 0.994669 0.800000 0.800000 0.800000
4800.165527 0.000000 2355.417725 0.000000 0.944421 0.000000 0.328739 0.800000 0.800000 0.800000
4809.921875 0.000000 2360.186279 0.000000 0.998640 0.000000 -0.052133 0.800000 0.800000 0.800000
4815.287109 0.000000 2358.051514 0.000000 0.867897 0.000000 -0.496745 0.800000 0.800000 0.800000
4827.040039 0.000000 2367.215088 0.000000 0.960233 0.000000 0.279200 0.800000 0.800000 0.800000
4811.396973 0.000000 2356.324707 0.000000 0.625215 0.000000 -0.780453 0.800000 0.800000 0.800000
4809.355957 0.000000 2357.099121 0.000000 0.988884 0.000000 -0.148688 0.800000 0.800000 0.800000
4808.032227 0.000000 2354.350830 0.000000 0.629215 0.000000 -0.777231 0.800000 0.800000 0.800000
4815.044922 0.000000 2355.861572 0.000000 0.114257 0.000000 0.993451 0.800000 0.800000 0.800000
4804.581055 0.000000 2365.118164 0.000000 0.994636 0.000000 0.103433 0.800000 0.800000 0.800000
4805.716797 0.000000 2356.723633 0.000000 0.897048 0.000000 -0.441932 0.800000 0.800000 0.800000
4816.863281 0.000000 2359.367676 0.000000 0.758251 0.000000 -0.651962 0.800000 0.800000 0.800000
4802.712402 0.000000 2345.707275 0.000000 0.502558 0.000000 -0.864544 0.800000 0.800000 0.800000
4804.093262 0.000000 2354.067139 0.000000 0.984761 0.000000 0.173914 0.800000 0.800000 0.800000
4804.183105 0.000000 2355.820801 0.000000 0.753964 0.000000 -0.656916 0.800000 0.800000 0.800000
4803.667480 0.000000 2359.368164 0.000000 0.726437 0.000000 0.687233 0.800000 0.800000 0.800000
4819.362793 0.000000 2360.532715 0.000000 0.333455 0.000000 0.942766 0.800000 0.800000 0.800000
4820.462891 0.000000 2365.276855 0.000000 0.246116 0.000000 -0.969240 0.800000 0.800000 0.800000
4825.429199 0.000000 2367.939209 0.000000 0.977525 0.000000 0.210821 0.800000 0.800000 0.800000
4800.011719 0.000000 2350.166016 0.000000 0.732632 0.000000 0.680625 0.800000 0.800000 0.800000
4817.285645 0.000000 2363.556396 0.000000 0.768122 0.000000 0.640303 0.800000 0.800000 0.800000
4808.372559 0.000000 2360.508789 0.000000 0.859159 0.000000 -0.511709 0.800000 0.800000 0.800000
4811.081543 0.000000 2354.150146 0.000000 0.976298 0.000000 0.216432 0.800000 0.800000 0.800000
4802.465332 0.000000 2358.346924 0.000000 0.981342 0.000000 0.192273 0.800000 0.800000 0.800000
4805.416504 0.000000 2359.920898 0.000000 0.960424 0.000000 0.278541 0.800000 0.800000 0.800000
4802.733887 0.000000 2361.056152 0.000000 0.131021 0.000000 -0.991380 0.800000 0.800000 0.800000
4806.694336 0.000000 2367.479492 0.000000 0.178772 0.000000 -0.983891 0.800000 0.800000 0.800000
4818.473633 0.000000 2367.398438 0.000000 0.972424 0.000000 -0.233219 0.800000 0.800000 0.800000
4801.424805 0.000000 2349.200684 0.000000 0.946507 0.000000 -0.322682 0.800000 0.800000 0.800000
4819.002441 0.000000 2365.975586 0.000000 0.661865 0.000000 -0.749623 0.800000 0.800000 0.800000
4811.695801 0.000000 2359.702881 0.000000 0.867801 0.000000 -0.496912 0.800000 0.800000 0.800000
4808.532227 0.000000 2376.712158 0.000000 0.985559 0.000000 -0.169330 0.800000 0.800000 0.800000
4821.494141 0.000000 2371.975830 0.000000 0.173178 0.000000 -0.984891 0.800000 0.800000 0.800000
4829.208008 0.000000 2374.763916 0.000000 0.759298 0.000000 0.650743 0.800000 0.800000 0.800000
4829.637695 0.000000 2381.300781 0.000000 0.982058 0.000000 0.188581 0.800000 0.800000 0.800000
4817.748535 0.000000 2368.283203 0.000000 0.724788 0.000000 -0.688972 0.800000 0.800000 0.800000
4810.786621 0.000000 2368.178955 0.000000 0.160410 0.000000 -0.987051 0.800000 0.800000 0.800000
4820.771973 0.000000 2376.209473 0.000000 0.932047 0.000000 0.362336 0.800000 0.800000 0.800000
4830.638184 0.000000 2386.081055 0.000000 0.962120 0.000000 0.272625 0.800000 0.800000 0.800000
4823.776855 0.000000 2368.716064 0.000000 0.096891 0.000000 -0.995295 0.800000 0.800000 0.800000
4829.834961 0.000000 2371.189209 0.000000 0.376803 0.000000 0.926293 0.800000 0.800000 0.800000
4826.444336 0.000000 2371.654053 0.000000 0.339296 0.000000 -0.940680 0.800000 0.800000 0.800000
4811.363281 0.000000 2375.163086 0.000000 0.951705 0.000000 0.307014 0.800000 0.800000 0.800000
4814.752441 0.000000 2368.863770 0.000000 0.766041 0.000000 0.642792 0.800000 0.800000 0.800000
4821.305664 0.000000 2391.923584 0.000000 0.385405 0.000000 0.922748 0.800000 0.800000 0.800000
4818.714355 0.000000 2370.874268 0.000000 0.381600 0.000000 -0.924328 0.800000 0.800000 0.800000
4826.228027 0.000000 2380.555420 0.000000 0.996565 0.000000 -0.082814 0.800000 0.800000 0.800000
4807.368652 0.000000 2373.585449 0.000000 0.035882 0.000000 0.999356 0.800000 0.800000 0.800000
4821.446777 0.000000 2378.620850 0.000000 0.755670 0.000000 0.654953 0.800000 0.800000 0.800000
4823.974609 0.000000 2391.988281 0.000000 0.934303 0.000000 0.356479 0.800000 0.800000 0.800000
4818.198730 0.000000 2376.187256 0.000000 0.926482 0.000000 -0.376338 0.800000 0.800000 0.800000
4814.810547 0.000000 2379.831299 0.000000 0.910823 0.000000 0.412798 0.800000 0.800000 0.800000
4822.485352 0.000000 2380.843750 0.000000 0.996196 0.000000 -0.087142 0.800000 0.800000 0.800000
4816.428711 0.000000 2370.484863 0.000000 0.270371 0.000000 0.962756 0.800000 0.800000 0.800000
4817.166992 0.000000 2393.831543 0.000000 0.994491 0.000000 -0.104818 0.800000 0.800000 0.800000
4831.139160 0.000000 2375.961670 0.000000 0.999332 0.000000 -0.036558 0.800000 0.800000 0.800000
4812.300293 0.000000 2373.050049 0.000000 0.422172 0.000000 0.906516 0.800000 0.800000 0.800000
4815.387695 0.000000 2373.666260 0.000000 0.997515 0.000000 -0.070448 0.800000 0.800000 0.800000
4826.989258 0.000000 2374.112061 0.000000 0.319390 0.000000 -0.947623 0.800000 0.800000 0.800000
4831.804688 0.000000 2391.430420 0.000000 0.400363 0.000000 -0.916357 0.800000 0.800000 0.800000
4831.486328 0.000000 2382.729736 0.000000 0.767515 0.000000 0.641031 0.800000 0.800000 0.800000
4814.213867 0.000000 2377.784424 0.000000 0.863693 0.000000 -0.504018 0.800000 0.800000 0.800000
4809.272949 0.000000 2374.693604 0.000000 0.460914 0.000000 0.887445 0.800000 0.800000 0.800000
4811.514160 0.000000 2377.306885 0.000000 0.100290 0.000000 -0.994958 0.800000 0.800000 0.800000
4820.604980 0.000000 2385.452393 0.000000 0.283370 0.000000 0.959011 0.800000 0.800000 0.800000
4820.404785 0.000000 2389.760742 0.000000 0.676943 0.000000 -0.736035 0.800000 0.800000 0.800000
4831.156738 0.000000 2388.075439 0.000000 0.735599 0.000000 0.677418 0.800000 0.800000 0.800000
4827.545410 0.000000 2376.090576 0.000000 0.273448 0.000000 0.961887 0.800000 0.800000 0.800000
4828.015625 0.000000 2370.344238 0.000000 0.413178 0.000000 -0.910650 0.800000 0.800000 0.800000
4828.344727 0.000000 2372.531250 0.000000 0.417484 0.000000 -0.908684 0.800000 0.800000 0.800000
4829.113770 0.000000 2379.523193 0.000000 0.747836 0.000000 0.663883 0.800000 0.800000 0.800000
4808.128906 0.000000 2371.728271 0.000000 0.198793 0.000000 -0.980042 0.800000 0.800000 0.800000
4821.761719 0.000000 2388.190674 0.000000 0.700547 0.000000 0.713606 0.800000 0.800000 0.800000
4813.515625 0.000000 2370.147461 0.000000 0.887503 0.000000 -0.460801 0.800000 0.800000 0.800000
4827.785645 0.000000 2381.631348 0.000000 0.768897 0.000000 -0.639373 0.800000 0.800000 0.800000
4816.537598 0.000000 2372.258057 0.000000 0.203235 0.000000 -0.979130 0.800000 0.800000 0.800000
4816.863281 0.000000 2391.367676 0.000000 0.995090 0.000000 0.098971 0.800000 0.800000 0.800000
4819.708496 0.000000 2372.376953 0.000000 0.279234 0.000000 -0.960223 0.800000 0.800000 0.800000
4809.937500 0.000000 2370.556641 0.000000 0.814885 0.000000 0.579623 0.800000 0.800000 0.800000
4829.178223 0.000000 2368.849121 0.000000 0.785547 0.000000 -0.618803 0.800000 0.800000 0.800000
4830.976074 0.000000 2384.349609 0.000000 0.999743 0.000000 0.022662 0.800000 0.800000 0.800000
4807.581543 0.000000 2375.327881 0.000000 0.198867 0.000000 -0.980027 0.800000 0.800000 0.800000
4820.375488 0.000000 2370.693115 0.000000 0.070808 0.000000 -0.997490 0.800000 0.800000 0.800000
4816.638672 0.000000 2374.836670 0.000000 0.407754 0.000000 0.913092 0.800000 0.800000 0.800000
4822.152832 0.000000 2368.035645 0.000000 0.301951 0.000000 -0.953324 0.800000 0.800000 0.800000
4821.941895 0.000000 2384.472168 0.000000 0.098414 0.000000 -0.995146 0.800000 0.800000 0.800000
4813.696777 0.000000 2374.164062 0.000000 0.335431 0.000000 -0.942065 0.800000 0.800000 0.800000
4825.583496 0.000000 2373.075439 0.000000 0.033459 0.000000 0.999440 0.800000 0.800000 0.800000
4813.047852 0.000000 2376.605469 0.000000 0.896730 0.000000 -0.442577 0.800000 0.800000 0.800000
4810.195801 0.000000 2376.319580 0.000000 0.222612 0.000000 -0.974907 0.800000 0.800000 0.800000
4830.265625 0.000000 2392.111328 0.000000 0.855395 0.000000 0.517977 0.800000 0.800000 0.800000
4818.771973 0.000000 2379.671143 0.000000 0.840404 0.000000 0.541960 0.800000 0.800000 0.800000
4809.268066 0.000000 2368.610107 0.000000 0.956704 0.000000 -0.291062 0.800000 0.800000 0.800000
4806.268555 0.000000 2372.503174 0.000000 0.971076 0.000000 0.238772 0.800000 0.800000 0.800000
4825.544434 0.000000 2368.103271 0.000000 0.694615 0.000000 0.719381 0.800000 0.800000 0.800000
4810.891602 0.000000 2373.670898 0.000000 0.870859 0.000000 -0.491533 0.800000 0.800000 0.800000
4816.136719 0.000000 2368.126709 0.000000 0.965203 0.000000 0.261500 0.800000 0.800000 0.800000
4821.873535 0.000000 2382.191895 0.000000 0.980629 0.000000 -0.195873 0.800000 0.800000 0.800000
4822.630859 0.000000 2392.743408 0.000000 0.071407 0.000000 -0.997447 0.800000 0.800000 0.800000
4832.987305 0.000000 2389.511475 0.000000 0.098328 0.000000 0.995154 0.800000 0.800000 0.800000
4832.356445 0.000000 2385.087646 0.000000 0.872133 0.000000 -0.489270 0.800000 0.800000 0.800000
4834.625977 0.000000 2387.021484 0.000000 0.174459 0.000000 -0.984664 0.800000 0.800000 0.800000
4832.958984 0.000000 2378.274658 0.000000 0.085282 0.000000 -0.996357 0.800000 0.800000 0.800000
4834.933105 0.000000 2384.728027 0.000000 0.402542 0.000000 0.915401 0.800000 0.800000 0.800000
4832.165527 0.000000 2387.417725 0.000000 0.999581 0.000000 0.028942 0.800000 0.800000 0.800000
4832.011719 0.000000 2382.166016 0.000000 0.590779 0.000000 -0.806833 0.800000 0.800000 0.800000
4833.570801 0.000000 2374.543213 0.000000 0.784170 0.000000 -0.620546 0.800000 0.800000 0.800000
4833.424805 0.000000 2381.200684 0.000000 0.510923 0.000000 0.859626 0.800000 0.800000 0.800000
4825.850586 0.000000 2418.422363 0.000000 0.626217 0.000000 0.779649 0.800000 0.800000 0.800000
4820.161621 0.000000 2430.979736 0.000000 0.801183 0.000000 0.598419 0.800000 0.800000 0.800000
4822.825195 0.000000 2426.234131 0.000000 0.972524 0.000000 -0.232802 0.800000 0.800000 0.800000
4830.231934 0.000000 2421.910645 0.000000 0.483939 0.000000 0.875102 0.800000 0.800000 0.800000
4822.946289 0.000000 2421.656006 0.000000 0.373691 0.000000 -0.927553 0.800000 0.800000 0.800000
4823.070312 0.000000 2415.147705 0.000000 0.922021 0.000000 0.387140 0.800000 0.800000 0.800000
4830.638184 0.000000 2418.081055 0.000000 0.433331 0.000000 0.901235 0.800000 0.800000 0.800000
4831.086914 0.000000 2425.549561 0.000000 0.956975 0.000000 -0.290170 0.800000 0.800000 0.800000
4821.305664 0.000000 2423.923584 0.000000 0.799435 0.000000 0.600753 0.800000 0.800000 0.800000
4825.373047 0.000000 2420.834229 0.000000 0.440210 0.000000 -0.897895 0.800000 0.800000 0.800000
4830.364258 0.000000 2427.971680 0.000000 0.771725 0.000000 -0.635957 0.800000 0.800000 0.800000
4828.687012 0.000000 2423.710449 0.000000 0.942957 0.000000 0.332916 0.800000 0.800000 0.800000
4831.804688 0.000000 2423.430420 0.000000 0.930572 0.000000 0.366110 0.800000 0.800000 0.800000
4820.404785 0.000000 2421.760742 0.000000 0.489551 0.000000 -0.871975 0.800000 0.800000 0.800000
4820.979980 0.000000 2427.617676 0.000000 0.715442 0.000000 -0.698672 0.800000 0.800000 0.800000
4831.156738 0.000000 2420.075439 0.000000 0.833862 0.000000 0.551973 0.800000 0.800000 0.800000
4824.048828 0.000000 2419.469727 0.000000 0.888407 0.000000 -0.459057 0.800000 0.800000 0.800000
4821.761719 0.000000 2420.190674 0.000000 0.461046 0.000000 0.887376 0.800000 0.800000 0.800000
4823.884277 0.000000 2427.793701 0.000000 0.468851 0.000000 -0.883277 0.800000 0.800000 0.800000
4821.188477 0.000000 2425.717773 0.000000 0.789094 0.000000 0.614272 0.800000 0.800000 0.800000
4820.462891 0.000000 2429.276855 0.000000 0.967036 0.000000 0.254639 0.800000 0.800000 0.800000
4828.635254 0.000000 2430.694336 0.000000 0.375054 0.000000 0.927003 0.800000 0.800000 0.800000
4824.854492 0.000000 2422.473877 0.000000 0.557116 0.000000 0.830435 0.800000 0.800000 0.800000
4830.265625 0.000000 2424.111328 0.000000 0.298273 0.000000 -0.954481 0.800000 0.800000 0.800000
4823.590820 0.000000 2430.342529 0.000000 0.055889 0.000000 -0.998437 0.800000 0.800000 0.800000
4816.834961 0.000000 2429.049316 0.000000 0.865292 0.000000 -0.501267 0.800000 0.800000 0.800000
4818.473633 0.000000 2431.398438 0.000000 0.973326 0.000000 0.229427 0.800000 0.800000 0.800000
4819.002441 0.000000 2429.975586 0.000000 0.540661 0.000000 -0.841241 0.800000 0.800000 0.800000
4831.500000 0.000000 2431.470215 0.000000 0.996362 0.000000 0.085222 0.800000 0.800000 0.800000
4822.630859 0.000000 2424.743408 0.000000 0.918141 0.000000 0.396254 0.800000 0.800000 0.800000
4832.050293 0.000000 2430.543213 0.000000 0.992406 0.000000 0.123007 0.800000 0.800000 0.800000
4832.467285 0.000000 2428.072998 0.000000 0.275558 0.000000 0.961285 0.800000 0.800000 0.800000
4832.139160 0.000000 2423.112305 0.000000 0.664170 0.000000 -0.747581 0.800000 0.800000 0.800000
4833.893555 0.000000 2430.636963 0.000000 0.680605 0.000000 0.732651 0.800000 0.800000 0.800000
4824.140625 0.000000 2442.975586 0.000000 0.531959 0.000000 -0.846770 0.902866 0.902866 0.902866
4828.322754 0.000000 2458.183594 0.000000 0.222805 0.000000 0.974863 0.800000 0.800000 0.800000
4818.604980 0.000000 2454.964844 0.000000 0.191262 0.000000 0.981539 0.800000 0.800000 0.800000
4820.161621 0.000000 2462.979736 0.000000 0.887405 0.000000 -0.460991 0.800000 0.800000 0.800000
4821.494141 0.000000 2435.975830 0.000000 0.227078 0.000000 0.973877 0.800000 0.800000 0.800000
4818.674805 0.000000 2448.570068 0.000000 0.759311 0.000000 0.650728 0.800000 0.800000 0.800000
4813.486816 0.000000 2452.908447 0.000000 0.833881 0.000000 0.551944 0.800000 0.800000 0.800000
4823.070312 0.000000 2447.147705 0.000000 0.825164 0.000000 0.564893 0.800000 0.800000 0.800000
4814.386230 0.000000 2439.658691 0.000000 0.692691 0.000000 -0.721234 0.800000 0.800000 0.800000
4814.251953 0.000000 2463.496094 0.000000 0.103226 0.000000 -0.994658 0.800000 0.800000 0.800000
4826.444336 0.000000 2435.654053 0.000000 0.694645 0.000000 -0.719353 0.800000 0.800000 0.800000
4819.479004 0.000000 2458.200928 0.000000 0.951584 0.000000 0.307389 0.800000 0.800000 0.800000
4809.041504 0.000000 2458.228760 0.000000 0.373553 0.000000 0.927609 0.800000 0.800000 0.800000
4820.718750 0.000000 2433.037598 0.000000 0.887781 0.000000 -0.460266 0.848719 0.848719 0.848719
4816.835938 0.000000 2452.439941 0.000000 0.811869 0.000000 -0.583839 0.800000 0.800000 0.800000
4805.181152 0.000000 2462.856445 0.000000 0.782806 0.000000 0.622266 0.800000 0.800000 0.800000
4817.125977 0.000000 2462.585938 0.000000 0.419544 0.000000 -0.907735 0.800000 0.800000 0.800000
4818.714355 0.000000 2434.874268 0.000000 0.858845 0.000000 0.512236 0.800000 0.800000 0.800000
4827.829590 0.000000 2460.882324 0.000000 0.720903 0.000000 -0.693036 0.800000 0.800000 0.800000
4812.705078 0.000000 2450.370605 0.000000 0.976406 0.000000 -0.215943 0.800000 0.800000 0.800000
4818.547852 0.000000 2460.525391 0.000000 0.653364 0.000000 0.757044 0.800000 0.800000 0.800000
4823.974609 0.000000 2455.988281 0.000000 0.423811 0.000000 -0.905751 0.800000 0.800000 0.800000
4825.373047 0.000000 2452.834229 0.000000 0.955342 0.000000 0.295502 0.800000 0.800000 0.800000
4823.161133 0.000000 2440.527832 0.000000 0.812157 0.000000 0.583439 0.800000 0.800000 0.800000
4817.465332 0.000000 2444.796875 0.000000 0.354831 0.000000 0.934931 0.800000 0.800000 0.800000
4814.810547 0.000000 2443.831299 0.000000 0.275150 0.000000 0.961401 0.800000 0.800000 0.800000
4813.875977 0.000000 2448.021484 0.000000 0.416148 0.000000 -0.909297 0.800000 0.800000 0.800000
4828.687012 0.000000 2455.710449 0.000000 0.161183 0.000000 -0.986924 0.800000 0.800000 0.800000
4831.132812 0.000000 2437.350342 0.000000 0.857590 0.000000 0.514334 0.800000 0.800000 0.800000
4819.970703 0.000000 2438.099609 0.000000 0.971835 0.000000 -0.235660 0.800000 0.800000 0.800000
4827.976074 0.000000 2449.555908 0.000000 0.998999 0.000000 0.044741 0.800000 0.800000 0.800000
4815.387695 0.000000 2437.666260 0.000000 0.172789 0.000000 -0.984959 0.800000 0.800000 0.800000
4809.921875 0.000000 2456.186279 0.000000 0.224521 0.000000 0.974469 0.800000 0.800000 0.800000
4816.561035 0.000000 2448.060791 0.000000 0.874800 0.000000 -0.484484 0.800000 0.800000 0.800000
4826.989258 0.000000 2438.112061 0.000000 0.863553 0.000000 0.504258 0.800000 0.800000 0.800000
4831.804688 0.000000 2455.430420 0.000000 0.088971 0.000000 -0.996034 0.800000 0.800000 0.800000
4824.831543 0.000000 2448.414062 0.000000 0.999177 0.000000 0.040562 0.800000 0.800000 0.800000
4815.287109 0.000000 2454.051514 0.000000 0.975335 0.000000 0.220728 0.800000 0.800000 0.800000
4814.213867 0.000000 2441.784424 0.000000 0.994816 0.000000 0.101688 0.800000 0.800000 0.800000
4817.991211 0.000000 2450.651855 0.000000 0.587745 0.000000 0.809046 0.800000 0.800000 0.800000
4826.053711 0.000000 2457.255127 0.000000 0.993085 0.000000 -0.117399 0.800000 0.800000 0.800000
4820.404785 0.000000 2453.760742 0.000000 0.824489 0.000000 -0.565879 0.800000 0.800000 0.800000
4822.239258 0.000000 2463.347656 0.000000 0.939356 0.000000 0.342943 0.800000 0.800000 0.800000
4820.979980 0.000000 2459.617676 0.000000 0.918374 0.000000 -0.395714 0.800000 0.800000 0.800000
4831.156738 0.000000 2452.075439 0.000000 0.070198 0.000000 0.997533 0.800000 0.800000 0.800000
4827.545410 0.000000 2440.090576 0.000000 0.992124 0.000000 0.125260 0.800000 0.800000 0.800000
4828.344727 0.000000 2436.531250 0.000000 0.621549 0.000000 -0.783376 0.800000 0.800000 0.800000
4824.985840 0.000000 2446.133301 0.000000 0.988493 0.000000 -0.151265 0.800000 0.800000 0.800000
4827.794434 0.000000 2453.787598 0.000000 0.168006 0.000000 0.985786 0.800000 0.800000 0.800000
4818.561035 0.000000 2446.499512 0.000000 0.973249 0.000000 0.229753 0.800000 0.800000 0.800000
4827.040039 0.000000 2463.215088 0.000000 0.170723 0.000000 -0.985319 0.800000 0.800000 0.800000
4816.224609 0.000000 2440.540039 0.000000 0.748151 0.000000 0.663528 0.800000 0.800000 0.800000
4814.784668 0.000000 2461.668213 0.000000 0.614500 0.000000 -0.788917 0.800000 0.800000 0.800000
4810.949219 0.000000 2463.362549 0.000000 0.574523 0.000000 -0.818489 0.800000 0.800000 0.800000
4829.113770 0.000000 2443.523193 0.000000 0.892147 0.000000 -0.451746 0.800000 0.800000 0.800000
4821.761719 0.000000 2452.190674 0.000000 0.205761 0.000000 -0.978602 0.800000 0.800000 0.800000
4804.581055 0.000000 2461.118164 0.000000 0.887062 0.000000 -0.461650 0.800000 0.800000 0.800000
4827.785645 0.000000 2445.631348 0.000000 0.922498 0.000000 0.386001 0.800000 0.800000 0.800000
4816.537598 0.000000 2436.258057 0.000000 0.158735 0.000000 -0.987321 0.800000 0.800000 0.800000
4816.863281 0.000000 2455.367676 0.000000 0.694352 0.000000 -0.719635 0.800000 0.800000 0.800000
4819.708496 0.000000 2436.376953 0.000000 0.974729 0.000000 -0.223389 0.800000 0.800000 0.800000
4829.178223 0.000000 2432.849121 0.000000 0.167791 0.000000 0.985823 0.800000 0.800000 0.800000
4821.188477 0.000000 2457.717773 0.000000 0.274383 0.000000 0.961621 0.800000 0.800000 0.800000
4819.362793 0.000000 2456.532715 0.000000 0.825905 0.000000 -0.563810 0.800000 0.800000 0.800000
4828.635254 0.000000 2462.694336 0.000000 0.560098 0.000000 0.828426 0.800000 0.800000 0.800000
4820.375488 0.000000 2434.693115 0.000000 0.963082 0.000000 0.269209 0.800000 0.800000 0.800000
4816.638672 0.000000 2438.836670 0.000000 0.272882 0.000000 0.962048 0.800000 0.800000 0.800000
4826.438965 0.000000 2448.730713 0.000000 0.645161 0.000000 0.764046 0.800000 0.800000 0.800000
4825.583496 0.000000 2437.075439 0.000000 0.494067 0.000000 0.869424 0.800000 0.800000 0.800000
4815.578613 0.000000 2458.102539 0.000000 0.955594 0.000000 0.294686 0.800000 0.800000 0.800000
4830.265625 0.000000 2456.111328 0.000000 0.822313 0.000000 -0.569035 0.800000 0.800000 0.800000
4815.964355 0.000000 2463.705811 0.000000 0.124468 0.000000 0.992224 0.800000 0.800000 0.800000
4826.728516 0.000000 2451.922852 0.000000 0.840092 0.000000 -0.542444 0.800000 0.800000 0.800000
4819.084473 0.000000 2433.335205 0.000000 0.982889 0.000000 -0.184196 0.800000 0.800000 0.800000
4817.285645 0.000000 2459.556396 0.000000 0.063997 0.000000 0.997950 0.800000 0.800000 0.800000
4823.590820 0.000000 2462.342529 0.000000 0.905663 0.000000 -0.423998 0.800000 0.800000 0.800000
4826.185547 0.000000 2460.829590 0.000000 0.504316 0.000000 0.863519 0.800000 0.800000 0.800000
4808.372559 0.000000 2456.508789 0.000000 0.999989 0.000000 -0.004758 0.800000 0.800000 0.800000
4824.203125 0.000000 2444.719482 0.000000 0.202568 0.000000 0.979268 0.800000 0.800000 0.800000
4824.145020 0.000000 2449.820312 0.000000 0.854721 0.000000 -0.519088 0.800000 0.800000 0.800000
4816.966309 0.000000 2446.535400 0.000000 0.147133 0.000000 0.989117 0.800000 0.800000 0.800000
4827.508301 0.000000 2456.722168 0.000000 0.999292 0.000000 0.037622 0.800000 0.800000 0.800000
4830.987305 0.000000 2434.009277 0.000000 0.605220 0.000000 0.796059 0.800000 0.800000 0.800000
4827.178223 0.000000 2459.461670 0.000000 0.953899 0.000000 0.300128 0.800000 0.800000 0.800000
4812.549805 0.000000 2448.835205 0.000000 0.552811 0.000000 -0.833306 0.800000 0.800000 0.800000
4816.136719 0.000000 2432.126709 0.000000 0.894042 0.000000 -0.447983 0.800000 0.800000 0.800000
4806.694336 0.000000 2463.479492 0.000000 0.996040 0.000000 0.088905 0.800000 0.800000 0.800000
4831.549805 0.000000 2461.235352 0.000000 0.507114 0.000000 -0.861879 0.800000 0.800000 0.800000
4819.002441 0.000000 2461.975586 0.000000 0.811045 0.000000 0.584984 0.800000 0.800000 0.800000
4822.630859 0.000000 2456.743408 0.000000 0.664765 0.000000 0.747053 0.800000 0.800000 0.800000
4832.183594 0.000000 2433.648682 0.000000 0.843353 0.000000 -0.537360 0.800000 0.800000 0.800000
4833.156250 0.000000 2436.733643 0.000000 0.996342 0.000000 0.085456 0.800000 0.800000 0.800000
4833.881836 0.000000 2455.758057 0.000000 0.237209 0.000000 0.971459 0.800000 0.800000 0.800000
4833.607910 0.000000 2434.885010 0.000000 0.391881 0.000000 -0.920016 0.800000 0.800000 0.800000
4832.139160 0.000000 2455.112305 0.000000 0.774837 0.000000 0.632161 0.800000 0.800000 0.800000
4832.008301 0.000000 2435.433350 0.000000 0.321561 0.000000 0.946889 0.800000 0.800000 0.800000
4832.384766 0.000000 2432.030273 0.000000 0.822552 0.000000 -0.568689 0.800000 0.800000 0.800000
4827.528809 0.000000 2464.375977 0.000000 0.214770 0.000000 -0.976665 0.800000 0.800000 0.800000
4805.689453 0.000000 2464.395264 0.000000 0.960354 0.000000 -0.278784 0.800000 0.800000 0.800000
4821.494141 0.000000 2467.975830 0.000000 0.248195 0.000000 0.968710 0.800000 0.800000 0.800000
4817.761719 0.000000 2469.575195 0.000000 0.509155 0.000000 -0.860675 0.800000 0.800000 0.800000
4814.386230 0.000000 2471.658691 0.000000 0.998984 0.000000 -0.045061 0.800000 0.800000 0.800000
4823.776855 0.000000 2464.716064 0.000000 0.105192 0.000000 -0.994452 0.800000 0.800000 0.800000
4829.834961 0.000000 2467.189209 0.000000 0.822575 0.000000 -0.568656 0.800000 0.800000 0.800000
4811.363281 0.000000 2471.163086 0.000000 0.309474 0.000000 -0.950908 0.800000 0.800000 0.800000
4808.295410 0.000000 2465.879395 0.000000 0.284323 0.000000 -0.958728 0.800000 0.800000 0.800000
4812.300293 0.000000 2469.050049 0.000000 0.629534 0.000000 -0.776973 0.800000 0.800000 0.800000
4815.387695 0.000000 2469.666260 0.000000 0.998606 0.000000 0.052776 0.800000 0.800000 0.800000
4828.015625 0.000000 2466.344238 0.000000 0.384090 0.000000 -0.923295 0.800000 0.800000 0.800000
4807.702148 0.000000 2464.050537 0.000000 0.982812 0.000000 -0.184610 0.800000 0.800000 0.800000
4823.844727 0.000000 2469.177002 0.000000 0.911417 0.000000 -0.411483 0.800000 0.800000 0.800000
4816.537598 0.000000 2468.258057 0.000000 0.314418 0.000000 0.949284 0.800000 0.800000 0.800000
4829.178223 0.000000 2464.849121 0.000000 0.797334 0.000000 0.603539 0.800000 0.800000 0.800000
4820.375488 0.000000 2466.693115 0.000000 0.811870 0.000000 -0.583838 0.800000 0.800000 0.800000
4816.638672 0.000000 2470.836670 0.000000 0.369891 0.000000 0.929075 0.800000 0.800000 0.800000
4822.152832 0.000000 2464.035645 0.000000 0.970045 0.000000 0.242927 0.800000 0.800000 0.800000
4825.583496 0.000000 2469.075439 0.000000 0.685653 0.000000 -0.727929 0.800000 0.800000 0.800000
4819.084473 0.000000 2465.335205 0.000000 0.004057 0.000000 0.999992 0.800000 0.800000 0.800000
4804.938477 0.000000 2465.883301 0.000000 0.696935 0.000000 0.717134 0.800000 0.800000 0.800000
4809.268066 0.000000 2464.610107 0.000000 0.615666 0.000000 0.788007 0.800000 0.800000 0.800000
4810.891602 0.000000 2469.670898 0.000000 0.202299 0.000000 0.979324 0.800000 0.800000 0.800000
4816.136719 0.000000 2464.126709 0.000000 0.948322 0.000000 -0.317311 0.800000 0.800000 0.800000
4806.830566 0.000000 2465.407471 0.000000 0.199502 0.000000 0.979897 0.800000 0.800000 0.800000
4778.484375 0.000000 2525.530273 0.000000 0.693756 0.000000 -0.720210 0.800000 0.800000 0.800000
4772.083496 0.000000 2510.666748 0.000000 0.013894 0.000000 -0.999904 0.800000 0.800000 0.800000
4783.659668 0.000000 2523.973877 0.000000 0.484744 0.000000 0.874656 0.800000 0.800000 0.800000
4779.836914 0.000000 2521.214111 0.000000 0.626681 0.000000 0.779276 0.800000 0.800000 0.800000
4774.714355 0.000000 2524.230957 0.000000 0.261768 0.000000 0.965131 0.800000 0.800000 0.800000
4777.813965 0.000000 2515.114990 0.000000 0.557267 0.000000 0.830333 0.800000 0.800000 0.800000
4783.351562 0.000000 2520.339844 0.000000 0.864942 0.000000 0.501871 0.800000 0.800000 0.800000
4775.792480 0.000000 2512.479248 0.000000 0.254364 0.000000 0.967108 0.800000 0.800000 0.800000
4777.041504 0.000000 2522.228760 0.000000 0.063548 0.000000 -0.997979 0.800000 0.800000 0.800000
4773.181152 0.000000 2526.856445 0.000000 0.499252 0.000000 0.866457 0.800000 0.800000 0.800000
4785.125977 0.000000 2526.585938 0.000000 0.303620 0.000000 0.952793 0.800000 0.800000 0.800000
4779.033691 0.000000 2518.317383 0.000000 0.295918 0.000000 0.955213 0.800000 0.800000 0.800000
4774.820312 0.000000 2520.960938 0.000000 0.865393 0.000000 0.501093 0.800000 0.800000 0.800000
4775.521973 0.000000 2516.382812 0.000000 0.587756 0.000000 0.809039 0.800000 0.800000 0.800000
4785.166992 0.000000 2521.831543 0.000000 0.611528 0.000000 -0.791223 0.800000 0.800000 0.800000
4773.313965 0.000000 2512.662354 0.000000 0.709676 0.000000 0.704528 0.800000 0.800000 0.800000
4777.921875 0.000000 2520.186279 0.000000 0.809502 0.000000 0.587117 0.800000 0.800000 0.800000
4777.479492 0.000000 2510.981445 0.000000 0.905524 0.000000 0.424295 0.800000 0.800000 0.800000
4783.287109 0.000000 2518.051514 0.000000 0.999288 0.000000 0.037719 0.800000 0.800000 0.800000
4780.532715 0.000000 2526.151123 0.000000 0.982110 0.000000 -0.188306 0.800000 0.800000 0.800000
4774.105957 0.000000 2518.550537 0.000000 0.788688 0.000000 0.614794 0.800000 0.800000 0.800000
4778.937500 0.000000 2523.137207 0.000000 0.986207 0.000000 -0.165515 0.800000 0.800000 0.800000
4777.966797 0.000000 2513.065430 0.000000 0.999951 0.000000 0.009932 0.800000 0.800000 0.800000
4777.355957 0.000000 2517.099121 0.000000 0.316919 0.000000 0.948452 0.800000 0.800000 0.800000
4782.784668 0.000000 2525.668213 0.000000 0.478361 0.000000 0.878163 0.800000 0.800000 0.800000
4776.032227 0.000000 2514.350830 0.000000 0.999874 0.000000 -0.015855 0.800000 0.800000 0.800000
4772.581055 0.000000 2525.118164 0.000000 0.958252 0.000000 0.285924 0.800000 0.800000 0.800000
4784.863281 0.000000 2519.367676 0.000000 0.980900 0.000000 0.194512 0.800000 0.800000 0.800000
4774.020020 0.000000 2522.623779 0.000000 0.752761 0.000000 0.658293 0.800000 0.800000 0.800000
4774.806641 0.000000 2525.964111 0.000000 0.999430 0.000000 -0.033758 0.800000 0.800000 0.800000
4787.362793 0.000000 2520.532715 0.000000 0.739593 0.000000 -0.673055 0.800000 0.800000 0.800000
4783.578613 0.000000 2522.102539 0.000000 0.016111 0.000000 -0.999870 0.800000 0.800000 0.800000
4774.640625 0.000000 2513.559326 0.000000 0.029790 0.000000 -0.999556 0.800000 0.800000 0.800000
4785.285645 0.000000 2523.556396 0.000000 0.130227 0.000000 -0.991484 0.800000 0.800000 0.800000
4776.372559 0.000000 2520.508789 0.000000 0.751276 0.000000 -0.659988 0.800000 0.800000 0.800000
4779.081543 0.000000 2514.150146 0.000000 0.110738 0.000000 -0.993850 0.800000 0.800000 0.800000
4784.834961 0.000000 2525.049316 0.000000 0.227538 0.000000 0.973769 0.800000 0.800000 0.800000
4774.694336 0.000000 2527.479492 0.000000 0.892856 0.000000 0.450343 0.800000 0.800000 0.800000
4786.473633 0.000000 2527.398438 0.000000 0.597293 0.000000 0.802023 0.800000 0.800000 0.800000
4787.002441 0.000000 2525.975586 0.000000 0.287714 0.000000 0.957716 0.800000 0.800000 0.800000
4775.569336 0.000000 2522.779785 0.000000 0.957829 0.000000 -0.287338 0.800000 0.800000 0.800000
4779.695801 0.000000 2519.702881 0.000000 0.810559 0.000000 0.585657 0.800000 0.800000 0.800000
4767.086914 0.000000 2553.549561 0.000000 0.190273 0.000000 -0.981731 0.800000 0.800000 0.800000
4766.364258 0.000000 2555.971680 0.000000 0.248088 0.000000 -0.968738 0.800000 0.800000 0.800000
4767.804688 0.000000 2551.430420 0.000000 0.999763 0.000000 -0.021752 0.800000 0.800000 0.800000
4767.156738 0.000000 2548.075439 0.000000 0.844372 0.000000 -0.535757 0.800000 0.800000 0.800000
4766.265625 0.000000 2552.111328 0.000000 0.618178 0.000000 -0.786038 0.800000 0.800000 0.800000
4767.549805 0.000000 2557.235352 0.000000 0.939207 0.000000 -0.343350 0.800000 0.800000 0.800000
4773.689453 0.000000 2528.395264 0.000000 0.887963 0.000000 -0.459915 0.800000 0.800000 0.800000
4788.161621 0.000000 2558.979736 0.000000 0.034580 0.000000 -0.999402 0.800000 0.800000 0.800000
4785.748535 0.000000 2528.283203 0.000000 0.942337 0.000000 0.334664 0.800000 0.800000 0.800000
4772.280762 0.000000 2552.940430 0.000000 0.977825 0.000000 -0.209423 0.800000 0.800000 0.800000
4779.836914 0.000000 2553.214111 0.000000 0.991436 0.000000 0.130595 0.800000 0.800000 0.800000
4788.771973 0.000000 2536.209473 0.000000 0.686019 0.000000 -0.727583 0.800000 0.800000 0.800000
4776.103516 0.000000 2541.298096 0.000000 0.995195 0.000000 -0.097908 0.800000 0.800000 0.800000
4768.250000 0.000000 2553.564697 0.000000 0.244708 0.000000 0.969597 0.800000 0.800000 0.800000
4785.761719 0.000000 2533.575195 0.000000 0.930763 0.000000 0.365622 0.800000 0.800000 0.800000
4787.964844 0.000000 2540.795898 0.000000 0.965363 0.000000 0.260910 0.800000 0.800000 0.800000
4777.813965 0.000000 2547.114990 0.000000 0.410053 0.000000 0.912062 0.800000 0.800000 0.800000
4783.359863 0.000000 2545.909424 0.000000 0.275707 0.000000 -0.961242 0.800000 0.800000 0.800000
4783.351562 0.000000 2552.339844 0.000000 0.721620 0.000000 0.692289 0.800000 0.800000 0.800000
4775.792480 0.000000 2544.479248 0.000000 0.534068 0.000000 0.845442 0.800000 0.800000 0.800000
4790.609375 0.000000 2546.199951 0.000000 0.705239 0.000000 0.708970 0.800000 0.800000 0.800000
4785.125977 0.000000 2558.585938 0.000000 0.859130 0.000000 0.511758 0.800000 0.800000 0.800000
4776.185059 0.000000 2559.080078 0.000000 0.669900 0.000000 0.742451 0.800000 0.800000 0.800000
4780.854004 0.000000 2555.902832 0.000000 0.721429 0.000000 -0.692488 0.800000 0.800000 0.800000
4786.714355 0.000000 2530.874268 0.000000 0.607195 0.000000 -0.794553 0.800000 0.800000 0.800000
4780.705078 0.000000 2546.370605 0.000000 0.900260 0.000000 -0.435354 0.800000 0.800000 0.800000
4789.446777 0.000000 2538.620850 0.000000 0.982814 0.000000 0.184596 0.800000 0.800000 0.800000
4774.830566 0.000000 2538.974365 0.000000 0.999224 0.000000 0.039386 0.800000 0.800000 0.800000
4777.937012 0.000000 2538.743164 0.000000 0.874668 0.000000 0.484722 0.800000 0.800000 0.800000
4786.198730 0.000000 2536.187256 0.000000 0.831949 0.000000 -0.554852 0.800000 0.800000 0.800000
4768.467285 0.000000 2556.072998 0.000000 0.692441 0.000000 0.721475 0.800000 0.800000 0.800000
4793.373047 0.000000 2548.834229 0.000000 0.503749 0.000000 -0.863850 0.800000 0.800000 0.800000
4774.820312 0.000000 2552.960938 0.000000 0.502469 0.000000 -0.864595 0.800000 0.800000 0.800000
4769.881836 0.000000 2551.758057 0.000000 0.745297 0.000000 -0.666732 0.800000 0.800000 0.800000
4772.362793 0.000000 2555.354004 0.000000 0.879599 0.000000 0.475716 0.800000 0.800000 0.800000
4781.875977 0.000000 2544.021484 0.000000 0.763774 0.000000 -0.645484 0.800000 0.800000 0.800000
4790.485352 0.000000 2540.843750 0.000000 0.482339 0.000000 -0.875985 0.800000 0.800000 0.800000
4788.653320 0.000000 2543.089111 0.000000 0.707385 0.000000 -0.706828 0.800000 0.800000 0.800000
4781.204590 0.000000 2551.266357 0.000000 0.716594 0.000000 -0.697490 0.800000 0.800000 0.800000
4780.300293 0.000000 2533.050049 0.000000 0.703092 0.000000 -0.711099 0.800000 0.800000 0.800000
4770.246094 0.000000 2554.551270 0.000000 0.878028 0.000000 0.478610 0.800000 0.800000 0.800000
4787.187500 0.000000 2538.143555 0.000000 0.617875 0.000000 0.786276 0.800000 0.800000 0.800000
4795.976074 0.000000 2545.555908 0.000000 0.990889 0.000000 -0.134678 0.800000 0.800000 0.800000
4777.921875 0.000000 2552.186279 0.000000 0.993772 0.000000 -0.111429 0.800000 0.800000 0.800000
4774.273438 0.000000 2542.596924 0.000000 0.233313 0.000000 -0.972402 0.800000 0.800000 0.800000
4781.964355 0.000000 2554.016846 0.000000 0.750522 0.000000 -0.660846 0.800000 0.800000 0.800000
4777.479492 0.000000 2542.981445 0.000000 0.483610 0.000000 -0.875283 0.800000 0.800000 0.800000
4783.287109 0.000000 2550.051514 0.000000 0.386206 0.000000 -0.922413 0.800000 0.800000 0.800000
4780.532715 0.000000 2558.151123 0.000000 0.778642 0.000000 0.627469 0.800000 0.800000 0.800000
4779.514160 0.000000 2537.306885 0.000000 0.502333 0.000000 -0.864674 0.800000 0.800000 0.800000
4794.053711 0.000000 2553.255127 0.000000 0.322686 0.000000 -0.946506 0.800000 0.800000 0.800000
4774.105957 0.000000 2550.550537 0.000000 0.133741 0.000000 -0.991016 0.800000 0.800000 0.800000
4778.937500 0.000000 2555.137207 0.000000 0.752162 0.000000 -0.658979 0.800000 0.800000 0.800000
4795.794434 0.000000 2549.787598 0.000000 0.980250 0.000000 -0.197764 0.800000 0.800000 0.800000
4784.224609 0.000000 2536.540039 0.000000 0.197612 0.000000 0.980280 0.800000 0.800000 0.800000
4779.396973 0.000000 2548.324707 0.000000 0.531187 0.000000 0.847255 0.800000 0.800000 0.800000
4780.803223 0.000000 2528.067871 0.000000 0.524172 0.000000 0.851612 0.800000 0.800000 0.800000
4776.626953 0.000000 2556.834717 0.000000 0.218125 0.000000 -0.975921 0.800000 0.800000 0.800000
4777.355957 0.000000 2549.099121 0.000000 0.921143 0.000000 -0.389224 0.800000 0.800000 0.800000
4782.784668 0.000000 2557.668213 0.000000 0.988929 0.000000 0.148390 0.800000 0.800000 0.800000
4778.949219 0.000000 2559.362549 0.000000 0.778459 0.000000 -0.627695 0.800000 0.800000 0.800000
4776.032227 0.000000 2546.350830 0.000000 0.988477 0.000000 -0.151374 0.800000 0.800000 0.800000
4776.128906 0.000000 2531.728271 0.000000 0.685743 0.000000 -0.727844 0.800000 0.800000 0.800000
4783.044922 0.000000 2547.861572 0.000000 0.459136 0.000000 -0.888366 0.800000 0.800000 0.800000
4768.139160 0.000000 2551.112305 0.000000 0.993372 0.000000 0.114948 0.800000 0.800000 0.800000
4786.603516 0.000000 2549.108643 0.000000 0.438240 0.000000 0.898858 0.800000 0.800000 0.800000
4781.515625 0.000000 2530.147461 0.000000 0.924218 0.000000 -0.381865 0.800000 0.800000 0.800000
4784.537598 0.000000 2532.258057 0.000000 0.999998 0.000000 -0.001979 0.800000 0.800000 0.800000
4784.863281 0.000000 2551.367676 0.000000 0.064780 0.000000 -0.997900 0.800000 0.800000 0.800000
4787.708496 0.000000 2532.376953 0.000000 0.819124 0.000000 0.573616 0.800000 0.800000 0.800000
4777.937500 0.000000 2530.556641 0.000000 0.910607 0.000000 -0.413274 0.800000 0.800000 0.800000
4792.453613 0.000000 2553.787109 0.000000 0.463046 0.000000 0.886334 0.800000 0.800000 0.800000
4771.667480 0.000000 2551.368164 0.000000 0.841979 0.000000 -0.539510 0.800000 0.800000 0.800000
4787.362793 0.000000 2552.532715 0.000000 0.786639 0.000000 0.617413 0.800000 0.800000 0.800000
4788.462891 0.000000 2557.276855 0.000000 0.998268 0.000000 -0.058835 0.800000 0.800000 0.800000
4776.430176 0.000000 2539.637451 0.000000 0.711698 0.000000 -0.702485 0.800000 0.800000 0.800000
4784.638672 0.000000 2534.836670 0.000000 0.352476 0.000000 0.935821 0.800000 0.800000 0.800000
4794.438965 0.000000 2544.730713 0.000000 0.933799 0.000000 -0.357799 0.800000 0.800000 0.800000
4781.696777 0.000000 2534.164062 0.000000 0.423454 0.000000 0.905918 0.800000 0.800000 0.800000
4792.854492 0.000000 2550.473877 0.000000 0.653131 0.000000 -0.757245 0.800000 0.800000 0.800000
4781.047852 0.000000 2536.605469 0.000000 0.958782 0.000000 -0.284142 0.800000 0.800000 0.800000
4778.195801 0.000000 2536.319580 0.000000 0.233046 0.000000 0.972466 0.800000 0.800000 0.800000
4783.964355 0.000000 2559.705811 0.000000 0.233648 0.000000 0.972321 0.800000 0.800000 0.800000
4794.728516 0.000000 2547.922852 0.000000 0.141103 0.000000 -0.989995 0.800000 0.800000 0.800000
4774.640625 0.000000 2545.559326 0.000000 0.987582 0.000000 0.157107 0.800000 0.800000 0.800000
4787.084473 0.000000 2529.335205 0.000000 0.999031 0.000000 0.044016 0.800000 0.800000 0.800000
4786.771973 0.000000 2539.671143 0.000000 0.421725 0.000000 0.906724 0.800000 0.800000 0.800000
4774.650879 0.000000 2540.563477 0.000000 0.370766 0.000000 -0.928726 0.800000 0.800000 0.800000
4785.285645 0.000000 2555.556396 0.000000 0.212392 0.000000 0.977185 0.800000 0.800000 0.800000
4772.938477 0.000000 2529.883301 0.000000 0.999803 0.000000 0.019849 0.800000 0.800000 0.800000
4777.268066 0.000000 2528.610107 0.000000 0.394279 0.000000 -0.918991 0.800000 0.800000 0.800000
4776.372559 0.000000 2552.508789 0.000000 0.912009 0.000000 -0.410170 0.800000 0.800000 0.800000
4795.508301 0.000000 2552.722168 0.000000 0.260349 0.000000 0.965515 0.800000 0.800000 0.800000
4779.081543 0.000000 2546.150146 0.000000 0.455674 0.000000 0.890147 0.800000 0.800000 0.800000
4784.834961 0.000000 2557.049316 0.000000 0.174487 0.000000 0.984659 0.800000 0.800000 0.800000
4770.465332 0.000000 2550.346924 0.000000 0.955517 0.000000 -0.294935 0.800000 0.800000 0.800000
4780.549805 0.000000 2544.835205 0.000000 0.220205 0.000000 -0.975454 0.800000 0.800000 0.800000
4773.416504 0.000000 2551.920898 0.000000 0.850525 0.000000 0.525934 0.800000 0.800000 0.800000
4770.733887 0.000000 2553.056152 0.000000 0.999812 0.000000 0.019388 0.800000 0.800000 0.800000
4778.891602 0.000000 2533.670898 0.000000 0.946800 0.000000 -0.321823 0.800000 0.800000 0.800000
4784.136719 0.000000 2528.126709 0.000000 0.798163 0.000000 0.602441 0.800000 0.800000 0.800000
4786.473633 0.000000 2559.398438 0.000000 0.898467 0.000000 0.439041 0.800000 0.800000 0.800000
4787.002441 0.000000 2557.975586 0.000000 0.746202 0.000000 0.665719 0.800000 0.800000 0.800000
4799.500000 0.000000 2559.470215 0.000000 0.421733 0.000000 0.906720 0.800000 0.800000 0.800000
4779.695801 0.000000 2551.702881 0.000000 0.688444 0.000000 0.725290 0.800000 0.800000 0.800000
4789.873535 0.000000 2542.191895 0.000000 0.183714 0.000000 0.982980 0.800000 0.800000 0.800000
4778.484375 0.000000 2589.530273 0.000000 0.820543 0.000000 -0.571584 0.800000 0.800000 0.800000
4796.322754 0.000000 2586.183594 0.000000 0.617785 0.000000 0.786347 0.800000 0.800000 0.800000
4770.780762 0.000000 2589.285156 0.000000 0.428896 0.000000 -0.903354 0.800000 0.800000 0.800000
4786.674805 0.000000 2576.570068 0.000000 0.282501 0.000000 -0.959267 0.800000 0.800000 0.800000
4797.637695 0.000000 2573.300781 0.000000 0.735020 0.000000 -0.678045 0.800000 0.800000 0.800000
4781.486816 0.000000 2580.908447 0.000000 0.121985 0.000000 0.992532 0.800000 0.800000 0.800000
4783.659668 0.000000 2587.973877 0.000000 0.074574 0.000000 0.997215 0.800000 0.800000 0.800000
4778.786621 0.000000 2560.178955 0.000000 0.126094 0.000000 -0.992018 0.800000 0.800000 0.800000
4798.278320 0.000000 2590.367676 0.000000 0.424388 0.000000 -0.905480 0.800000 0.800000 0.800000
4772.280762 0.000000 2584.940430 0.000000 0.415135 0.000000 -0.909760 0.800000 0.800000 0.800000
4783.467285 0.000000 2574.134033 0.000000 0.264634 0.000000 -0.964349 0.800000 0.800000 0.800000
4782.386230 0.000000 2567.658691 0.000000 0.029644 0.000000 0.999561 0.800000 0.800000 0.800000
4798.638184 0.000000 2578.081055 0.000000 0.118565 0.000000 -0.992946 0.800000 0.800000 0.800000
4777.813965 0.000000 2579.114990 0.000000 0.815369 0.000000 0.578942 0.800000 0.800000 0.800000
4794.338867 0.000000 2583.165771 0.000000 0.924276 0.000000 -0.381726 0.800000 0.800000 0.800000
4783.359863 0.000000 2577.909424 0.000000 0.815536 0.000000 0.578707 0.800000 0.800000 0.800000
4783.351562 0.000000 2584.339844 0.000000 0.880929 0.000000 0.473249 0.800000 0.800000 0.800000
4794.444336 0.000000 2563.654053 0.000000 0.906662 0.000000 0.421858 0.800000 0.800000 0.800000
4787.926758 0.000000 2579.724854 0.000000 0.160033 0.000000 0.987112 0.800000 0.800000 0.800000
4794.762207 0.000000 2575.115967 0.000000 0.662595 0.000000 0.748978 0.800000 0.800000 0.800000
4779.363281 0.000000 2567.163086 0.000000 0.456495 0.000000 -0.889726 0.800000 0.800000 0.800000
4790.609375 0.000000 2578.199951 0.000000 0.731729 0.000000 -0.681595 0.800000 0.800000 0.800000
4782.752441 0.000000 2560.863770 0.000000 0.139004 0.000000 -0.990292 0.800000 0.800000 0.800000
4776.295410 0.000000 2561.879395 0.000000 0.253926 0.000000 0.967224 0.800000 0.800000 0.800000
4799.086914 0.000000 2585.549561 0.000000 0.840732 0.000000 0.541451 0.800000 0.800000 0.800000
4773.181152 0.000000 2590.856445 0.000000 0.391485 0.000000 -0.920185 0.800000 0.800000 0.800000
4796.349609 0.000000 2579.803467 0.000000 0.296051 0.000000 0.955172 0.800000 0.800000 0.800000
4798.826660 0.000000 2560.403076 0.000000 0.953979 0.000000 0.299872 0.800000 0.800000 0.800000
4780.854004 0.000000 2587.902832 0.000000 0.717433 0.000000 -0.696628 0.800000 0.800000 0.800000
4779.033691 0.000000 2582.317383 0.000000 0.536998 0.000000 0.843583 0.800000 0.800000 0.800000
4789.305664 0.000000 2583.923584 0.000000 0.361901 0.000000 -0.932217 0.800000 0.800000 0.800000
4786.714355 0.000000 2562.874268 0.000000 0.168753 0.000000 -0.985658 0.800000 0.800000 0.800000
4795.829590 0.000000 2588.882324 0.000000 0.846151 0.000000 0.532943 0.800000 0.800000 0.800000
4779.740234 0.000000 2562.653809 0.000000 0.446850 0.000000 0.894609 0.800000 0.800000 0.800000
4770.786621 0.000000 2591.978516 0.000000 0.586895 0.000000 -0.809663 0.800000 0.800000 0.800000
4794.228027 0.000000 2572.555420 0.000000 0.893895 0.000000 -0.448276 0.800000 0.800000 0.800000
4780.705078 0.000000 2578.370605 0.000000 0.932369 0.000000 0.361508 0.800000 0.800000 0.800000
4797.393555 0.000000 2575.808350 0.000000 0.998035 0.000000 0.062654 0.800000 0.800000 0.800000
4786.198730 0.000000 2568.187256 0.000000 0.999784 0.000000 -0.020778 0.800000 0.800000 0.800000
4793.373047 0.000000 2580.834229 0.000000 0.953716 0.000000 0.300710 0.800000 0.800000 0.800000
4774.820312 0.000000 2584.960938 0.000000 0.302124 0.000000 -0.953269 0.800000 0.800000 0.800000
4772.362793 0.000000 2587.354004 0.000000 0.093834 0.000000 -0.995588 0.800000 0.800000 0.800000
4782.810547 0.000000 2571.831299 0.000000 0.909385 0.000000 -0.415955 0.800000 0.800000 0.800000
4798.364258 0.000000 2587.971680 0.000000 0.805947 0.000000 -0.591988 0.800000 0.800000 0.800000
4784.428711 0.000000 2562.484863 0.000000 0.048076 0.000000 0.998844 0.800000 0.800000 0.800000
4781.204590 0.000000 2583.266357 0.000000 0.543614 0.000000 0.839335 0.800000 0.800000 0.800000
4775.521973 0.000000 2580.382812 0.000000 0.164668 0.000000 0.986349 0.800000 0.800000 0.800000
4799.132812 0.000000 2565.350342 0.000000 0.314461 0.000000 0.949271 0.800000 0.800000 0.800000
4787.970703 0.000000 2566.099609 0.000000 0.585270 0.000000 0.810839 0.800000 0.800000 0.800000
4770.246094 0.000000 2586.551270 0.000000 0.999502 0.000000 0.031559 0.800000 0.800000 0.800000
4787.187500 0.000000 2570.143555 0.000000 0.822293 0.000000 0.569064 0.800000 0.800000 0.800000
4795.976074 0.000000 2577.555908 0.000000 0.720288 0.000000 0.693676 0.800000 0.800000 0.800000
4783.387695 0.000000 2565.666260 0.000000 0.967085 0.000000 0.254454 0.800000 0.800000 0.800000
4784.561035 0.000000 2576.060791 0.000000 0.824205 0.000000 -0.566292 0.800000 0.800000 0.800000
4794.989258 0.000000 2566.112061 0.000000 0.997416 0.000000 0.071846 0.800000 0.800000 0.800000
4781.964355 0.000000 2586.016846 0.000000 0.398523 0.000000 -0.917158 0.800000 0.800000 0.800000
4799.804688 0.000000 2583.430420 0.000000 0.344088 0.000000 0.938937 0.800000 0.800000 0.800000
4799.486328 0.000000 2574.729736 0.000000 0.991507 0.000000 -0.130052 0.800000 0.800000 0.800000
4783.287109 0.000000 2582.051514 0.000000 0.780070 0.000000 -0.625692 0.800000 0.800000 0.800000
4785.991211 0.000000 2578.651855 0.000000 0.461805 0.000000 -0.886981 0.800000 0.800000 0.800000
4780.532715 0.000000 2590.151123 0.000000 0.056461 0.000000 0.998405 0.800000 0.800000 0.800000
4779.514160 0.000000 2569.306885 0.000000 0.992374 0.000000 -0.123267 0.800000 0.800000 0.800000
4774.105957 0.000000 2582.550537 0.000000 0.998201 0.000000 -0.059958 0.800000 0.800000 0.800000
4788.404785 0.000000 2581.760742 0.000000 0.914970 0.000000 0.403521 0.800000 0.800000 0.800000
4778.937500 0.000000 2587.137207 0.000000 0.971016 0.000000 -0.239014 0.800000 0.800000 0.800000
4795.545410 0.000000 2568.090576 0.000000 0.259775 0.000000 0.965669 0.800000 0.800000 0.800000
4796.015625 0.000000 2562.344238 0.000000 0.281813 0.000000 0.959469 0.800000 0.800000 0.800000
4796.344727 0.000000 2564.531250 0.000000 0.450285 0.000000 -0.892885 0.800000 0.800000 0.800000
4792.985840 0.000000 2574.133301 0.000000 0.778347 0.000000 -0.627834 0.800000 0.800000 0.800000
4795.040039 0.000000 2591.215088 0.000000 0.927027 0.000000 -0.374994 0.800000 0.800000 0.800000
4784.224609 0.000000 2568.540039 0.000000 0.901933 0.000000 -0.431876 0.800000 0.800000 0.800000
4777.966797 0.000000 2577.065430 0.000000 0.836462 0.000000 0.548024 0.800000 0.800000 0.800000
4780.803223 0.000000 2560.067871 0.000000 0.688636 0.000000 -0.725108 0.800000 0.800000 0.800000
4777.355957 0.000000 2581.099121 0.000000 0.138168 0.000000 -0.990409 0.800000 0.800000 0.800000
4792.048828 0.000000 2579.469727 0.000000 0.671728 0.000000 0.740797 0.800000 0.800000 0.800000
4778.949219 0.000000 2591.362549 0.000000 0.999284 0.000000 -0.037826 0.800000 0.800000 0.800000
4776.032227 0.000000 2578.350830 0.000000 0.006832 0.000000 -0.999977 0.800000 0.800000 0.800000
4797.257812 0.000000 2569.212891 0.000000 0.054988 0.000000 0.998487 0.800000 0.800000 0.800000
4797.113770 0.000000 2571.523193 0.000000 0.877815 0.000000 0.479000 0.800000 0.800000 0.800000
4799.681152 0.000000 2563.447510 0.000000 0.177560 0.000000 0.984110 0.800000 0.800000 0.800000
4789.761719 0.000000 2580.190674 0.000000 0.700807 0.000000 0.713351 0.800000 0.800000 0.800000
4783.044922 0.000000 2579.861572 0.000000 0.930671 0.000000 0.365856 0.800000 0.800000 0.800000
4781.515625 0.000000 2562.147461 0.000000 0.568201 0.000000 0.822890 0.800000 0.800000 0.800000
4772.581055 0.000000 2589.118164 0.000000 0.999221 0.000000 0.039463 0.800000 0.800000 0.800000
4795.785645 0.000000 2573.631348 0.000000 0.322434 0.000000 0.946592 0.800000 0.800000 0.800000
4784.537598 0.000000 2564.258057 0.000000 0.877957 0.000000 -0.478740 0.800000 0.800000 0.800000
4787.708496 0.000000 2564.376953 0.000000 0.491785 0.000000 0.870716 0.800000 0.800000 0.800000
4774.020020 0.000000 2586.623779 0.000000 0.907710 0.000000 0.419597 0.800000 0.800000 0.800000
4794.002930 0.000000 2570.849609 0.000000 0.357557 0.000000 -0.933891 0.800000 0.800000 0.800000
4789.188477 0.000000 2585.717773 0.000000 0.413248 0.000000 0.910619 0.800000 0.800000 0.800000
4792.453613 0.000000 2585.787109 0.000000 0.733917 0.000000 -0.679239 0.800000 0.800000 0.800000
4788.375488 0.000000 2562.693115 0.000000 0.029696 0.000000 0.999559 0.800000 0.800000 0.800000
4794.438965 0.000000 2576.730713 0.000000 0.414123 0.000000 0.910221 0.800000 0.800000 0.800000
4781.696777 0.000000 2566.164062 0.000000 0.579571 0.000000 -0.814922 0.800000 0.800000 0.800000
4792.854492 0.000000 2582.473877 0.000000 0.886142 0.000000 0.463414 0.800000 0.800000 0.800000
4781.047852 0.000000 2568.605469 0.000000 0.921567 0.000000 -0.388219 0.800000 0.800000 0.800000
4778.195801 0.000000 2568.319580 0.000000 0.757521 0.000000 -0.652811 0.800000 0.800000 0.800000
4783.578613 0.000000 2586.102539 0.000000 0.932882 0.000000 0.360182 0.800000 0.800000 0.800000
4798.265625 0.000000 2584.111328 0.000000 0.910411 0.000000 -0.413706 0.800000 0.800000 0.800000
4787.084473 0.000000 2561.335205 0.000000 0.941694 0.000000 0.336472 0.800000 0.800000 0.800000
4786.771973 0.000000 2571.671143 0.000000 0.999056 0.000000 0.043434 0.800000 0.800000 0.800000
4777.268066 0.000000 2560.610107 0.000000 0.720883 0.000000 0.693057 0.800000 0.800000 0.800000
4794.185547 0.000000 2588.829590 0.000000 0.596060 0.000000 0.802940 0.800000 0.800000 0.800000
4776.372559 0.000000 2584.508789 0.000000 0.913483 0.000000 -0.406877 0.800000 0.800000 0.800000
4792.145020 0.000000 2577.820312 0.000000 0.995216 0.000000 -0.097697 0.800000 0.800000 0.800000
4784.966309 0.000000 2574.535400 0.000000 0.815772 0.000000 -0.578373 0.800000 0.800000 0.800000
4795.508301 0.000000 2584.722168 0.000000 0.756950 0.000000 0.653473 0.800000 0.800000 0.800000
4798.987305 0.000000 2562.009277 0.000000 0.969332 0.000000 0.245755 0.800000 0.800000 0.800000
4784.834961 0.000000 2589.049316 0.000000 0.779700 0.000000 -0.626154 0.800000 0.800000 0.800000
4778.891602 0.000000 2565.670898 0.000000 0.140271 0.000000 -0.990113 0.800000 0.800000 0.800000
4771.676758 0.000000 2590.721436 0.000000 0.966699 0.000000 0.255918 0.800000 0.800000 0.800000
4784.136719 0.000000 2560.126709 0.000000 0.315228 0.000000 0.949016 0.800000 0.800000 0.800000
4774.694336 0.000000 2591.479492 0.000000 0.983347 0.000000 -0.181738 0.800000 0.800000 0.800000
4799.549805 0.000000 2589.235352 0.000000 0.988335 0.000000 0.152292 0.800000 0.800000 0.800000
4799.500000 0.000000 2591.470215 0.000000 0.972414 0.000000 -0.233263 0.800000 0.800000 0.800000
4775.569336 0.000000 2586.779785 0.000000 0.437109 0.000000 -0.899409 0.800000 0.800000 0.800000
4779.695801 0.000000 2583.702881 0.000000 0.902104 0.000000 0.431518 0.800000 0.800000 0.800000
4765.208008 0.000000 2598.763916 0.000000 0.368311 0.000000 -0.929703 0.800000 0.800000 0.800000
4765.637695 0.000000 2605.300781 0.000000 0.184104 0.000000 0.982907 0.800000 0.800000 0.800000
4760.881348 0.000000 2598.743896 0.000000 0.261272 0.000000 0.965265 0.800000 0.800000 0.800000
4756.771973 0.000000 2600.209473 0.000000 0.360032 0.000000 -0.932940 0.800000 0.800000 0.800000
4755.964844 0.000000 2604.795898 0.000000 0.944587 0.000000 0.328261 0.800000 0.800000 0.800000
4765.834961 0.000000 2595.189209 0.000000 0.999049 0.000000 0.043601 0.800000 0.800000 0.800000
4762.444336 0.000000 2595.654053 0.000000 0.815175 0.000000 0.579215 0.800000 0.800000 0.800000
4766.717773 0.000000 2602.415527 0.000000 0.948138 0.000000 -0.317858 0.800000 0.800000 0.800000
4764.349609 0.000000 2611.803467 0.000000 0.955588 0.000000 -0.294704 0.800000 0.800000 0.800000
4766.826660 0.000000 2592.403076 0.000000 0.308382 0.000000 -0.951263 0.800000 0.800000 0.800000
4757.446777 0.000000 2602.620850 0.000000 0.464204 0.000000 0.885728 0.800000 0.800000 0.800000
4759.161133 0.000000 2600.527832 0.000000 0.823066 0.000000 -0.567945 0.800000 0.800000 0.800000
4758.221680 0.000000 2598.269287 0.000000 0.153316 0.000000 -0.988177 0.800000 0.800000 0.800000
4758.485352 0.000000 2604.843750 0.000000 0.249857 0.000000 0.968283 0.800000 0.800000 0.800000
4767.132812 0.000000 2597.350342 0.000000 0.995819 0.000000 0.091348 0.800000 0.800000 0.800000
4767.139160 0.000000 2599.961670 0.000000 0.891604 0.000000 -0.452815 0.800000 0.800000 0.800000
4755.187500 0.000000 2602.143555 0.000000 0.772956 0.000000 0.634459 0.800000 0.800000 0.800000
4762.989258 0.000000 2598.112061 0.000000 0.461436 0.000000 0.887174 0.800000 0.800000 0.800000
4760.831543 0.000000 2608.414062 0.000000 0.502692 0.000000 0.864466 0.800000 0.800000 0.800000
4767.486328 0.000000 2606.729736 0.000000 0.170925 0.000000 0.985284 0.800000 0.800000 0.800000
4763.545410 0.000000 2600.090576 0.000000 0.972241 0.000000 0.233980 0.800000 0.800000 0.800000
4764.015625 0.000000 2594.344238 0.000000 0.709435 0.000000 0.704771 0.800000 0.800000 0.800000
4764.344727 0.000000 2596.531250 0.000000 0.044899 0.000000 0.998992 0.800000 0.800000 0.800000
4760.985840 0.000000 2606.133301 0.000000 0.044891 0.000000 -0.998992 0.800000 0.800000 0.800000
4767.356934 0.000000 2604.235596 0.000000 0.948645 0.000000 -0.316343 0.800000 0.800000 0.800000
4765.257812 0.000000 2601.212891 0.000000 0.071007 0.000000 0.997476 0.800000 0.800000 0.800000
4767.681152 0.000000 2595.447510 0.000000 0.032744 0.000000 -0.999464 0.800000 0.800000 0.800000
4763.785645 0.000000 2605.631348 0.000000 0.669152 0.000000 0.743126 0.800000 0.800000 0.800000
4762.002930 0.000000 2602.849609 0.000000 0.144540 0.000000 -0.989499 0.800000 0.800000 0.800000
4761.583496 0.000000 2597.075439 0.000000 0.976506 0.000000 0.215491 0.800000 0.800000 0.800000
4754.771973 0.000000 2603.671143 0.000000 0.713578 0.000000 -0.700576 0.800000 0.800000 0.800000
4760.203125 0.000000 2604.719482 0.000000 0.094861 0.000000 -0.995491 0.800000 0.800000 0.800000
4760.145020 0.000000 2609.820312 0.000000 0.784301 0.000000 -0.620381 0.800000 0.800000 0.800000
4766.987305 0.000000 2594.009277 0.000000 0.458524 0.000000 -0.888682 0.800000 0.800000 0.800000
4768.987305 0.000000 2613.511475 0.000000 0.955472 0.000000 0.295083 0.800000 0.800000 0.800000
4795.528809 0.000000 2592.375977 0.000000 0.140614 0.000000 -0.990065 0.800000 0.800000 0.800000
4786.604980 0.000000 2614.964844 0.000000 0.854502 0.000000 0.519449 0.800000 0.800000 0.800000
4789.494141 0.000000 2595.975830 0.000000 0.671086 0.000000 0.741380 0.800000 0.800000 0.800000
4786.674805 0.000000 2608.570068 0.000000 0.326477 0.000000 -0.945205 0.800000 0.800000 0.800000
4797.637695 0.000000 2605.300781 0.000000 0.072495 0.000000 0.997369 0.800000 0.800000 0.800000
4768.183594 0.000000 2593.648682 0.000000 0.483755 0.000000 0.875203 0.800000 0.800000 0.800000
4772.835938 0.000000 2597.125488 0.000000 0.810886 0.000000 -0.585205 0.800000 0.800000 0.800000
4778.786621 0.000000 2592.178955 0.000000 0.745569 0.000000 -0.666428 0.800000 0.800000 0.800000
4773.686523 0.000000 2610.909180 0.000000 0.504220 0.000000 -0.863575 0.800000 0.800000 0.800000
4790.946289 0.000000 2613.656006 0.000000 0.990371 0.000000 0.138436 0.800000 0.800000 0.800000
4783.467285 0.000000 2606.134033 0.000000 0.998242 0.000000 -0.059276 0.800000 0.800000 0.800000
4777.813965 0.000000 2611.114990 0.000000 0.542522 0.000000 0.840042 0.800000 0.800000 0.800000
4794.338867 0.000000 2615.165771 0.000000 0.865145 0.000000 0.501522 0.800000 0.800000 0.800000
4783.359863 0.000000 2609.909424 0.000000 0.973998 0.000000 -0.226559 0.800000 0.800000 0.800000
4797.834961 0.000000 2595.189209 0.000000 0.496850 0.000000 0.867836 0.800000 0.800000 0.800000
4794.444336 0.000000 2595.654053 0.000000 0.186636 0.000000 -0.982429 0.800000 0.800000 0.800000
4787.926758 0.000000 2611.724854 0.000000 0.179281 0.000000 0.983798 0.800000 0.800000 0.800000
4769.156250 0.000000 2596.733643 0.000000 0.044062 0.000000 -0.999029 0.800000 0.800000 0.800000
4790.609375 0.000000 2610.199951 0.000000 0.186783 0.000000 0.982401 0.800000 0.800000 0.800000
4798.717773 0.000000 2602.415527 0.000000 0.559306 0.000000 0.828961 0.800000 0.800000 0.800000
4776.295410 0.000000 2593.879395 0.000000 0.956048 0.000000 0.293212 0.800000 0.800000 0.800000
4784.835938 0.000000 2612.439941 0.000000 0.318279 0.000000 -0.947997 0.800000 0.800000 0.800000
4790.474609 0.000000 2621.117920 0.000000 0.857991 0.000000 0.513664 0.800000 0.800000 0.800000
4798.826660 0.000000 2592.403076 0.000000 0.561681 0.000000 0.827354 0.800000 0.800000 0.800000
4773.927246 0.000000 2599.717529 0.000000 0.308245 0.000000 0.951307 0.800000 0.800000 0.800000
4789.305664 0.000000 2615.923584 0.000000 0.376604 0.000000 -0.926374 0.800000 0.800000 0.800000
4779.740234 0.000000 2594.653809 0.000000 0.474992 0.000000 -0.879990 0.800000 0.800000 0.800000
4775.368652 0.000000 2597.585449 0.000000 0.880175 0.000000 -0.474649 0.800000 0.800000 0.800000
4774.830566 0.000000 2602.974365 0.000000 0.363333 0.000000 0.931659 0.800000 0.800000 0.800000
4771.293457 0.000000 2599.879150 0.000000 0.133536 0.000000 -0.991044 0.800000 0.800000 0.800000
4797.393555 0.000000 2607.808350 0.000000 0.990920 0.000000 0.134452 0.800000 0.800000 0.800000
4786.198730 0.000000 2600.187256 0.000000 0.634698 0.000000 -0.772760 0.800000 0.800000 0.800000
4774.085938 0.000000 2594.964111 0.000000 0.570971 0.000000 0.820970 0.800000 0.800000 0.800000
4785.465332 0.000000 2604.796875 0.000000 0.938451 0.000000 0.345413 0.800000 0.800000 0.800000
4781.875977 0.000000 2608.021484 0.000000 0.170586 0.000000 -0.985343 0.800000 0.800000 0.800000
4790.485352 0.000000 2604.843750 0.000000 0.367647 0.000000 -0.929966 0.800000 0.800000 0.800000
4788.653320 0.000000 2607.089111 0.000000 0.322380 0.000000 -0.946610 0.800000 0.800000 0.800000
4796.687012 0.000000 2615.710449 0.000000 0.839452 0.000000 0.543434 0.800000 0.800000 0.800000
4784.428711 0.000000 2594.484863 0.000000 0.951474 0.000000 0.307728 0.800000 0.800000 0.800000
4768.958984 0.000000 2602.274658 0.000000 0.509231 0.000000 0.860630 0.800000 0.800000 0.800000
4773.062500 0.000000 2604.391846 0.000000 0.955631 0.000000 -0.294567 0.800000 0.800000 0.800000
4773.313965 0.000000 2608.662354 0.000000 0.994509 0.000000 -0.104649 0.800000 0.800000 0.800000
4799.132812 0.000000 2597.350342 0.000000 0.131001 0.000000 0.991382 0.800000 0.800000 0.800000
4768.165527 0.000000 2611.417725 0.000000 0.972315 0.000000 -0.233675 0.800000 0.800000 0.800000
4787.187500 0.000000 2602.143555 0.000000 0.866795 0.000000 0.498665 0.800000 0.800000 0.800000
4784.561035 0.000000 2608.060791 0.000000 0.894373 0.000000 0.447322 0.800000 0.800000 0.800000
4774.273438 0.000000 2606.596924 0.000000 0.247008 0.000000 -0.969013 0.800000 0.800000 0.800000
4777.479492 0.000000 2606.981445 0.000000 0.993204 0.000000 0.116389 0.800000 0.800000 0.800000
4783.287109 0.000000 2614.051514 0.000000 0.996863 0.000000 0.079141 0.800000 0.800000 0.800000
4777.272949 0.000000 2598.693604 0.000000 0.651409 0.000000 -0.758727 0.800000 0.800000 0.800000
4785.991211 0.000000 2610.651855 0.000000 0.756847 0.000000 0.653592 0.800000 0.800000 0.800000
4788.604980 0.000000 2609.452393 0.000000 0.968018 0.000000 0.250882 0.800000 0.800000 0.800000
4794.053711 0.000000 2617.255127 0.000000 0.459379 0.000000 0.888241 0.800000 0.800000 0.800000
4770.060547 0.000000 2592.627197 0.000000 0.378173 0.000000 0.925735 0.800000 0.800000 0.800000
4796.015625 0.000000 2594.344238 0.000000 0.781611 0.000000 0.623766 0.800000 0.800000 0.800000
4796.344727 0.000000 2596.531250 0.000000 0.951711 0.000000 -0.306996 0.800000 0.800000 0.800000
4792.985840 0.000000 2606.133301 0.000000 0.464532 0.000000 -0.885556 0.800000 0.800000 0.800000
4795.794434 0.000000 2613.787598 0.000000 0.781424 0.000000 0.624001 0.800000 0.800000 0.800000
4786.561035 0.000000 2606.499512 0.000000 0.722442 0.000000 0.691431 0.800000 0.800000 0.800000
4784.224609 0.000000 2600.540039 0.000000 0.858243 0.000000 -0.513244 0.800000 0.800000 0.800000
4770.932617 0.000000 2597.660889 0.000000 0.956878 0.000000 -0.290489 0.800000 0.800000 0.800000
4777.966797 0.000000 2609.065430 0.000000 0.651613 0.000000 -0.758551 0.800000 0.800000 0.800000
4780.803223 0.000000 2592.067871 0.000000 0.842064 0.000000 -0.539378 0.800000 0.800000 0.800000
4776.032227 0.000000 2610.350830 0.000000 0.563822 0.000000 -0.825896 0.800000 0.800000 0.800000
4769.607910 0.000000 2594.885010 0.000000 0.188459 0.000000 0.982081 0.800000 0.800000 0.800000
4797.113770 0.000000 2603.523193 0.000000 0.806571 0.000000 0.591137 0.800000 0.800000 0.800000
4799.681152 0.000000 2595.447510 0.000000 0.486420 0.000000 0.873725 0.800000 0.800000 0.800000
4776.128906 0.000000 2595.728271 0.000000 0.252381 0.000000 -0.967628 0.800000 0.800000 0.800000
4789.761719 0.000000 2612.190674 0.000000 0.929814 0.000000 0.368029 0.800000 0.800000 0.800000
4783.044922 0.000000 2611.861572 0.000000 0.964790 0.000000 0.263020 0.800000 0.800000 0.800000
4771.888672 0.000000 2592.005859 0.000000 0.668961 0.000000 -0.743298 0.800000 0.800000 0.800000
4786.603516 0.000000 2613.108643 0.000000 0.602574 0.000000 0.798063 0.800000 0.800000 0.800000
4791.884277 0.000000 2619.793701 0.000000 0.499988 0.000000 -0.866032 0.800000 0.800000 0.800000
4784.537598 0.000000 2596.258057 0.000000 0.884134 0.000000 -0.467234 0.800000 0.800000 0.800000
4770.712402 0.000000 2601.707275 0.000000 0.954065 0.000000 -0.299599 0.800000 0.800000 0.800000
4787.708496 0.000000 2596.376953 0.000000 0.349322 0.000000 -0.937003 0.800000 0.800000 0.800000
4772.093262 0.000000 2610.067139 0.000000 0.517529 0.000000 -0.855666 0.800000 0.800000 0.800000
4772.183105 0.000000 2611.820801 0.000000 0.578824 0.000000 -0.815453 0.800000 0.800000 0.800000
4777.937500 0.000000 2594.556641 0.000000 0.994294 0.000000 -0.106672 0.800000 0.800000 0.800000
4789.188477 0.000000 2617.717773 0.000000 0.015950 0.000000 -0.999873 0.800000 0.800000 0.800000
4775.581543 0.000000 2599.327881 0.000000 0.145951 0.000000 -0.989292 0.800000 0.800000 0.800000
4787.362793 0.000000 2616.532715 0.000000 0.885322 0.000000 0.464979 0.800000 0.800000 0.800000
4774.456055 0.000000 2601.303711 0.000000 0.982087 0.000000 0.188428 0.800000 0.800000 0.800000
4788.375488 0.000000 2594.693115 0.000000 0.763563 0.000000 -0.645733 0.800000 0.800000 0.800000
4784.638672 0.000000 2598.836670 0.000000 0.772647 0.000000 -0.634836 0.800000 0.800000 0.800000
4789.941895 0.000000 2608.472168 0.000000 0.573198 0.000000 -0.819417 0.800000 0.800000 0.800000
4771.270996 0.000000 2596.019043 0.000000 0.716495 0.000000 0.697592 0.800000 0.800000 0.800000
4772.522949 0.000000 2598.759521 0.000000 0.216357 0.000000 -0.976314 0.800000 0.800000 0.800000
4768.011719 0.000000 2606.166016 0.000000 0.976692 0.000000 -0.214646 0.800000 0.800000 0.800000
4768.008301 0.000000 2595.433350 0.000000 0.944380 0.000000 0.328857 0.800000 0.800000 0.800000
4794.728516 0.000000 2611.922852 0.000000 0.163617 0.000000 -0.986524 0.800000 0.800000 0.800000
4787.084473 0.000000 2593.335205 0.000000 0.981101 0.000000 0.193497 0.800000 0.800000 0.800000
4768.384766 0.000000 2592.030273 0.000000 0.999954 0.000000 0.009612 0.800000 0.800000 0.800000
4786.771973 0.000000 2603.671143 0.000000 0.490724 0.000000 -0.871315 0.800000 0.800000 0.800000
4777.268066 0.000000 2592.610107 0.000000 0.932498 0.000000 -0.361176 0.800000 0.800000 0.800000
4792.203125 0.000000 2604.719482 0.000000 0.968776 0.000000 -0.247936 0.800000 0.800000 0.800000
4792.145020 0.000000 2609.820312 0.000000 0.115798 0.000000 -0.993273 0.800000 0.800000 0.800000
4784.966309 0.000000 2606.535400 0.000000 0.649095 0.000000 -0.760707 0.800000 0.800000 0.800000
4772.652344 0.000000 2600.635742 0.000000 0.705353 0.000000 0.708856 0.800000 0.800000 0.800000
4795.508301 0.000000 2616.722168 0.000000 0.513323 0.000000 0.858196 0.800000 0.800000 0.800000
4798.987305 0.000000 2594.009277 0.000000 0.861207 0.000000 0.508254 0.800000 0.800000 0.800000
4795.178223 0.000000 2619.461670 0.000000 0.993445 0.000000 -0.114313 0.800000 0.800000 0.800000
4774.268555 0.000000 2596.503174 0.000000 0.965711 0.000000 0.259620 0.800000 0.800000 0.800000
4780.549805 0.000000 2608.835205 0.000000 0.035742 0.000000 -0.999361 0.800000 0.800000 0.800000
4784.136719 0.000000 2592.126709 0.000000 0.294314 0.000000 -0.955709 0.800000 0.800000 0.800000
4769.424805 0.000000 2605.200684 0.000000 0.672919 0.000000 0.739716 0.800000 0.800000 0.800000
4770.875000 0.000000 2605.760010 0.000000 0.214793 0.000000 -0.976660 0.800000 0.800000 0.800000
4789.873535 0.000000 2606.191895 0.000000 0.025920 0.000000 -0.999664 0.800000 0.800000 0.800000
4790.630859 0.000000 2616.743408 0.000000 0.028151 0.000000 0.999604 0.800000 0.800000 0.800000
4800.987305 0.000000 2581.511475 0.000000 0.043199 0.000000 0.999067 0.800000 0.800000 0.800000
4808.221191 0.000000 2582.685059 0.000000 0.391319 0.000000 -0.920255 0.800000 0.800000 0.800000
4805.686523 0.000000 2578.909180 0.000000 0.967406 0.000000 -0.253232 0.800000 0.800000 0.800000
4800.250000 0.000000 2585.564697 0.000000 0.964165 0.000000 0.265302 0.800000 0.800000 0.800000
4802.625977 0.000000 2579.021484 0.000000 0.686605 0.000000 -0.727031 0.800000 0.800000 0.800000
4802.786621 0.000000 2591.978516 0.000000 0.747348 0.000000 0.664433 0.800000 0.800000 0.800000
4806.820312 0.000000 2584.960938 0.000000 0.882024 0.000000 0.471205 0.800000 0.800000 0.800000
4801.881836 0.000000 2583.758057 0.000000 0.846658 0.000000 -0.532138 0.800000 0.800000 0.800000
4807.521973 0.000000 2580.382812 0.000000 0.749899 0.000000 -0.661552 0.800000 0.800000 0.800000
4805.313965 0.000000 2576.662354 0.000000 0.742373 0.000000 0.669987 0.800000 0.800000 0.800000
4802.246094 0.000000 2586.551270 0.000000 0.835047 0.000000 -0.550178 0.800000 0.800000 0.800000
4800.165527 0.000000 2579.417725 0.000000 0.027829 0.000000 -0.999613 0.800000 0.800000 0.800000
4806.105957 0.000000 2582.550537 0.000000 0.451210 0.000000 0.892418 0.800000 0.800000 0.800000
4809.355957 0.000000 2581.099121 0.000000 0.989599 0.000000 -0.143854 0.800000 0.800000 0.800000
4800.139160 0.000000 2583.112305 0.000000 0.122750 0.000000 0.992438 0.800000 0.800000 0.800000
4804.581055 0.000000 2589.118164 0.000000 0.477411 0.000000 -0.878680 0.800000 0.800000 0.800000
4805.716797 0.000000 2580.723633 0.000000 0.059528 0.000000 0.998227 0.800000 0.800000 0.800000
4806.020020 0.000000 2586.623779 0.000000 0.868725 0.000000 -0.495295 0.800000 0.800000 0.800000
4804.093262 0.000000 2578.067139 0.000000 0.517406 0.000000 0.855740 0.800000 0.800000 0.800000
4804.183105 0.000000 2579.820801 0.000000 0.017202 0.000000 0.999852 0.800000 0.800000 0.800000
4802.624512 0.000000 2580.837891 0.000000 0.897881 0.000000 0.440238 0.800000 0.800000 0.800000
4806.806641 0.000000 2589.964111 0.000000 0.668974 0.000000 -0.743286 0.800000 0.800000 0.800000
4800.011719 0.000000 2574.166016 0.000000 0.352673 0.000000 0.935746 0.800000 0.800000 0.800000
4802.465332 0.000000 2582.346924 0.000000 0.634847 0.000000 -0.772638 0.800000 0.800000 0.800000
4805.416504 0.000000 2583.920898 0.000000 0.690873 0.000000 0.722976 0.800000 0.800000 0.800000
4802.733887 0.000000 2585.056152 0.000000 0.603612 0.000000 0.797278 0.800000 0.800000 0.800000
4803.676758 0.000000 2590.721436 0.000000 0.996857 0.000000 0.079219 0.800000 0.800000 0.800000
4806.694336 0.000000 2591.479492 0.000000 0.732509 0.000000 -0.680758 0.800000 0.800000 0.800000
4801.424805 0.000000 2573.200684 0.000000 0.681538 0.000000 -0.731782 0.800000 0.800000 0.800000
4807.569336 0.000000 2586.779785 0.000000 0.464712 0.000000 0.885462 0.800000 0.800000 0.800000
4800.750488 0.000000 2599.931396 0.000000 0.419461 0.000000 0.907773 0.800000 0.800000 0.800000
4804.083496 0.000000 2606.666748 0.000000 0.996717 0.000000 0.080965 0.800000 0.800000 0.800000
4805.686523 0.000000 2610.909180 0.000000 0.910042 0.000000 -0.414516 0.800000 0.800000 0.800000
4800.114746 0.000000 2604.443359 0.000000 0.896969 0.000000 -0.442094 0.800000 0.800000 0.800000
4800.356445 0.000000 2609.087646 0.000000 0.849793 0.000000 0.527116 0.800000 0.800000 0.800000
4801.156250 0.000000 2596.733643 0.000000 0.030796 0.000000 0.999526 0.800000 0.800000 0.800000
4807.792480 0.000000 2608.479248 0.000000 0.748332 0.000000 0.663324 0.800000 0.800000 0.800000
4808.295410 0.000000 2593.879395 0.000000 0.072555 0.000000 -0.997364 0.800000 0.800000 0.800000
4802.625977 0.000000 2611.021484 0.000000 0.704769 0.000000 -0.709437 0.800000 0.800000 0.800000
4802.680176 0.000000 2604.167236 0.000000 0.926428 0.000000 0.376473 0.800000 0.800000 0.800000
4807.368652 0.000000 2597.585449 0.000000 0.991312 0.000000 -0.131533 0.800000 0.800000 0.800000
4805.313965 0.000000 2608.662354 0.000000 0.920523 0.000000 0.390688 0.800000 0.800000 0.800000
4800.165527 0.000000 2611.417725 0.000000 0.912969 0.000000 0.408028 0.800000 0.800000 0.800000
4806.273438 0.000000 2606.596924 0.000000 0.857551 0.000000 -0.514399 0.800000 0.800000 0.800000
4809.272949 0.000000 2598.693604 0.000000 0.995484 0.000000 -0.094925 0.800000 0.800000 0.800000
4802.060547 0.000000 2592.627197 0.000000 0.130960 0.000000 0.991388 0.800000 0.800000 0.800000
4807.702148 0.000000 2592.050537 0.000000 0.186333 0.000000 0.982487 0.800000 0.800000 0.800000
4808.128906 0.000000 2595.728271 0.000000 0.881625 0.000000 0.471950 0.800000 0.800000 0.800000
4803.888672 0.000000 2592.005859 0.000000 0.642385 0.000000 0.766382 0.800000 0.800000 0.800000
4804.093262 0.000000 2610.067139 0.000000 0.999463 0.000000 0.032773 0.800000 0.800000 0.800000
4804.183105 0.000000 2611.820801 0.000000 0.299921 0.000000 0.953964 0.800000 0.800000 0.800000
4809.937500 0.000000 2594.556641 0.000000 0.481497 0.000000 0.876448 0.800000 0.800000 0.800000
4800.006836 0.000000 2598.326660 0.000000 0.018821 0.000000 -0.999823 0.800000 0.800000 0.800000
4802.624512 0.000000 2612.837891 0.000000 0.155873 0.000000 0.987777 0.800000 0.800000 0.800000
4806.640625 0.000000 2609.559326 0.000000 0.744275 0.000000 0.667873 0.800000 0.800000 0.800000
4801.570801 0.000000 2598.543213 0.000000 0.216503 0.000000 -0.976282 0.800000 0.800000 0.800000
4804.938477 0.000000 2593.883301 0.000000 0.163624 0.000000 0.986523 0.800000 0.800000 0.800000
4809.268066 0.000000 2592.610107 0.000000 0.875180 0.000000 -0.483797 0.800000 0.800000 0.800000
4806.268555 0.000000 2596.503174 0.000000 0.755144 0.000000 -0.655559 0.800000 0.800000 0.800000
4810.891602 0.000000 2597.670898 0.000000 0.512714 0.000000 -0.858560 0.800000 0.800000 0.800000
4806.830566 0.000000 2593.407471 0.000000 0.991471 0.000000 -0.130327 0.800000 0.800000 0.800000
4801.424805 0.000000 2605.200684 0.000000 0.432955 0.000000 -0.901416 0.800000 0.800000 0.800000
4802.875000 0.000000 2605.760010 0.000000 0.940396 0.000000 -0.340081 0.800000 0.800000 0.800000
"}
