object={
	name="tree_persia_generator_1_0"
	clamp_to_water_level=no
	render_under_water=no
	generated_content=yes
	layer="tree_layer"
	pdxmesh="tree_olive_01_mesh"
	count=5491
	transform="5083.341797 0.000000 2106.027100 0.000000 0.997980 0.000000 -0.063525 0.806475 0.806475 0.806475
5080.642090 0.000000 2104.653564 0.000000 0.082786 0.000000 0.996567 0.800000 0.800000 0.800000
5079.703125 0.000000 2111.002441 0.000000 0.958108 0.000000 -0.286409 0.829588 0.829588 0.829588
5085.382812 0.000000 2104.181885 0.000000 0.649977 0.000000 0.759954 0.800000 0.800000 0.800000
5085.576172 0.000000 2111.152344 0.000000 0.337678 0.000000 0.941262 0.675085 0.675085 0.675085
5080.457520 0.000000 2106.521484 0.000000 0.973666 0.000000 0.227981 0.800000 0.800000 0.800000
5084.776367 0.000000 2107.307861 0.000000 0.774321 0.000000 -0.632793 0.800000 0.800000 0.800000
5078.073730 0.000000 2110.197998 0.000000 0.995627 0.000000 0.093421 0.790470 0.790470 0.790470
5083.117676 0.000000 2107.958008 0.000000 0.792275 0.000000 -0.610164 0.866847 0.866847 0.866847
5081.196777 0.000000 2110.529053 0.000000 0.547392 0.000000 0.836877 0.800000 0.800000 0.800000
5084.964844 0.000000 2105.731445 0.000000 0.019652 0.000000 -0.999807 0.800000 0.800000 0.800000
5081.779297 0.000000 2105.736328 0.000000 0.747816 0.000000 0.663906 0.800000 0.800000 0.800000
5083.973145 0.000000 2104.618896 0.000000 0.721112 0.000000 -0.692819 0.877962 0.877962 0.877962
5084.437500 0.000000 2111.939209 0.000000 0.523115 0.000000 0.852262 0.696074 0.696074 0.696074
5082.099121 0.000000 2107.054932 0.000000 0.713385 0.000000 -0.700772 0.879092 0.879092 0.879092
5082.017090 0.000000 2104.519775 0.000000 0.772069 0.000000 -0.635539 0.870151 0.870151 0.870151
5083.743164 0.000000 2107.086182 0.000000 0.997661 0.000000 -0.068363 0.806969 0.806969 0.806969
5098.798828 0.000000 2111.410156 0.000000 0.985802 0.000000 -0.167913 0.817185 0.817185 0.817185
5099.062500 0.000000 2110.404053 0.000000 0.460089 0.000000 0.887873 0.688698 0.688698 0.688698
5073.943848 0.000000 2141.206299 0.000000 0.596118 0.000000 0.802897 0.705053 0.705053 0.705053
5084.178223 0.000000 2115.823975 0.000000 0.083034 0.000000 -0.996547 0.951532 0.951532 0.951532
5069.880859 0.000000 2136.671875 0.000000 0.307725 0.000000 0.951475 0.800000 0.800000 0.800000
5068.250000 0.000000 2120.074219 0.000000 0.656017 0.000000 -0.754746 0.800000 0.800000 0.800000
5073.770996 0.000000 2122.510742 0.000000 0.960492 0.000000 0.278306 0.771273 0.771273 0.771273
5081.162598 0.000000 2112.856934 0.000000 0.270726 0.000000 -0.962657 0.800000 0.800000 0.800000
5086.083984 0.000000 2112.082275 0.000000 0.952239 0.000000 0.305354 0.800000 0.800000 0.800000
5070.038574 0.000000 2140.374756 0.000000 0.929100 0.000000 -0.369830 0.838587 0.838587 0.838587
5081.733887 0.000000 2119.046875 0.000000 0.030023 0.000000 0.999549 0.800000 0.800000 0.800000
5087.594727 0.000000 2119.899170 0.000000 0.156970 0.000000 -0.987603 0.800000 0.800000 0.800000
5067.187012 0.000000 2138.396729 0.000000 0.770719 0.000000 0.637175 0.729633 0.729633 0.729633
5071.378906 0.000000 2120.535889 0.000000 0.688393 0.000000 -0.725338 0.800000 0.800000 0.800000
5072.766113 0.000000 2125.274658 0.000000 0.468790 0.000000 -0.883310 0.800000 0.800000 0.800000
5086.919922 0.000000 2114.828125 0.000000 0.997862 0.000000 0.065359 0.793338 0.793338 0.793338
5072.231445 0.000000 2138.878662 0.000000 0.723232 0.000000 -0.690605 0.877650 0.877650 0.877650
5085.457520 0.000000 2118.340332 0.000000 0.492911 0.000000 -0.870080 0.800000 0.800000 0.800000
5070.137695 0.000000 2118.218262 0.000000 0.925513 0.000000 0.378715 0.800000 0.800000 0.800000
5083.650391 0.000000 2113.134521 0.000000 0.278086 0.000000 0.960556 0.668704 0.668704 0.668704
5081.623535 0.000000 2115.584961 0.000000 0.999646 0.000000 0.026608 0.800000 0.800000 0.800000
5065.628906 0.000000 2136.382568 0.000000 0.996157 0.000000 -0.087585 0.800000 0.800000 0.800000
5065.177734 0.000000 2139.820068 0.000000 0.585422 0.000000 0.810728 0.800000 0.800000 0.800000
5071.610840 0.000000 2122.665527 0.000000 0.973066 0.000000 -0.230528 0.800000 0.800000 0.800000
5069.603516 0.000000 2121.754395 0.000000 0.888706 0.000000 0.458478 0.800000 0.800000 0.800000
5087.087891 0.000000 2117.014648 0.000000 0.915319 0.000000 -0.402729 0.842220 0.842220 0.842220
5083.449219 0.000000 2117.934570 0.000000 0.825644 0.000000 0.564191 0.738940 0.738940 0.738940
5075.041992 0.000000 2124.248291 0.000000 0.845572 0.000000 0.533861 0.742637 0.742637 0.742637
5079.167480 0.000000 2112.006104 0.000000 0.885696 0.000000 0.464266 0.750822 0.750822 0.750822
5072.003418 0.000000 2140.838623 0.000000 0.578405 0.000000 0.815750 0.702824 0.702824 0.702824
5069.203125 0.000000 2138.517822 0.000000 0.241963 0.000000 -0.970285 0.935107 0.935107 0.935107
5075.947754 0.000000 2140.742432 0.000000 0.295166 0.000000 -0.955446 0.929480 0.929480 0.929480
5067.870605 0.000000 2136.630127 0.000000 0.750963 0.000000 -0.660345 0.873469 0.873469 0.873469
5071.989746 0.000000 2118.167480 0.000000 0.116012 0.000000 0.993248 0.800000 0.800000 0.800000
5085.178223 0.000000 2114.146973 0.000000 0.820291 0.000000 0.571947 0.737980 0.737980 0.737980
5073.190918 0.000000 2120.794189 0.000000 0.875431 0.000000 0.483343 0.748615 0.748615 0.748615
5081.255859 0.000000 2120.843994 0.000000 0.530111 0.000000 0.847929 0.696912 0.696912 0.696912
5081.143555 0.000000 2117.324707 0.000000 0.570091 0.000000 -0.821581 0.800000 0.800000 0.800000
5075.477051 0.000000 2122.096436 0.000000 0.594790 0.000000 -0.803881 0.895115 0.895115 0.895115
5065.528320 0.000000 2138.108643 0.000000 0.690503 0.000000 0.723330 0.800000 0.800000 0.800000
5082.873535 0.000000 2120.301270 0.000000 0.431575 0.000000 0.902077 0.685453 0.685453 0.685453
5070.753906 0.000000 2138.092041 0.000000 0.717632 0.000000 0.696422 0.721528 0.721528 0.721528
5082.376465 0.000000 2114.136230 0.000000 0.394093 0.000000 -0.919071 0.918739 0.918739 0.918739
5068.059082 0.000000 2141.845215 0.000000 0.720069 0.000000 0.693902 0.800000 0.800000 0.800000
5085.770508 0.000000 2116.048828 0.000000 0.681373 0.000000 -0.731936 0.883643 0.883643 0.883643
5069.904297 0.000000 2119.838867 0.000000 0.964693 0.000000 -0.263377 0.800000 0.800000 0.800000
5080.497559 0.000000 2114.423584 0.000000 0.661782 0.000000 0.749696 0.800000 0.800000 0.800000
5087.113281 0.000000 2113.236084 0.000000 0.938759 0.000000 -0.344575 0.800000 0.800000 0.800000
5072.795410 0.000000 2123.719482 0.000000 0.824589 0.000000 -0.565733 0.861250 0.861250 0.861250
5084.145996 0.000000 2119.353516 0.000000 0.635282 0.000000 0.772280 0.800000 0.800000 0.800000
5074.180176 0.000000 2125.686035 0.000000 0.513451 0.000000 0.858119 0.694923 0.694923 0.694923
5087.259277 0.000000 2118.479492 0.000000 0.838044 0.000000 0.545603 0.800000 0.800000 0.800000
5082.816895 0.000000 2116.487061 0.000000 0.996442 0.000000 -0.084278 0.808595 0.808595 0.808595
5066.637207 0.000000 2139.684570 0.000000 0.854342 0.000000 0.519711 0.744333 0.744333 0.744333
5084.769531 0.000000 2117.133789 0.000000 0.579264 0.000000 0.815140 0.702931 0.702931 0.702931
5082.546875 0.000000 2112.310791 0.000000 0.124384 0.000000 0.992234 0.652703 0.652703 0.652703
5073.061035 0.000000 2139.989990 0.000000 0.991241 0.000000 -0.132066 0.813492 0.813492 0.813492
5083.796387 0.000000 2114.440674 0.000000 0.047023 0.000000 0.998894 0.644791 0.644791 0.644791
5071.054199 0.000000 2139.533447 0.000000 0.745442 0.000000 -0.666570 0.874316 0.874316 0.874316
5084.772461 0.000000 2112.451172 0.000000 0.710188 0.000000 -0.704012 0.879555 0.879555 0.879555
5079.670410 0.000000 2113.208496 0.000000 0.525321 0.000000 0.850904 0.696338 0.696338 0.696338
5066.708984 0.000000 2137.176514 0.000000 0.348424 0.000000 -0.937337 0.923749 0.923749 0.923749
5074.902832 0.000000 2140.134521 0.000000 0.909357 0.000000 0.416016 0.756296 0.756296 0.756296
5082.244629 0.000000 2117.833008 0.000000 0.991244 0.000000 -0.132046 0.813489 0.813489 0.813489
5082.880859 0.000000 2115.221680 0.000000 0.420105 0.000000 0.907476 0.684162 0.684162 0.684162
5078.172852 0.000000 2112.721680 0.000000 0.887131 0.000000 -0.461517 0.848862 0.848862 0.848862
5068.156738 0.000000 2139.048340 0.000000 0.994946 0.000000 -0.100414 0.810245 0.810245 0.810245
5082.727051 0.000000 2121.462891 0.000000 0.015909 0.000000 0.999873 0.641621 0.641621 0.641621
5083.028809 0.000000 2119.089111 0.000000 0.972548 0.000000 -0.232702 0.823922 0.823922 0.823922
5085.955078 0.000000 2113.312500 0.000000 0.676281 0.000000 0.736644 0.715651 0.715651 0.715651
5086.018066 0.000000 2117.296875 0.000000 0.347800 0.000000 -0.937569 0.923817 0.923817 0.923817
5081.151367 0.000000 2121.927490 0.000000 0.999820 0.000000 0.018993 0.798065 0.798065 0.798065
5073.781738 0.000000 2138.156982 0.000000 0.906202 0.000000 0.422846 0.755530 0.755530 0.755530
5087.996094 0.000000 2117.595215 0.000000 0.864650 0.000000 0.502375 0.746387 0.746387 0.746387
5085.057617 0.000000 2115.220703 0.000000 0.519454 0.000000 0.854499 0.695637 0.695637 0.695637
5070.141113 0.000000 2139.011719 0.000000 0.938938 0.000000 0.344088 0.764220 0.764220 0.764220
5074.984375 0.000000 2141.209229 0.000000 0.284407 0.000000 0.958704 0.669375 0.669375 0.669375
5075.812988 0.000000 2141.779785 0.000000 0.873900 0.000000 -0.486106 0.851707 0.851707 0.851707
5083.714355 0.000000 2116.912109 0.000000 0.897151 0.000000 -0.441724 0.846603 0.846603 0.846603
5100.263672 0.000000 2115.783203 0.000000 0.785523 0.000000 -0.618833 0.867966 0.867966 0.867966
5088.082520 0.000000 2116.540039 0.000000 0.857836 0.000000 0.513924 0.800000 0.800000 0.800000
5105.991699 0.000000 2118.318848 0.000000 0.358065 0.000000 -0.933697 0.922700 0.922700 0.922700
5098.342773 0.000000 2112.170410 0.000000 0.872515 0.000000 -0.488587 0.851996 0.851996 0.851996
5103.524902 0.000000 2116.001709 0.000000 0.795745 0.000000 -0.605632 0.866265 0.866265 0.866265
5102.137695 0.000000 2118.218262 0.000000 0.905604 0.000000 -0.424124 0.800000 0.800000 0.800000
5089.025391 0.000000 2114.308105 0.000000 0.866507 0.000000 0.499165 0.800000 0.800000 0.800000
5096.483398 0.000000 2113.546875 0.000000 0.980061 0.000000 0.198697 0.800000 0.800000 0.800000
5098.519531 0.000000 2114.410156 0.000000 0.242761 0.000000 0.970086 0.800000 0.800000 0.800000
5102.166504 0.000000 2114.606445 0.000000 0.843092 0.000000 0.537770 0.800000 0.800000 0.800000
5105.451660 0.000000 2116.516113 0.000000 0.824402 0.000000 -0.566005 0.800000 0.800000 0.800000
5103.989746 0.000000 2118.167480 0.000000 0.543854 0.000000 -0.839180 0.800000 0.800000 0.800000
5105.190918 0.000000 2120.794189 0.000000 0.964180 0.000000 -0.265248 0.800000 0.800000 0.800000
5101.895508 0.000000 2116.516357 0.000000 0.464795 0.000000 0.885418 0.689239 0.689239 0.689239
5100.138184 0.000000 2114.131348 0.000000 0.996961 0.000000 0.077901 0.792057 0.792057 0.792057
5099.919434 0.000000 2112.139404 0.000000 0.387913 0.000000 0.921696 0.680577 0.680577 0.680577
5104.813477 0.000000 2119.376953 0.000000 0.995287 0.000000 -0.096976 0.809893 0.809893 0.809893
5088.883789 0.000000 2117.877930 0.000000 0.269108 0.000000 0.963110 0.800000 0.800000 0.800000
5100.697754 0.000000 2117.199951 0.000000 0.673301 0.000000 0.739369 0.715240 0.715240 0.715240
5102.985352 0.000000 2117.246094 0.000000 0.271105 0.000000 -0.962550 0.932036 0.932036 0.932036
5099.196289 0.000000 2113.218994 0.000000 0.931948 0.000000 -0.362593 0.837795 0.837795 0.837795
5079.498535 0.000000 2153.706787 0.000000 0.196176 0.000000 -0.980569 0.800000 0.800000 0.800000
5069.843750 0.000000 2155.939941 0.000000 0.975727 0.000000 -0.218992 0.822489 0.822489 0.822489
5087.616699 0.000000 2156.839844 0.000000 0.904655 0.000000 0.426144 0.800000 0.800000 0.800000
5084.482422 0.000000 2152.834229 0.000000 0.641427 0.000000 -0.767184 0.800000 0.800000 0.800000
5065.063965 0.000000 2155.399170 0.000000 0.541742 0.000000 -0.840545 0.901685 0.901685 0.901685
5078.327148 0.000000 2172.509033 0.000000 0.746310 0.000000 -0.665599 0.874184 0.874184 0.874184
5073.770996 0.000000 2154.510742 0.000000 0.994485 0.000000 0.104883 0.789297 0.789297 0.789297
5070.038574 0.000000 2172.374756 0.000000 0.973799 0.000000 0.227409 0.776632 0.776632 0.776632
5059.740234 0.000000 2169.515137 0.000000 0.242506 0.000000 0.970150 0.664950 0.664950 0.664950
5081.304199 0.000000 2172.176025 0.000000 0.947042 0.000000 0.321109 0.766702 0.766702 0.766702
5069.127930 0.000000 2175.200928 0.000000 0.388629 0.000000 -0.921394 0.800000 0.800000 0.800000
5072.766113 0.000000 2157.274658 0.000000 0.421301 0.000000 -0.906921 0.915704 0.915704 0.915704
5080.642090 0.000000 2168.653564 0.000000 0.982225 0.000000 -0.187707 0.819234 0.819234 0.819234
5084.780273 0.000000 2155.672607 0.000000 0.958068 0.000000 -0.286541 0.829602 0.829602 0.829602
5079.703125 0.000000 2175.002441 0.000000 0.602228 0.000000 -0.798324 0.894170 0.894170 0.894170
5082.168945 0.000000 2154.525146 0.000000 0.839573 0.000000 0.543246 0.741502 0.741502 0.741502
5071.855469 0.000000 2174.975342 0.000000 0.220893 0.000000 0.975298 0.662687 0.662687 0.662687
5067.578125 0.000000 2154.613770 0.000000 0.250505 0.000000 0.968115 0.665791 0.665791 0.665791
5087.065430 0.000000 2154.366455 0.000000 0.997931 0.000000 -0.064292 0.800000 0.800000 0.800000
5063.332031 0.000000 2153.655518 0.000000 0.795674 0.000000 0.605725 0.800000 0.800000 0.800000
5059.061523 0.000000 2174.539795 0.000000 0.888441 0.000000 -0.458990 0.848572 0.848572 0.848572
5066.662598 0.000000 2157.113281 0.000000 0.088043 0.000000 -0.996117 0.800000 0.800000 0.800000
5078.658203 0.000000 2170.260254 0.000000 0.039876 0.000000 0.999205 0.644063 0.644063 0.644063
5065.793945 0.000000 2153.081787 0.000000 0.790469 0.000000 0.612502 0.800000 0.800000 0.800000
5071.610840 0.000000 2154.665527 0.000000 0.111168 0.000000 -0.993802 0.948653 0.948653 0.948653
5075.041992 0.000000 2156.248291 0.000000 0.900013 0.000000 -0.435863 0.800000 0.800000 0.800000
5080.457520 0.000000 2170.521484 0.000000 0.149923 0.000000 0.988698 0.655329 0.655329 0.655329
5059.270996 0.000000 2171.270264 0.000000 0.179712 0.000000 -0.983719 0.941595 0.941595 0.941595
5081.255859 0.000000 2152.843994 0.000000 0.938511 0.000000 -0.345250 0.800000 0.800000 0.800000
5073.755859 0.000000 2175.285400 0.000000 0.824959 0.000000 -0.565192 0.800000 0.800000 0.800000
5058.083984 0.000000 2173.022705 0.000000 0.776844 0.000000 0.629693 0.730618 0.730618 0.730618
5063.079590 0.000000 2155.499023 0.000000 0.960704 0.000000 -0.277576 0.828650 0.828650 0.828650
5068.354980 0.000000 2156.842285 0.000000 0.035448 0.000000 -0.999372 0.956389 0.956389 0.956389
5075.477051 0.000000 2154.096436 0.000000 0.245256 0.000000 0.969458 0.800000 0.800000 0.800000
5078.490234 0.000000 2155.251465 0.000000 0.800006 0.000000 0.599992 0.734455 0.734455 0.734455
5078.073730 0.000000 2174.197998 0.000000 0.951803 0.000000 -0.306709 0.831753 0.831753 0.831753
5082.873535 0.000000 2152.301270 0.000000 0.961468 0.000000 -0.274919 0.800000 0.800000 0.800000
5070.353027 0.000000 2174.017090 0.000000 0.998837 0.000000 -0.048218 0.804913 0.804913 0.804913
5085.941895 0.000000 2156.884521 0.000000 0.022388 0.000000 0.999749 0.800000 0.800000 0.800000
5079.804688 0.000000 2173.324463 0.000000 0.743238 0.000000 -0.669027 0.874652 0.874652 0.874652
5079.334961 0.000000 2167.612305 0.000000 0.676686 0.000000 -0.736271 0.800000 0.800000 0.800000
5081.364258 0.000000 2155.963867 0.000000 0.708366 0.000000 0.705846 0.720182 0.720182 0.720182
5083.810547 0.000000 2154.312012 0.000000 0.215884 0.000000 0.976419 0.662164 0.662164 0.662164
5068.059082 0.000000 2173.845215 0.000000 0.470560 0.000000 0.882368 0.800000 0.800000 0.800000
5071.291992 0.000000 2156.641113 0.000000 0.968686 0.000000 -0.248291 0.800000 0.800000 0.800000
5083.181152 0.000000 2155.855957 0.000000 0.303117 0.000000 0.952953 0.671369 0.671369 0.671369
5085.436035 0.000000 2154.161133 0.000000 0.916707 0.000000 -0.399560 0.841868 0.841868 0.841868
5081.196777 0.000000 2174.529053 0.000000 0.784961 0.000000 -0.619545 0.868059 0.868059 0.868059
5072.795410 0.000000 2155.719482 0.000000 0.774461 0.000000 -0.632622 0.869767 0.869767 0.869767
5064.959473 0.000000 2157.562500 0.000000 0.673321 0.000000 -0.739350 0.800000 0.800000 0.800000
5070.526855 0.000000 2175.822021 0.000000 0.946311 0.000000 0.323259 0.766471 0.766471 0.766471
5081.779297 0.000000 2169.736328 0.000000 0.823774 0.000000 0.566919 0.738603 0.738603 0.738603
5058.620605 0.000000 2168.326416 0.000000 0.346844 0.000000 -0.937923 0.923921 0.923921 0.923921
5084.158203 0.000000 2157.040771 0.000000 0.516678 0.000000 0.856180 0.800000 0.800000 0.800000
5080.501953 0.000000 2154.781738 0.000000 0.685629 0.000000 0.727951 0.716951 0.716951 0.716951
5081.465820 0.000000 2167.266846 0.000000 0.968501 0.000000 -0.249011 0.800000 0.800000 0.800000
5074.180176 0.000000 2157.686035 0.000000 0.044919 0.000000 0.998991 0.800000 0.800000 0.800000
5078.393555 0.000000 2152.138184 0.000000 0.820734 0.000000 0.571310 0.800000 0.800000 0.800000
5079.679199 0.000000 2171.816162 0.000000 0.722654 0.000000 -0.691210 0.877735 0.877735 0.877735
5066.532227 0.000000 2155.669922 0.000000 0.600607 0.000000 0.799544 0.705624 0.705624 0.705624
5078.941895 0.000000 2168.920410 0.000000 0.598607 0.000000 -0.801043 0.894631 0.894631 0.894631
5069.573730 0.000000 2157.404297 0.000000 0.792620 0.000000 -0.609716 0.866789 0.866789 0.866789
5066.082031 0.000000 2154.364990 0.000000 0.719055 0.000000 -0.694954 0.878264 0.878264 0.878264
5068.575195 0.000000 2155.492920 0.000000 0.997600 0.000000 -0.069234 0.807058 0.807058 0.807058
5073.818848 0.000000 2156.418701 0.000000 0.467795 0.000000 -0.883837 0.910416 0.910416 0.910416
5080.748047 0.000000 2175.691162 0.000000 0.515933 0.000000 -0.856629 0.904782 0.904782 0.904782
5064.029297 0.000000 2154.837891 0.000000 0.707243 0.000000 -0.706970 0.879980 0.879980 0.879980
5058.347168 0.000000 2170.658203 0.000000 0.857138 0.000000 0.515087 0.744883 0.744883 0.744883
5058.405762 0.000000 2171.977051 0.000000 0.768843 0.000000 0.639437 0.729334 0.729334 0.729334
5078.643555 0.000000 2171.483154 0.000000 0.548696 0.000000 -0.836022 0.900840 0.900840 0.900840
5078.668457 0.000000 2175.046631 0.000000 0.988736 0.000000 0.149669 0.784697 0.784697 0.784697
5079.150879 0.000000 2174.132568 0.000000 0.383624 0.000000 0.923489 0.680104 0.680104 0.680104
5054.641113 0.000000 2224.483887 0.000000 0.999132 0.000000 -0.041646 0.804243 0.804243 0.804243
5052.861816 0.000000 2226.855713 0.000000 0.744789 0.000000 -0.667300 0.874416 0.874416 0.874416
5055.092773 0.000000 2227.585693 0.000000 0.218126 0.000000 0.975921 0.662398 0.662398 0.662398
5052.428223 0.000000 2224.609863 0.000000 0.491261 0.000000 -0.871012 0.800000 0.800000 0.800000
5054.666016 0.000000 2222.618164 0.000000 0.998535 0.000000 -0.054108 0.800000 0.800000 0.800000
5054.498047 0.000000 2226.087158 0.000000 0.949665 0.000000 0.313268 0.767544 0.767544 0.767544
5055.893066 0.000000 2223.368408 0.000000 0.996913 0.000000 0.078509 0.800000 0.800000 0.800000
5055.893066 0.000000 2226.377686 0.000000 0.991335 0.000000 0.131355 0.786581 0.786581 0.786581
5055.518066 0.000000 2225.259277 0.000000 0.902043 0.000000 0.431647 0.754538 0.754538 0.754538
5052.407227 0.000000 2227.804199 0.000000 0.509142 0.000000 -0.860682 0.905588 0.905588 0.905588
5066.484375 0.000000 2205.530273 0.000000 0.267853 0.000000 -0.963460 0.800000 0.800000 0.800000
5073.537598 0.000000 2195.930664 0.000000 0.589798 0.000000 -0.807551 0.895746 0.895746 0.895746
5068.028809 0.000000 2193.442139 0.000000 0.173716 0.000000 -0.984796 0.800000 0.800000 0.800000
5072.116699 0.000000 2176.205811 0.000000 0.060966 0.000000 -0.998140 0.800000 0.800000 0.800000
5065.063965 0.000000 2187.399170 0.000000 0.976458 0.000000 -0.215709 0.800000 0.800000 0.800000
5077.732422 0.000000 2194.201904 0.000000 0.333187 0.000000 -0.942861 0.800000 0.800000 0.800000
5081.162598 0.000000 2176.856934 0.000000 0.082865 0.000000 0.996561 0.648450 0.648450 0.648450
5071.844238 0.000000 2192.104248 0.000000 0.990719 0.000000 -0.135924 0.813888 0.813888 0.813888
5063.398926 0.000000 2206.481201 0.000000 0.787933 0.000000 0.615761 0.732432 0.732432 0.732432
5071.524902 0.000000 2180.001709 0.000000 0.999141 0.000000 0.041434 0.795778 0.795778 0.795778
5076.494629 0.000000 2197.132324 0.000000 0.999960 0.000000 0.008946 0.799089 0.799089 0.799089
5069.245605 0.000000 2176.947510 0.000000 0.061566 0.000000 -0.998103 0.800000 0.800000 0.800000
5068.563477 0.000000 2190.581787 0.000000 0.165380 0.000000 -0.986230 0.943077 0.943077 0.943077
5067.578125 0.000000 2186.613770 0.000000 0.973788 0.000000 -0.227456 0.823373 0.823373 0.823373
5078.832031 0.000000 2197.917725 0.000000 0.939870 0.000000 0.341531 0.800000 0.800000 0.800000
5058.277344 0.000000 2181.824951 0.000000 0.624052 0.000000 0.781383 0.708645 0.708645 0.708645
5065.628906 0.000000 2200.382568 0.000000 0.998123 0.000000 0.061249 0.800000 0.800000 0.800000
5056.325195 0.000000 2183.180420 0.000000 0.736698 0.000000 -0.676222 0.800000 0.800000 0.800000
5066.662598 0.000000 2189.113281 0.000000 0.233820 0.000000 -0.972280 0.935961 0.935961 0.935961
5062.773926 0.000000 2204.194336 0.000000 0.424794 0.000000 0.905290 0.800000 0.800000 0.800000
5070.720215 0.000000 2190.146729 0.000000 0.556615 0.000000 0.830771 0.800000 0.800000 0.800000
5065.177734 0.000000 2203.820068 0.000000 0.974242 0.000000 0.225503 0.776831 0.776831 0.776831
5075.724609 0.000000 2195.055664 0.000000 0.156101 0.000000 -0.987741 0.944034 0.944034 0.944034
5072.981445 0.000000 2193.918213 0.000000 0.662584 0.000000 0.748988 0.800000 0.800000 0.800000
5069.791992 0.000000 2192.420166 0.000000 0.954223 0.000000 -0.299096 0.800000 0.800000 0.800000
5079.167480 0.000000 2176.006104 0.000000 0.963687 0.000000 -0.267034 0.827534 0.827534 0.827534
5067.981445 0.000000 2204.212646 0.000000 0.710946 0.000000 0.703247 0.800000 0.800000 0.800000
5078.207520 0.000000 2196.081299 0.000000 0.499344 0.000000 0.866404 0.800000 0.800000 0.800000
5058.145996 0.000000 2179.895508 0.000000 0.471019 0.000000 0.882123 0.689956 0.689956 0.689956
5066.798828 0.000000 2207.410156 0.000000 0.390356 0.000000 -0.920664 0.800000 0.800000 0.800000
5067.083984 0.000000 2191.786377 0.000000 0.994821 0.000000 -0.101645 0.800000 0.800000 0.800000
5070.166504 0.000000 2178.606445 0.000000 0.690251 0.000000 0.723570 0.717600 0.717600 0.717600
5064.558105 0.000000 2207.885986 0.000000 0.942108 0.000000 -0.335310 0.834829 0.834829 0.834829
5068.354980 0.000000 2188.842285 0.000000 0.916411 0.000000 -0.400238 0.841943 0.841943 0.841943
5065.528320 0.000000 2202.108643 0.000000 0.526141 0.000000 0.850397 0.696436 0.696436 0.696436
5064.767090 0.000000 2205.485840 0.000000 0.188406 0.000000 0.982091 0.659306 0.659306 0.659306
5074.892578 0.000000 2196.878662 0.000000 0.204908 0.000000 -0.978781 0.800000 0.800000 0.800000
5059.110840 0.000000 2178.621338 0.000000 0.806367 0.000000 0.591416 0.735542 0.735542 0.735542
5062.028809 0.000000 2205.604980 0.000000 0.548895 0.000000 -0.835891 0.800000 0.800000 0.800000
5064.959473 0.000000 2189.562500 0.000000 0.967683 0.000000 0.252169 0.800000 0.800000 0.800000
5070.894531 0.000000 2177.264160 0.000000 0.337629 0.000000 0.941279 0.675080 0.675080 0.675080
5074.357422 0.000000 2194.541748 0.000000 0.647477 0.000000 0.762085 0.711736 0.711736 0.711736
5065.497559 0.000000 2206.781494 0.000000 0.923381 0.000000 0.383886 0.759867 0.759867 0.759867
5066.532227 0.000000 2187.669922 0.000000 0.101355 0.000000 0.994850 0.650342 0.650342 0.650342
5057.761230 0.000000 2183.131836 0.000000 0.634583 0.000000 0.772855 0.800000 0.800000 0.800000
5073.493652 0.000000 2192.543945 0.000000 0.344640 0.000000 0.938735 0.800000 0.800000 0.800000
5072.202637 0.000000 2195.116699 0.000000 0.674251 0.000000 0.738502 0.715371 0.715371 0.715371
5069.573730 0.000000 2189.404297 0.000000 0.884261 0.000000 -0.466992 0.849492 0.849492 0.849492
5066.082031 0.000000 2186.364990 0.000000 0.158863 0.000000 0.987301 0.656251 0.656251 0.656251
5069.787109 0.000000 2191.050293 0.000000 0.696611 0.000000 -0.717449 0.881501 0.881501 0.881501
5070.985352 0.000000 2181.246094 0.000000 0.274903 0.000000 -0.961472 0.931633 0.931633 0.931633
5062.367676 0.000000 2207.286377 0.000000 0.905649 0.000000 0.424029 0.755397 0.755397 0.755397
5071.434570 0.000000 2178.596191 0.000000 0.696829 0.000000 -0.717237 0.881470 0.881470 0.881470
5067.518555 0.000000 2189.961670 0.000000 0.043485 0.000000 -0.999054 0.955569 0.955569 0.955569
5070.127441 0.000000 2176.128662 0.000000 0.387858 0.000000 -0.921719 0.919429 0.919429 0.919429
5077.672852 0.000000 2197.126953 0.000000 0.999862 0.000000 -0.016639 0.801695 0.801695 0.801695
5058.025879 0.000000 2178.772217 0.000000 0.650961 0.000000 -0.759111 0.887797 0.887797 0.887797
5065.929688 0.000000 2204.601807 0.000000 0.602598 0.000000 0.798045 0.705878 0.705878 0.705878
5064.256836 0.000000 2204.500977 0.000000 0.570492 0.000000 -0.821303 0.898161 0.898161 0.898161
5067.599609 0.000000 2187.942139 0.000000 0.043615 0.000000 -0.999048 0.955556 0.955556 0.955556
5070.518555 0.000000 2179.654053 0.000000 0.984764 0.000000 0.173895 0.782197 0.782197 0.782197
5064.389160 0.000000 2206.842041 0.000000 0.798505 0.000000 -0.601988 0.865800 0.865800 0.865800
5073.252441 0.000000 2194.900391 0.000000 0.989516 0.000000 0.144426 0.785237 0.785237 0.785237
5062.333008 0.000000 2208.647461 0.000000 0.972481 0.000000 0.232981 0.776049 0.776049 0.776049
5058.336914 0.000000 2216.425049 0.000000 0.696169 0.000000 -0.717878 0.800000 0.800000 0.800000
5060.062012 0.000000 2212.120361 0.000000 0.290009 0.000000 0.957024 0.800000 0.800000 0.800000
5057.764648 0.000000 2223.229736 0.000000 0.850879 0.000000 -0.525361 0.800000 0.800000 0.800000
5062.252930 0.000000 2212.941162 0.000000 0.122934 0.000000 -0.992415 0.947446 0.947446 0.947446
5064.483398 0.000000 2209.546875 0.000000 0.984870 0.000000 0.173295 0.800000 0.800000 0.800000
5056.028809 0.000000 2224.788818 0.000000 0.668927 0.000000 -0.743328 0.800000 0.800000 0.800000
5060.117676 0.000000 2215.164795 0.000000 0.627158 0.000000 -0.778892 0.800000 0.800000 0.800000
5062.559082 0.000000 2210.764648 0.000000 0.532972 0.000000 0.846133 0.697256 0.697256 0.697256
5061.167480 0.000000 2216.859375 0.000000 0.999588 0.000000 -0.028692 0.802923 0.802923 0.802923
5059.722656 0.000000 2217.774902 0.000000 0.940274 0.000000 0.340419 0.800000 0.800000 0.800000
5060.737305 0.000000 2213.629395 0.000000 0.998490 0.000000 -0.054934 0.800000 0.800000 0.800000
5063.791016 0.000000 2208.097900 0.000000 0.899619 0.000000 0.436676 0.753970 0.753970 0.753970
5063.198242 0.000000 2209.578369 0.000000 0.142496 0.000000 0.989795 0.654564 0.654564 0.654564
5063.128906 0.000000 2211.904297 0.000000 0.918554 0.000000 -0.395295 0.841394 0.841394 0.841394
5063.791992 0.000000 2210.651367 0.000000 0.971495 0.000000 0.237061 0.775621 0.775621 0.775621
5063.298340 0.000000 2213.118164 0.000000 0.170480 0.000000 0.985361 0.657450 0.657450 0.657450
5037.843750 0.000000 2251.939941 0.000000 0.953612 0.000000 -0.301038 0.831147 0.831147 0.831147
5032.544922 0.000000 2262.044678 0.000000 0.268655 0.000000 -0.963237 0.932295 0.932295 0.932295
5041.991699 0.000000 2246.318848 0.000000 0.988464 0.000000 0.151453 0.800000 0.800000 0.800000
5028.527832 0.000000 2268.744873 0.000000 0.170080 0.000000 0.985430 0.657409 0.657409 0.657409
5036.250000 0.000000 2248.074219 0.000000 0.486503 0.000000 0.873679 0.691753 0.691753 0.691753
5031.854980 0.000000 2266.123535 0.000000 0.726332 0.000000 -0.687344 0.877191 0.877191 0.877191
5033.208008 0.000000 2255.121582 0.000000 0.483207 0.000000 0.875506 0.800000 0.800000 0.800000
5039.378906 0.000000 2248.535889 0.000000 0.811265 0.000000 -0.584679 0.863609 0.863609 0.863609
5036.563477 0.000000 2254.581787 0.000000 0.496359 0.000000 0.868117 0.692906 0.692906 0.692906
5030.037598 0.000000 2264.051270 0.000000 0.950191 0.000000 0.311667 0.767716 0.767716 0.767716
5038.137695 0.000000 2246.218262 0.000000 0.832706 0.000000 0.553715 0.740227 0.740227 0.740227
5035.578125 0.000000 2250.613770 0.000000 0.425908 0.000000 -0.904767 0.800000 0.800000 0.800000
5030.243652 0.000000 2260.651855 0.000000 0.918191 0.000000 0.396137 0.800000 0.800000 0.800000
5033.628906 0.000000 2264.382568 0.000000 0.764195 0.000000 0.644985 0.728596 0.728596 0.728596
5034.662598 0.000000 2253.113281 0.000000 0.690116 0.000000 0.723699 0.717581 0.717581 0.717581
5030.773926 0.000000 2268.194336 0.000000 0.813638 0.000000 -0.581372 0.863195 0.863195 0.863195
5033.177734 0.000000 2267.820068 0.000000 0.856081 0.000000 0.516842 0.800000 0.800000 0.800000
5037.603516 0.000000 2249.754395 0.000000 0.648497 0.000000 0.761218 0.711873 0.711873 0.711873
5029.709473 0.000000 2266.366455 0.000000 0.747059 0.000000 0.664757 0.725931 0.725931 0.725931
5035.643066 0.000000 2260.648682 0.000000 0.588941 0.000000 -0.808176 0.800000 0.800000 0.800000
5035.083984 0.000000 2255.786377 0.000000 0.600869 0.000000 0.799348 0.705657 0.705657 0.705657
5039.989746 0.000000 2246.167480 0.000000 0.816610 0.000000 -0.577190 0.862672 0.862672 0.862672
5031.875488 0.000000 2263.829834 0.000000 0.539288 0.000000 -0.842121 0.901982 0.901982 0.901982
5030.708496 0.000000 2262.405273 0.000000 0.995719 0.000000 0.092429 0.790572 0.790572 0.790572
5036.354980 0.000000 2252.842285 0.000000 0.066833 0.000000 -0.997764 0.953187 0.953187 0.953187
5033.528320 0.000000 2266.108643 0.000000 0.569991 0.000000 -0.821651 0.800000 0.800000 0.800000
5034.096680 0.000000 2261.395020 0.000000 0.966429 0.000000 -0.256932 0.800000 0.800000 0.800000
5037.904297 0.000000 2247.838867 0.000000 0.093248 0.000000 0.995643 0.800000 0.800000 0.800000
5030.028809 0.000000 2269.604980 0.000000 0.999988 0.000000 0.004854 0.799506 0.799506 0.799506
5033.908203 0.000000 2262.894043 0.000000 0.975670 0.000000 -0.219244 0.822515 0.822515 0.822515
5040.813477 0.000000 2247.376953 0.000000 0.784369 0.000000 0.620294 0.800000 0.800000 0.800000
5034.563965 0.000000 2257.469971 0.000000 0.923929 0.000000 -0.382564 0.800000 0.800000 0.800000
5034.532227 0.000000 2251.669922 0.000000 0.896503 0.000000 0.443038 0.800000 0.800000 0.800000
5035.354492 0.000000 2249.208496 0.000000 0.949598 0.000000 -0.313471 0.800000 0.800000 0.800000
5030.634766 0.000000 2265.334229 0.000000 0.801372 0.000000 0.598166 0.734687 0.734687 0.734687
5034.486328 0.000000 2254.545654 0.000000 0.495333 0.000000 -0.868703 0.907215 0.907215 0.907215
5037.573730 0.000000 2253.404297 0.000000 0.693113 0.000000 0.720829 0.718004 0.718004 0.718004
5028.631836 0.000000 2267.337646 0.000000 0.998612 0.000000 0.052677 0.794632 0.794632 0.794632
5039.141113 0.000000 2247.229004 0.000000 0.780021 0.000000 0.625753 0.731133 0.731133 0.731133
5036.575195 0.000000 2251.492920 0.000000 0.578676 0.000000 0.815558 0.702858 0.702858 0.702858
5031.884766 0.000000 2267.482666 0.000000 0.996259 0.000000 -0.086421 0.808814 0.808814 0.808814
5037.787109 0.000000 2255.050293 0.000000 0.537890 0.000000 0.843015 0.697849 0.697849 0.697849
5032.457520 0.000000 2264.977539 0.000000 0.961882 0.000000 0.273464 0.771786 0.771786 0.771786
5028.212891 0.000000 2269.979248 0.000000 0.724498 0.000000 -0.689277 0.877463 0.877463 0.877463
5033.178223 0.000000 2260.533203 0.000000 0.968871 0.000000 0.247566 0.774518 0.774518 0.774518
5038.879883 0.000000 2249.676514 0.000000 0.022555 0.000000 0.999746 0.642298 0.642298 0.642298
5035.518555 0.000000 2253.961670 0.000000 0.999518 0.000000 -0.031035 0.803162 0.803162 0.803162
5030.810059 0.000000 2266.945068 0.000000 0.538883 0.000000 -0.842381 0.902031 0.902031 0.902031
5031.418457 0.000000 2269.253906 0.000000 0.973018 0.000000 0.230731 0.776284 0.776284 0.776284
5029.580078 0.000000 2268.211670 0.000000 0.539232 0.000000 -0.842157 0.901989 0.901989 0.901989
5032.898926 0.000000 2263.382080 0.000000 0.811397 0.000000 -0.584495 0.863586 0.863586 0.863586
5028.633301 0.000000 2266.156982 0.000000 0.623015 0.000000 0.782210 0.708510 0.708510 0.708510
5038.180664 0.000000 2248.875488 0.000000 0.435900 0.000000 -0.899995 0.914058 0.914058 0.914058
5037.016113 0.000000 2250.558838 0.000000 0.951965 0.000000 0.306208 0.768301 0.768301 0.768301
5018.323242 0.000000 2289.666016 0.000000 0.980954 0.000000 0.194238 0.800000 0.800000 0.800000
5023.616699 0.000000 2284.839844 0.000000 0.207824 0.000000 -0.978166 0.800000 0.800000 0.800000
5020.482422 0.000000 2280.834229 0.000000 0.048983 0.000000 0.998800 0.800000 0.800000 0.800000
5018.376465 0.000000 2285.245605 0.000000 0.993384 0.000000 0.114840 0.800000 0.800000 0.800000
5017.397461 0.000000 2293.802979 0.000000 0.887980 0.000000 -0.459883 0.848675 0.848675 0.848675
5017.304199 0.000000 2300.176025 0.000000 0.877984 0.000000 -0.478689 0.800000 0.800000 0.800000
5020.780273 0.000000 2283.672607 0.000000 0.447436 0.000000 0.894316 0.800000 0.800000 0.800000
5012.428711 0.000000 2302.634766 0.000000 0.817595 0.000000 0.575793 0.737502 0.737502 0.737502
5020.823242 0.000000 2286.420410 0.000000 0.948935 0.000000 0.315472 0.767308 0.767308 0.767308
5016.240723 0.000000 2291.334961 0.000000 0.047741 0.000000 0.998860 0.800000 0.800000 0.800000
5023.065430 0.000000 2282.366455 0.000000 0.925784 0.000000 -0.378054 0.839490 0.839490 0.839490
5018.883789 0.000000 2295.619141 0.000000 0.135777 0.000000 0.990739 0.800000 0.800000 0.800000
5019.518555 0.000000 2292.823730 0.000000 0.289686 0.000000 0.957122 0.800000 0.800000 0.800000
5014.658203 0.000000 2298.260254 0.000000 0.950919 0.000000 0.309438 0.800000 0.800000 0.800000
5011.947754 0.000000 2300.742432 0.000000 0.991203 0.000000 -0.132347 0.800000 0.800000 0.800000
5018.123535 0.000000 2291.565674 0.000000 0.950886 0.000000 -0.309542 0.832056 0.832056 0.832056
5019.062012 0.000000 2286.943848 0.000000 0.582315 0.000000 -0.812964 0.800000 0.800000 0.800000
5016.457520 0.000000 2298.521484 0.000000 0.859010 0.000000 0.511959 0.745254 0.745254 0.745254
5021.941895 0.000000 2284.884521 0.000000 0.354896 0.000000 0.934906 0.800000 0.800000 0.800000
5022.117676 0.000000 2280.686279 0.000000 0.190171 0.000000 0.981751 0.659489 0.659489 0.659489
5021.436035 0.000000 2282.161133 0.000000 0.234568 0.000000 -0.972100 0.800000 0.800000 0.800000
5016.071777 0.000000 2292.897217 0.000000 0.993475 0.000000 -0.114054 0.811643 0.811643 0.811643
5020.158203 0.000000 2285.040771 0.000000 0.996661 0.000000 -0.081653 0.800000 0.800000 0.800000
5017.465820 0.000000 2295.266846 0.000000 0.693745 0.000000 0.720221 0.718093 0.718093 0.718093
5015.679199 0.000000 2299.816162 0.000000 0.642252 0.000000 -0.766494 0.800000 0.800000 0.800000
5011.020996 0.000000 2302.394287 0.000000 0.319119 0.000000 -0.947715 0.800000 0.800000 0.800000
5018.921387 0.000000 2288.373291 0.000000 0.563309 0.000000 0.826246 0.800000 0.800000 0.800000
5019.739258 0.000000 2289.905029 0.000000 0.735825 0.000000 -0.677172 0.800000 0.800000 0.800000
5016.910156 0.000000 2289.944336 0.000000 0.380300 0.000000 0.924863 0.800000 0.800000 0.800000
5018.745117 0.000000 2294.209717 0.000000 0.699241 0.000000 0.714886 0.800000 0.800000 0.800000
5022.194336 0.000000 2283.467773 0.000000 0.623303 0.000000 -0.781981 0.891453 0.891453 0.891453
5013.774902 0.000000 2303.562988 0.000000 0.980794 0.000000 -0.195045 0.819995 0.819995 0.819995
5016.114258 0.000000 2294.451904 0.000000 0.999955 0.000000 -0.009516 0.800969 0.800969 0.800969
5019.451660 0.000000 2291.346436 0.000000 0.784170 0.000000 -0.620546 0.868188 0.868188 0.868188
5023.367188 0.000000 2283.645020 0.000000 0.734687 0.000000 -0.678406 0.875945 0.875945 0.875945
5012.977051 0.000000 2304.686279 0.000000 0.818320 0.000000 -0.574763 0.862370 0.862370 0.862370
5010.562500 0.000000 2307.029297 0.000000 0.065532 0.000000 -0.997850 0.800000 0.800000 0.800000
5010.509766 0.000000 2304.299805 0.000000 0.982868 0.000000 0.184310 0.800000 0.800000 0.800000
5015.167480 0.000000 2304.006104 0.000000 0.906112 0.000000 0.423039 0.800000 0.800000 0.800000
5012.492676 0.000000 2306.628906 0.000000 0.921436 0.000000 -0.388529 0.840645 0.840645 0.840645
5013.934570 0.000000 2307.570801 0.000000 0.378883 0.000000 -0.925445 0.920419 0.920419 0.920419
5011.326660 0.000000 2305.689453 0.000000 0.616394 0.000000 -0.787438 0.800000 0.800000 0.800000
5013.649902 0.000000 2305.798584 0.000000 0.547508 0.000000 -0.836801 0.900985 0.900985 0.900985
5012.365234 0.000000 2305.597656 0.000000 0.907490 0.000000 0.420074 0.755841 0.755841 0.755841
4620.028809 0.000000 2737.442139 0.000000 0.851246 0.000000 0.524766 0.800000 0.800000 0.800000
4634.376465 0.000000 2733.245605 0.000000 0.968214 0.000000 0.250124 0.774249 0.774249 0.774249
4623.844238 0.000000 2736.104248 0.000000 0.908311 0.000000 -0.418295 0.800000 0.800000 0.800000
4636.780273 0.000000 2731.672607 0.000000 0.419220 0.000000 -0.907885 0.800000 0.800000 0.800000
4620.563477 0.000000 2734.581787 0.000000 0.996605 0.000000 -0.082329 0.800000 0.800000 0.800000
4636.823242 0.000000 2734.420410 0.000000 0.147423 0.000000 -0.989074 0.800000 0.800000 0.800000
4634.168945 0.000000 2730.525146 0.000000 0.575807 0.000000 0.817586 0.800000 0.800000 0.800000
4622.720215 0.000000 2734.146729 0.000000 0.668878 0.000000 -0.743372 0.800000 0.800000 0.800000
4621.791992 0.000000 2736.420166 0.000000 0.793225 0.000000 -0.608928 0.800000 0.800000 0.800000
4635.062012 0.000000 2734.943848 0.000000 0.488802 0.000000 0.872395 0.800000 0.800000 0.800000
4637.941895 0.000000 2732.884521 0.000000 0.978795 0.000000 0.204842 0.778986 0.778986 0.778986
4635.810547 0.000000 2730.312012 0.000000 0.417500 0.000000 -0.908677 0.800000 0.800000 0.800000
4635.181152 0.000000 2731.855957 0.000000 0.117290 0.000000 -0.993098 0.800000 0.800000 0.800000
4637.436035 0.000000 2730.161133 0.000000 0.661157 0.000000 -0.750248 0.800000 0.800000 0.800000
4636.158203 0.000000 2733.040771 0.000000 0.484159 0.000000 0.874980 0.691480 0.691480 0.691480
4653.843750 0.000000 2731.939941 0.000000 0.185742 0.000000 0.982599 0.800000 0.800000 0.800000
4646.346191 0.000000 2727.327637 0.000000 0.398271 0.000000 0.917268 0.800000 0.800000 0.800000
4657.991699 0.000000 2726.318848 0.000000 0.999015 0.000000 0.044380 0.800000 0.800000 0.800000
4649.063965 0.000000 2731.399170 0.000000 0.558549 0.000000 -0.829472 0.800000 0.800000 0.800000
4642.336914 0.000000 2728.425049 0.000000 0.975221 0.000000 -0.221231 0.800000 0.800000 0.800000
4644.062012 0.000000 2724.120361 0.000000 0.983497 0.000000 0.180926 0.800000 0.800000 0.800000
4649.208008 0.000000 2735.121582 0.000000 0.835485 0.000000 0.549513 0.800000 0.800000 0.800000
4661.226562 0.000000 2727.274658 0.000000 0.979506 0.000000 0.201416 0.800000 0.800000 0.800000
4660.781250 0.000000 2731.220459 0.000000 0.521830 0.000000 -0.853049 0.800000 0.800000 0.800000
4649.434570 0.000000 2726.829834 0.000000 0.371105 0.000000 -0.928591 0.800000 0.800000 0.800000
4652.563477 0.000000 2734.581787 0.000000 0.663137 0.000000 -0.748498 0.800000 0.800000 0.800000
4651.578125 0.000000 2730.613770 0.000000 0.999611 0.000000 0.027901 0.800000 0.800000 0.800000
4642.277344 0.000000 2725.824951 0.000000 0.918224 0.000000 -0.396061 0.800000 0.800000 0.800000
4658.963867 0.000000 2728.413574 0.000000 0.394980 0.000000 0.918690 0.800000 0.800000 0.800000
4650.662598 0.000000 2733.113281 0.000000 0.228276 0.000000 0.973596 0.800000 0.800000 0.800000
4646.252930 0.000000 2724.941162 0.000000 0.786631 0.000000 -0.617424 0.800000 0.800000 0.800000
4644.117676 0.000000 2727.164795 0.000000 0.884554 0.000000 0.466438 0.800000 0.800000 0.800000
4661.673828 0.000000 2733.217529 0.000000 0.828847 0.000000 0.559475 0.800000 0.800000 0.800000
4661.583008 0.000000 2729.347900 0.000000 0.937365 0.000000 -0.348348 0.836242 0.836242 0.836242
4645.167480 0.000000 2728.859375 0.000000 0.874612 0.000000 0.484824 0.800000 0.800000 0.800000
4651.083984 0.000000 2735.786377 0.000000 0.854867 0.000000 0.518848 0.800000 0.800000 0.800000
4649.917480 0.000000 2724.967041 0.000000 0.734315 0.000000 -0.678809 0.800000 0.800000 0.800000
4657.190918 0.000000 2728.794189 0.000000 0.995708 0.000000 -0.092548 0.800000 0.800000 0.800000
4647.676270 0.000000 2726.117432 0.000000 0.988720 0.000000 0.149777 0.800000 0.800000 0.800000
4647.988770 0.000000 2727.927002 0.000000 0.950927 0.000000 0.309414 0.800000 0.800000 0.800000
4652.354980 0.000000 2732.842285 0.000000 0.804213 0.000000 0.594342 0.800000 0.800000 0.800000
4659.713379 0.000000 2726.036133 0.000000 0.716638 0.000000 -0.697446 0.800000 0.800000 0.800000
4659.477051 0.000000 2730.096436 0.000000 0.235268 0.000000 0.971931 0.800000 0.800000 0.800000
4643.722656 0.000000 2729.774902 0.000000 0.927376 0.000000 0.374130 0.800000 0.800000 0.800000
4644.737305 0.000000 2725.629395 0.000000 0.848582 0.000000 -0.529064 0.800000 0.800000 0.800000
4648.959473 0.000000 2733.562500 0.000000 0.487548 0.000000 0.873096 0.800000 0.800000 0.800000
4656.813477 0.000000 2727.376953 0.000000 0.380504 0.000000 -0.924779 0.800000 0.800000 0.800000
4650.532227 0.000000 2731.669922 0.000000 0.037741 0.000000 -0.999288 0.800000 0.800000 0.800000
4660.343750 0.000000 2728.650635 0.000000 0.988354 0.000000 -0.152172 0.815561 0.815561 0.815561
4674.336914 0.000000 2728.425049 0.000000 0.999478 0.000000 0.032312 0.800000 0.800000 0.800000
4677.130859 0.000000 2730.842529 0.000000 0.130854 0.000000 0.991402 0.800000 0.800000 0.800000
4676.117676 0.000000 2727.164795 0.000000 0.553547 0.000000 0.832818 0.800000 0.800000 0.800000
4674.225586 0.000000 2730.607422 0.000000 0.010149 0.000000 -0.999949 0.800000 0.800000 0.800000
4677.167480 0.000000 2728.859375 0.000000 0.807732 0.000000 0.589550 0.800000 0.800000 0.800000
4675.722656 0.000000 2729.774902 0.000000 0.843079 0.000000 0.537790 0.800000 0.800000 0.800000
4675.596680 0.000000 2731.260742 0.000000 0.532080 0.000000 -0.846694 0.800000 0.800000 0.800000
4717.843750 0.000000 2763.939941 0.000000 0.982788 0.000000 -0.184738 0.800000 0.800000 0.800000
4735.539551 0.000000 2782.021240 0.000000 0.998467 0.000000 0.055354 0.794359 0.794359 0.794359
4716.250000 0.000000 2760.074219 0.000000 0.984963 0.000000 -0.172763 0.800000 0.800000 0.800000
4732.450684 0.000000 2781.061768 0.000000 0.783172 0.000000 0.621805 0.731648 0.731648 0.731648
4733.576172 0.000000 2783.152344 0.000000 0.510824 0.000000 0.859686 0.800000 0.800000 0.800000
4717.603516 0.000000 2761.754395 0.000000 0.923509 0.000000 0.383577 0.800000 0.800000 0.800000
4734.257324 0.000000 2780.641602 0.000000 0.160704 0.000000 0.987003 0.656440 0.656440 0.656440
4717.895508 0.000000 2756.516357 0.000000 0.304546 0.000000 -0.952497 0.800000 0.800000 0.800000
4735.603027 0.000000 2783.537109 0.000000 0.848307 0.000000 0.529505 0.743161 0.743161 0.743161
4733.592773 0.000000 2781.815186 0.000000 0.829043 0.000000 -0.559184 0.860443 0.860443 0.860443
4734.655762 0.000000 2782.851562 0.000000 0.295370 0.000000 0.955383 0.670542 0.670542 0.670542
4733.226562 0.000000 2780.293457 0.000000 0.151291 0.000000 0.988489 0.655470 0.655470 0.655470
4721.537598 0.000000 2803.930664 0.000000 0.909913 0.000000 -0.414800 0.800000 0.800000 0.800000
4734.083984 0.000000 2784.082275 0.000000 0.952435 0.000000 -0.304742 0.800000 0.800000 0.800000
4712.367188 0.000000 2787.822510 0.000000 0.132386 0.000000 -0.991198 0.800000 0.800000 0.800000
4722.849121 0.000000 2801.109375 0.000000 0.384528 0.000000 0.923113 0.800000 0.800000 0.800000
4723.724609 0.000000 2803.055664 0.000000 0.422281 0.000000 0.906465 0.684407 0.684407 0.684407
4720.981445 0.000000 2801.918213 0.000000 0.884429 0.000000 0.466674 0.800000 0.800000 0.800000
4735.113281 0.000000 2785.236084 0.000000 0.999168 0.000000 -0.040785 0.800000 0.800000 0.800000
4722.357422 0.000000 2802.541748 0.000000 0.408807 0.000000 0.912621 0.682898 0.682898 0.682898
4721.493652 0.000000 2800.543945 0.000000 0.882098 0.000000 -0.471065 0.800000 0.800000 0.800000
4722.739258 0.000000 2803.721924 0.000000 0.290248 0.000000 -0.956952 0.930004 0.930004 0.930004
4723.310059 0.000000 2802.081787 0.000000 0.762299 0.000000 -0.647225 0.871703 0.871703 0.871703
4831.539551 0.000000 2718.021240 0.000000 0.592920 0.000000 -0.805262 0.800000 0.800000 0.800000
4825.304199 0.000000 2716.176025 0.000000 0.930843 0.000000 0.365420 0.800000 0.800000 0.800000
4830.257324 0.000000 2716.641602 0.000000 0.163472 0.000000 0.986548 0.800000 0.800000 0.800000
4817.755859 0.000000 2719.285400 0.000000 0.425333 0.000000 -0.905037 0.800000 0.800000 0.800000
4825.196777 0.000000 2718.529053 0.000000 0.389425 0.000000 -0.921058 0.800000 0.800000 0.800000
4831.603027 0.000000 2719.537109 0.000000 0.891620 0.000000 0.452785 0.800000 0.800000 0.800000
4832.671875 0.000000 2718.357910 0.000000 0.058285 0.000000 0.998300 0.800000 0.800000 0.800000
4839.398926 0.000000 2718.481201 0.000000 0.999248 0.000000 -0.038780 0.800000 0.800000 0.800000
4835.061523 0.000000 2718.539795 0.000000 0.894920 0.000000 -0.446227 0.800000 0.800000 0.800000
4837.139648 0.000000 2718.875000 0.000000 0.972622 0.000000 -0.232394 0.800000 0.800000 0.800000
4833.921387 0.000000 2719.779297 0.000000 0.742231 0.000000 -0.670144 0.800000 0.800000 0.800000
4832.507812 0.000000 2716.714355 0.000000 0.767307 0.000000 -0.641280 0.800000 0.800000 0.800000
4828.482422 0.000000 2728.834229 0.000000 0.820956 0.000000 -0.570991 0.800000 0.800000 0.800000
4816.116699 0.000000 2720.205811 0.000000 0.100952 0.000000 -0.994891 0.800000 0.800000 0.800000
4831.594727 0.000000 2727.899170 0.000000 0.007920 0.000000 -0.999969 0.800000 0.800000 0.800000
4829.457520 0.000000 2726.340332 0.000000 0.872301 0.000000 0.488969 0.800000 0.800000 0.800000
4830.117676 0.000000 2728.686279 0.000000 0.796089 0.000000 0.605179 0.800000 0.800000 0.800000
4828.145996 0.000000 2727.353516 0.000000 0.664085 0.000000 0.747657 0.800000 0.800000 0.800000
4831.259277 0.000000 2726.479492 0.000000 0.936123 0.000000 0.351672 0.800000 0.800000 0.800000
4844.263672 0.000000 2723.783203 0.000000 0.672258 0.000000 -0.740317 0.800000 0.800000 0.800000
4838.333008 0.000000 2720.647461 0.000000 0.969212 0.000000 0.246228 0.800000 0.800000 0.800000
4849.991699 0.000000 2726.318848 0.000000 0.214838 0.000000 -0.976650 0.800000 0.800000 0.800000
4851.599121 0.000000 2734.177734 0.000000 0.310530 0.000000 0.950564 0.800000 0.800000 0.800000
4832.155762 0.000000 2731.875977 0.000000 0.660781 0.000000 0.750579 0.713528 0.713528 0.713528
4849.770996 0.000000 2730.510742 0.000000 0.995658 0.000000 -0.093085 0.800000 0.800000 0.800000
4840.367188 0.000000 2723.822510 0.000000 0.035687 0.000000 0.999363 0.800000 0.800000 0.800000
4854.982422 0.000000 2734.966064 0.000000 0.996618 0.000000 0.082174 0.800000 0.800000 0.800000
4835.067383 0.000000 2721.031982 0.000000 0.690024 0.000000 0.723787 0.800000 0.800000 0.800000
4847.524902 0.000000 2724.001709 0.000000 0.146144 0.000000 0.989263 0.800000 0.800000 0.800000
4847.378906 0.000000 2728.535889 0.000000 0.875165 0.000000 0.483824 0.800000 0.800000 0.800000
4848.766113 0.000000 2733.274658 0.000000 0.140420 0.000000 -0.990092 0.800000 0.800000 0.800000
4850.849121 0.000000 2737.109375 0.000000 0.006868 0.000000 -0.999976 0.800000 0.800000 0.800000
4846.137695 0.000000 2726.218262 0.000000 0.914020 0.000000 -0.405670 0.842548 0.842548 0.842548
4832.261719 0.000000 2729.458252 0.000000 0.422525 0.000000 -0.906352 0.800000 0.800000 0.800000
4855.750977 0.000000 2737.126953 0.000000 0.997968 0.000000 -0.063710 0.800000 0.800000 0.800000
4853.036621 0.000000 2736.032227 0.000000 0.375241 0.000000 -0.926927 0.800000 0.800000 0.800000
4843.557129 0.000000 2725.922363 0.000000 0.014423 0.000000 -0.999896 0.800000 0.800000 0.800000
4846.720215 0.000000 2734.146729 0.000000 0.209169 0.000000 -0.977880 0.800000 0.800000 0.800000
4842.519531 0.000000 2722.410156 0.000000 0.982940 0.000000 -0.183927 0.800000 0.800000 0.800000
4838.559082 0.000000 2722.764648 0.000000 0.655191 0.000000 0.755463 0.800000 0.800000 0.800000
4849.758789 0.000000 2735.165527 0.000000 0.764695 0.000000 0.644393 0.800000 0.800000 0.800000
4851.041992 0.000000 2732.248291 0.000000 0.978616 0.000000 -0.205694 0.800000 0.800000 0.800000
4834.145996 0.000000 2723.895508 0.000000 0.981919 0.000000 -0.189300 0.800000 0.800000 0.800000
4836.704590 0.000000 2722.037598 0.000000 0.266001 0.000000 -0.963973 0.800000 0.800000 0.800000
4832.115234 0.000000 2733.962158 0.000000 0.443374 0.000000 -0.896337 0.800000 0.800000 0.800000
4841.917480 0.000000 2724.967041 0.000000 0.742946 0.000000 -0.669351 0.800000 0.800000 0.800000
4849.451660 0.000000 2724.516113 0.000000 0.342829 0.000000 -0.939398 0.800000 0.800000 0.800000
4847.989746 0.000000 2726.167480 0.000000 0.917502 0.000000 -0.397732 0.841665 0.841665 0.841665
4849.190918 0.000000 2728.794189 0.000000 0.409883 0.000000 -0.912138 0.800000 0.800000 0.800000
4836.504395 0.000000 2720.043457 0.000000 0.839272 0.000000 -0.543711 0.800000 0.800000 0.800000
4845.895508 0.000000 2724.516357 0.000000 0.877873 0.000000 -0.478893 0.850868 0.850868 0.850868
4844.138184 0.000000 2722.131348 0.000000 0.827409 0.000000 0.561600 0.800000 0.800000 0.800000
4847.291992 0.000000 2732.641113 0.000000 0.999394 0.000000 0.034806 0.800000 0.800000 0.800000
4835.110840 0.000000 2722.621338 0.000000 0.794751 0.000000 -0.606936 0.800000 0.800000 0.800000
4845.904297 0.000000 2727.838867 0.000000 0.994231 0.000000 -0.107261 0.800000 0.800000 0.800000
4833.540527 0.000000 2733.268799 0.000000 0.998541 0.000000 0.053994 0.800000 0.800000 0.800000
4852.361816 0.000000 2737.452881 0.000000 0.942464 0.000000 -0.334307 0.800000 0.800000 0.800000
4848.795410 0.000000 2731.719482 0.000000 0.378739 0.000000 0.925503 0.800000 0.800000 0.800000
4842.641602 0.000000 2727.788330 0.000000 0.796227 0.000000 -0.604997 0.800000 0.800000 0.800000
4839.791016 0.000000 2720.097900 0.000000 0.994218 0.000000 0.107384 0.800000 0.800000 0.800000
4851.564453 0.000000 2735.751953 0.000000 0.346119 0.000000 0.938191 0.800000 0.800000 0.800000
4848.813477 0.000000 2727.376953 0.000000 0.263326 0.000000 0.964707 0.800000 0.800000 0.800000
4850.180176 0.000000 2733.686035 0.000000 0.840735 0.000000 0.541446 0.800000 0.800000 0.800000
4854.315430 0.000000 2736.722656 0.000000 0.999406 0.000000 0.034471 0.800000 0.800000 0.800000
4853.054199 0.000000 2734.586914 0.000000 0.141355 0.000000 0.989959 0.800000 0.800000 0.800000
4843.354492 0.000000 2729.208496 0.000000 0.842964 0.000000 -0.537969 0.800000 0.800000 0.800000
4848.260254 0.000000 2734.614258 0.000000 0.445346 0.000000 0.895359 0.800000 0.800000 0.800000
4833.616699 0.000000 2731.867920 0.000000 0.453886 0.000000 0.891060 0.687988 0.687988 0.687988
4847.141113 0.000000 2727.229004 0.000000 0.517504 0.000000 0.855681 0.695404 0.695404 0.695404
4832.865723 0.000000 2730.694580 0.000000 0.013285 0.000000 0.999912 0.641353 0.641353 0.641353
4736.671875 0.000000 2782.357910 0.000000 0.155341 0.000000 -0.987861 0.800000 0.800000 0.800000
4767.065430 0.000000 2762.366455 0.000000 0.184405 0.000000 -0.982850 0.800000 0.800000 0.800000
4737.921387 0.000000 2783.779297 0.000000 0.117184 0.000000 -0.993110 0.800000 0.800000 0.800000
4766.117676 0.000000 2760.686279 0.000000 0.758340 0.000000 -0.651859 0.800000 0.800000 0.800000
4778.484375 0.000000 2781.530273 0.000000 0.603038 0.000000 0.797713 0.705934 0.705934 0.705934
4768.155762 0.000000 2763.875977 0.000000 0.827691 0.000000 -0.561184 0.860689 0.860689 0.860689
4782.038574 0.000000 2780.374756 0.000000 0.898918 0.000000 0.438118 0.800000 0.800000 0.800000
4781.127930 0.000000 2783.200928 0.000000 0.367448 0.000000 -0.930044 0.921674 0.921674 0.921674
4771.005859 0.000000 2764.672852 0.000000 0.850590 0.000000 0.525829 0.800000 0.800000 0.800000
4797.382812 0.000000 2776.181885 0.000000 0.240348 0.000000 -0.970687 0.800000 0.800000 0.800000
4783.855469 0.000000 2782.975342 0.000000 0.426908 0.000000 -0.904295 0.915073 0.915073 0.915073
4768.261719 0.000000 2761.458252 0.000000 0.991939 0.000000 0.126714 0.800000 0.800000 0.800000
4779.981445 0.000000 2780.212646 0.000000 0.488987 0.000000 0.872291 0.692043 0.692043 0.692043
4778.798828 0.000000 2783.410156 0.000000 0.654225 0.000000 -0.756300 0.800000 0.800000 0.800000
4768.115234 0.000000 2765.962158 0.000000 0.197369 0.000000 0.980329 0.660237 0.660237 0.660237
4776.558105 0.000000 2783.885986 0.000000 0.999963 0.000000 -0.008578 0.800000 0.800000 0.800000
4796.776367 0.000000 2779.307861 0.000000 0.990838 0.000000 0.135053 0.786201 0.786201 0.786201
4782.353027 0.000000 2782.017090 0.000000 0.228863 0.000000 -0.973459 0.936480 0.936480 0.936480
4776.767090 0.000000 2781.485840 0.000000 0.919021 0.000000 -0.394209 0.800000 0.800000 0.800000
4780.059082 0.000000 2781.845215 0.000000 0.186870 0.000000 0.982385 0.800000 0.800000 0.800000
4769.540527 0.000000 2765.268799 0.000000 0.686251 0.000000 0.727365 0.717038 0.717038 0.717038
4796.964844 0.000000 2777.731445 0.000000 0.341404 0.000000 0.939916 0.800000 0.800000 0.800000
4782.526855 0.000000 2783.822021 0.000000 0.901610 0.000000 0.432550 0.754436 0.754436 0.754436
4777.497559 0.000000 2782.781494 0.000000 0.049576 0.000000 -0.998770 0.800000 0.800000 0.800000
4769.616699 0.000000 2763.867920 0.000000 0.920749 0.000000 -0.390156 0.840825 0.840825 0.840825
4768.865723 0.000000 2762.694580 0.000000 0.987980 0.000000 0.154584 0.784191 0.784191 0.784191
4757.711914 0.000000 2808.133057 0.000000 0.876074 0.000000 0.482176 0.748751 0.748751 0.748751
4762.376465 0.000000 2797.245605 0.000000 0.537064 0.000000 0.843542 0.697749 0.697749 0.697749
4766.641113 0.000000 2800.483887 0.000000 0.593590 0.000000 -0.804768 0.800000 0.800000 0.800000
4736.283691 0.000000 2784.049316 0.000000 0.254909 0.000000 -0.966965 0.800000 0.800000 0.800000
4756.023926 0.000000 2810.748535 0.000000 0.977239 0.000000 0.212141 0.800000 0.800000 0.800000
4764.823242 0.000000 2798.420410 0.000000 0.905354 0.000000 -0.424657 0.844674 0.844674 0.844674
4759.791016 0.000000 2796.426270 0.000000 0.058314 0.000000 0.998298 0.800000 0.800000 0.800000
4752.231445 0.000000 2810.878662 0.000000 0.569949 0.000000 -0.821680 0.800000 0.800000 0.800000
4761.318848 0.000000 2799.447021 0.000000 0.720908 0.000000 0.693031 0.800000 0.800000 0.800000
4758.658203 0.000000 2810.260254 0.000000 0.154910 0.000000 -0.987929 0.800000 0.800000 0.800000
4749.203125 0.000000 2810.517822 0.000000 0.953302 0.000000 -0.302019 0.831251 0.831251 0.831251
4766.666016 0.000000 2798.618164 0.000000 0.987754 0.000000 -0.156021 0.800000 0.800000 0.800000
4756.191895 0.000000 2806.934570 0.000000 0.394238 0.000000 -0.919008 0.800000 0.800000 0.800000
4758.490234 0.000000 2795.251465 0.000000 0.525409 0.000000 -0.850850 0.903652 0.903652 0.903652
4760.723633 0.000000 2797.872314 0.000000 0.693310 0.000000 -0.720639 0.881968 0.881968 0.881968
4765.941895 0.000000 2796.884521 0.000000 0.204574 0.000000 0.978851 0.800000 0.800000 0.800000
4759.334961 0.000000 2807.612305 0.000000 0.142611 0.000000 0.989779 0.800000 0.800000 0.800000
4750.753906 0.000000 2810.092041 0.000000 0.174210 0.000000 0.984708 0.800000 0.800000 0.800000
4761.364258 0.000000 2795.963867 0.000000 0.330041 0.000000 -0.943967 0.800000 0.800000 0.800000
4748.059082 0.000000 2813.845215 0.000000 0.437974 0.000000 0.898987 0.800000 0.800000 0.800000
4737.874023 0.000000 2784.103760 0.000000 0.701295 0.000000 -0.712872 0.800000 0.800000 0.800000
4757.190430 0.000000 2809.591064 0.000000 0.686769 0.000000 -0.726876 0.882889 0.882889 0.882889
4764.158203 0.000000 2797.040771 0.000000 0.834413 0.000000 0.551140 0.800000 0.800000 0.800000
4760.501953 0.000000 2794.781738 0.000000 0.245533 0.000000 0.969388 0.800000 0.800000 0.800000
4757.407227 0.000000 2811.354492 0.000000 0.535343 0.000000 0.844635 0.800000 0.800000 0.800000
4759.679199 0.000000 2811.816162 0.000000 0.382799 0.000000 -0.923832 0.800000 0.800000 0.800000
4767.893066 0.000000 2799.368408 0.000000 0.668007 0.000000 -0.744155 0.800000 0.800000 0.800000
4757.469238 0.000000 2806.285645 0.000000 0.915975 0.000000 0.401234 0.800000 0.800000 0.800000
4758.941895 0.000000 2808.920410 0.000000 0.466024 0.000000 -0.884772 0.910619 0.910619 0.910619
4765.599609 0.000000 2799.562744 0.000000 0.979128 0.000000 0.203247 0.779152 0.779152 0.779152
4764.090332 0.000000 2799.489502 0.000000 0.023914 0.000000 -0.999714 0.957564 0.957564 0.957564
4763.335449 0.000000 2797.829834 0.000000 0.074464 0.000000 0.997224 0.647592 0.647592 0.647592
4761.358398 0.000000 2797.051758 0.000000 0.871415 0.000000 0.490547 0.747775 0.747775 0.747775
4781.843750 0.000000 2795.939941 0.000000 0.963110 0.000000 0.269109 0.772247 0.772247 0.772247
4780.028809 0.000000 2801.442139 0.000000 0.719020 0.000000 0.694989 0.800000 0.800000 0.800000
4780.250000 0.000000 2792.074219 0.000000 0.317533 0.000000 -0.948247 0.927087 0.927087 0.927087
4783.844238 0.000000 2800.104248 0.000000 0.722926 0.000000 -0.690925 0.877695 0.877695 0.877695
4776.367188 0.000000 2787.822510 0.000000 0.091017 0.000000 0.995849 0.800000 0.800000 0.800000
4769.764648 0.000000 2799.229736 0.000000 0.966877 0.000000 -0.255242 0.800000 0.800000 0.800000
4786.562500 0.000000 2787.029297 0.000000 0.804232 0.000000 -0.594316 0.800000 0.800000 0.800000
4779.187012 0.000000 2810.396729 0.000000 0.808650 0.000000 -0.588290 0.800000 0.800000 0.800000
4783.378906 0.000000 2792.535889 0.000000 0.745299 0.000000 0.666731 0.800000 0.800000 0.800000
4777.434570 0.000000 2790.829834 0.000000 0.995368 0.000000 0.096140 0.800000 0.800000 0.800000
4780.563477 0.000000 2798.581787 0.000000 0.894405 0.000000 -0.447257 0.800000 0.800000 0.800000
4779.578125 0.000000 2794.613770 0.000000 0.324846 0.000000 0.945767 0.800000 0.800000 0.800000
4777.628906 0.000000 2808.382568 0.000000 0.655264 0.000000 0.755400 0.712782 0.712782 0.712782
4768.028809 0.000000 2800.788818 0.000000 0.981604 0.000000 -0.190930 0.819568 0.819568 0.819568
4779.557129 0.000000 2789.922363 0.000000 0.856135 0.000000 0.516752 0.744685 0.744685 0.744685
4782.720215 0.000000 2798.146729 0.000000 0.996753 0.000000 -0.080522 0.808211 0.808211 0.808211
4778.519531 0.000000 2786.410156 0.000000 0.999326 0.000000 0.036704 0.800000 0.800000 0.800000
4777.177734 0.000000 2811.820068 0.000000 0.443754 0.000000 -0.896149 0.913167 0.913167 0.913167
4783.610840 0.000000 2794.665527 0.000000 0.212983 0.000000 0.977056 0.661862 0.661862 0.661862
4781.603516 0.000000 2793.754395 0.000000 0.601752 0.000000 -0.798683 0.894230 0.894230 0.894230
4784.650391 0.000000 2786.273926 0.000000 0.764505 0.000000 0.644618 0.800000 0.800000 0.800000
4781.791992 0.000000 2800.420166 0.000000 0.995818 0.000000 0.091356 0.800000 0.800000 0.800000
4777.917480 0.000000 2788.967041 0.000000 0.353171 0.000000 -0.935559 0.923233 0.923233 0.923233
4779.870605 0.000000 2808.630127 0.000000 0.762835 0.000000 0.646594 0.800000 0.800000 0.800000
4785.451660 0.000000 2788.516113 0.000000 0.992099 0.000000 -0.125455 0.800000 0.800000 0.800000
4780.354980 0.000000 2796.842285 0.000000 0.280035 0.000000 0.959990 0.800000 0.800000 0.800000
4781.895508 0.000000 2788.516357 0.000000 0.658698 0.000000 -0.752408 0.800000 0.800000 0.800000
4777.528320 0.000000 2810.108643 0.000000 0.533799 0.000000 -0.845611 0.902644 0.902644 0.902644
4783.291992 0.000000 2796.641113 0.000000 0.676088 0.000000 0.736821 0.715624 0.715624 0.715624
4781.904297 0.000000 2791.838867 0.000000 0.912229 0.000000 0.409680 0.757005 0.757005 0.757005
4787.023438 0.000000 2788.612061 0.000000 0.726209 0.000000 0.687474 0.800000 0.800000 0.800000
4778.641602 0.000000 2791.788330 0.000000 0.935686 0.000000 -0.352833 0.836730 0.836730 0.836730
4778.532227 0.000000 2795.669922 0.000000 0.930699 0.000000 -0.365786 0.800000 0.800000 0.800000
4779.354492 0.000000 2793.208496 0.000000 0.179837 0.000000 0.983696 0.658418 0.658418 0.658418
4778.637207 0.000000 2811.684570 0.000000 0.476549 0.000000 0.879148 0.800000 0.800000 0.800000
4780.748535 0.000000 2790.740967 0.000000 0.539283 0.000000 -0.842125 0.901982 0.901982 0.901982
4780.575195 0.000000 2795.492920 0.000000 0.050535 0.000000 -0.998722 0.954850 0.954850 0.954850
4776.614258 0.000000 2789.144775 0.000000 0.734682 0.000000 0.678412 0.724054 0.724054 0.724054
4776.457520 0.000000 2808.977539 0.000000 0.737341 0.000000 0.675521 0.724454 0.724454 0.724454
4782.968750 0.000000 2801.061523 0.000000 0.649144 0.000000 -0.760666 0.888041 0.888041 0.888041
4782.331055 0.000000 2794.801514 0.000000 0.919939 0.000000 0.392061 0.758964 0.758964 0.758964
4778.381348 0.000000 2790.115723 0.000000 0.990972 0.000000 -0.134069 0.813697 0.813697 0.813697
4779.381348 0.000000 2788.752441 0.000000 0.351746 0.000000 -0.936095 0.923388 0.923388 0.923388
4782.820801 0.000000 2799.544189 0.000000 0.931184 0.000000 0.364550 0.761991 0.761991 0.761991
4780.409668 0.000000 2793.769043 0.000000 0.965457 0.000000 0.260562 0.773150 0.773150 0.773150
4779.533203 0.000000 2791.116943 0.000000 0.041230 0.000000 -0.999150 0.955799 0.955799 0.955799
4783.919434 0.000000 2801.617432 0.000000 0.067411 0.000000 -0.997725 0.953128 0.953128 0.953128
4781.011230 0.000000 2792.827881 0.000000 0.991927 0.000000 -0.126809 0.812952 0.812952 0.812952
4783.754395 0.000000 2797.652588 0.000000 0.414248 0.000000 0.910164 0.683506 0.683506 0.683506
4781.016113 0.000000 2794.558838 0.000000 0.890401 0.000000 0.455176 0.751864 0.751864 0.751864
4777.420410 0.000000 2789.835693 0.000000 0.402061 0.000000 0.915613 0.682146 0.682146 0.682146
4810.484375 0.000000 2781.530273 0.000000 0.328170 0.000000 -0.944619 0.800000 0.800000 0.800000
4811.187012 0.000000 2778.396729 0.000000 0.107288 0.000000 -0.994228 0.800000 0.800000 0.800000
4813.127930 0.000000 2783.200928 0.000000 0.547830 0.000000 -0.836590 0.900945 0.900945 0.900945
4813.203125 0.000000 2778.517822 0.000000 0.070237 0.000000 -0.997530 0.800000 0.800000 0.800000
4811.981445 0.000000 2780.212646 0.000000 0.963206 0.000000 0.268766 0.800000 0.800000 0.800000
4810.798828 0.000000 2783.410156 0.000000 0.745745 0.000000 0.666231 0.800000 0.800000 0.800000
4812.059082 0.000000 2781.845215 0.000000 0.940454 0.000000 -0.339921 0.835328 0.835328 0.835328
4810.637207 0.000000 2779.684570 0.000000 0.966208 0.000000 -0.257765 0.800000 0.800000 0.800000
4812.051270 0.000000 2783.007080 0.000000 0.957315 0.000000 0.289046 0.770132 0.770132 0.770132
4845.880859 0.000000 2776.671875 0.000000 0.407022 0.000000 0.913419 0.800000 0.800000 0.800000
4863.539551 0.000000 2782.021240 0.000000 0.993331 0.000000 0.115297 0.788230 0.788230 0.788230
4841.063965 0.000000 2763.399170 0.000000 0.918057 0.000000 0.396449 0.800000 0.800000 0.800000
4841.208008 0.000000 2767.121582 0.000000 0.700207 0.000000 -0.713940 0.880989 0.880989 0.880989
4833.764648 0.000000 2767.229736 0.000000 0.493761 0.000000 0.869598 0.800000 0.800000 0.800000
4860.450684 0.000000 2781.061768 0.000000 0.975219 0.000000 -0.221241 0.800000 0.800000 0.800000
4843.187012 0.000000 2778.396729 0.000000 0.010003 0.000000 0.999950 0.641019 0.641019 0.641019
4841.952637 0.000000 2771.477539 0.000000 0.964957 0.000000 0.262407 0.800000 0.800000 0.800000
4861.576172 0.000000 2783.152344 0.000000 0.983068 0.000000 0.183240 0.781229 0.781229 0.781229
4832.028809 0.000000 2768.788818 0.000000 0.903223 0.000000 0.429171 0.754818 0.754818 0.754818
4845.203125 0.000000 2778.517822 0.000000 0.946687 0.000000 0.322156 0.800000 0.800000 0.800000
4835.633789 0.000000 2767.782227 0.000000 0.961205 0.000000 -0.275836 0.828466 0.828466 0.828466
4843.083984 0.000000 2767.786377 0.000000 0.003355 0.000000 -0.999994 0.800000 0.800000 0.800000
4840.087402 0.000000 2771.890625 0.000000 0.898473 0.000000 0.439028 0.800000 0.800000 0.800000
4834.294922 0.000000 2769.083252 0.000000 0.907988 0.000000 0.418997 0.755962 0.755962 0.755962
4862.257324 0.000000 2780.641602 0.000000 0.329509 0.000000 -0.944152 0.800000 0.800000 0.800000
4843.870605 0.000000 2776.630127 0.000000 0.734441 0.000000 -0.678673 0.800000 0.800000 0.800000
4835.822754 0.000000 2766.171875 0.000000 0.776048 0.000000 0.630674 0.730489 0.730489 0.730489
4843.397949 0.000000 2770.927979 0.000000 0.875657 0.000000 -0.482933 0.800000 0.800000 0.800000
4840.959473 0.000000 2765.562500 0.000000 0.976559 0.000000 0.215250 0.777902 0.777902 0.777902
4863.603027 0.000000 2783.537109 0.000000 0.844369 0.000000 0.535762 0.742408 0.742408 0.742408
4842.637207 0.000000 2779.684570 0.000000 0.971650 0.000000 0.236426 0.775688 0.775688 0.775688
4860.437500 0.000000 2783.939209 0.000000 0.238483 0.000000 0.971147 0.664528 0.664528 0.664528
4840.173340 0.000000 2764.257080 0.000000 0.063839 0.000000 0.997960 0.646507 0.646507 0.646507
4841.652344 0.000000 2764.473633 0.000000 0.935743 0.000000 0.352682 0.763286 0.763286 0.763286
4817.537598 0.000000 2803.930664 0.000000 0.137498 0.000000 0.990502 0.800000 0.800000 0.800000
4831.539551 0.000000 2814.021240 0.000000 0.997182 0.000000 0.075020 0.792351 0.792351 0.792351
4828.482422 0.000000 2792.834229 0.000000 0.659917 0.000000 -0.751339 0.800000 0.800000 0.800000
4810.342773 0.000000 2784.170410 0.000000 0.980588 0.000000 -0.196077 0.800000 0.800000 0.800000
4813.865723 0.000000 2804.719238 0.000000 0.262866 0.000000 -0.964832 0.800000 0.800000 0.800000
4801.764648 0.000000 2799.229736 0.000000 0.878165 0.000000 0.478358 0.800000 0.800000 0.800000
4831.594727 0.000000 2791.899170 0.000000 0.006555 0.000000 0.999979 0.640668 0.640668 0.640668
4804.081543 0.000000 2801.710693 0.000000 0.104374 0.000000 -0.994538 0.800000 0.800000 0.800000
4813.245605 0.000000 2784.947510 0.000000 0.599628 0.000000 -0.800279 0.894501 0.894501 0.894501
4829.457520 0.000000 2790.340332 0.000000 0.646597 0.000000 0.762832 0.800000 0.800000 0.800000
4829.576172 0.000000 2815.152344 0.000000 0.742118 0.000000 0.670269 0.800000 0.800000 0.800000
4800.028809 0.000000 2800.788818 0.000000 0.839554 0.000000 -0.543276 0.800000 0.800000 0.800000
4819.724609 0.000000 2803.055664 0.000000 0.406291 0.000000 0.913744 0.800000 0.800000 0.800000
4803.633789 0.000000 2799.782227 0.000000 0.823820 0.000000 -0.566851 0.800000 0.800000 0.800000
4810.798828 0.000000 2815.410156 0.000000 0.081338 0.000000 0.996687 0.800000 0.800000 0.800000
4802.294922 0.000000 2801.083252 0.000000 0.174237 0.000000 0.984704 0.657839 0.657839 0.657839
4813.335449 0.000000 2806.562012 0.000000 0.996829 0.000000 -0.079572 0.808114 0.808114 0.808114
4808.558105 0.000000 2815.885986 0.000000 0.998605 0.000000 -0.052797 0.800000 0.800000 0.800000
4805.330566 0.000000 2800.375732 0.000000 0.350728 0.000000 -0.936477 0.800000 0.800000 0.800000
4830.117676 0.000000 2792.686279 0.000000 0.914326 0.000000 -0.404980 0.800000 0.800000 0.800000
4803.822754 0.000000 2798.171875 0.000000 0.685716 0.000000 0.727869 0.800000 0.800000 0.800000
4818.892578 0.000000 2804.878662 0.000000 0.997944 0.000000 0.064094 0.793467 0.793467 0.793467
4817.091309 0.000000 2805.431396 0.000000 0.310438 0.000000 -0.950594 0.927848 0.927848 0.927848
4831.603027 0.000000 2815.537109 0.000000 0.780572 0.000000 0.625066 0.731223 0.731223 0.731223
4811.919434 0.000000 2784.139404 0.000000 0.962418 0.000000 -0.271574 0.800000 0.800000 0.800000
4828.145996 0.000000 2791.353516 0.000000 0.560526 0.000000 -0.828137 0.800000 0.800000 0.800000
4818.357422 0.000000 2802.541748 0.000000 0.994293 0.000000 -0.106685 0.800000 0.800000 0.800000
4831.259277 0.000000 2790.479492 0.000000 0.814105 0.000000 -0.580718 0.863113 0.863113 0.863113
4809.497559 0.000000 2814.781494 0.000000 0.381580 0.000000 0.924336 0.800000 0.800000 0.800000
4819.563477 0.000000 2805.904053 0.000000 0.288894 0.000000 0.957361 0.669852 0.669852 0.669852
4830.655762 0.000000 2814.851562 0.000000 0.988008 0.000000 0.154400 0.784210 0.784210 0.784210
4819.785645 0.000000 2804.209229 0.000000 0.893933 0.000000 -0.448201 0.847339 0.847339 0.847339
4803.355957 0.000000 2800.875732 0.000000 0.452535 0.000000 0.891746 0.687834 0.687834 0.687834
4802.520996 0.000000 2800.034668 0.000000 0.446490 0.000000 -0.894789 0.912856 0.912856 0.912856
4803.014648 0.000000 2801.877197 0.000000 0.010399 0.000000 0.999946 0.641059 0.641059 0.641059
4842.484375 0.000000 2813.530273 0.000000 0.622445 0.000000 -0.782663 0.891565 0.891565 0.891565
4837.415527 0.000000 2798.626709 0.000000 0.752377 0.000000 0.658732 0.726750 0.726750 0.726750
4840.544922 0.000000 2806.044678 0.000000 0.617728 0.000000 0.786392 0.800000 0.800000 0.800000
4854.327148 0.000000 2812.509033 0.000000 0.937169 0.000000 0.348875 0.763700 0.763700 0.763700
4836.120117 0.000000 2806.085205 0.000000 0.840364 0.000000 0.542023 0.741651 0.741651 0.741651
4832.671875 0.000000 2814.357910 0.000000 0.723796 0.000000 -0.690014 0.877567 0.877567 0.877567
4862.083984 0.000000 2784.082275 0.000000 0.981701 0.000000 -0.190428 0.819516 0.819516 0.819516
4839.165527 0.000000 2802.219238 0.000000 0.106130 0.000000 0.994352 0.650831 0.650831 0.650831
4842.342773 0.000000 2784.170410 0.000000 0.858826 0.000000 -0.512267 0.800000 0.800000 0.800000
4840.367188 0.000000 2787.822510 0.000000 0.709225 0.000000 -0.704982 0.879694 0.879694 0.879694
4837.130859 0.000000 2794.842529 0.000000 0.866312 0.000000 0.499503 0.800000 0.800000 0.800000
4836.081543 0.000000 2801.710693 0.000000 0.712636 0.000000 -0.701534 0.879200 0.879200 0.879200
4841.434570 0.000000 2790.829834 0.000000 0.528032 0.000000 0.849224 0.696662 0.696662 0.696662
4845.127930 0.000000 2815.200928 0.000000 0.262498 0.000000 0.964933 0.800000 0.800000 0.800000
4852.023926 0.000000 2810.748535 0.000000 0.995058 0.000000 -0.099298 0.800000 0.800000 0.800000
4841.952637 0.000000 2803.477539 0.000000 0.805130 0.000000 -0.593099 0.800000 0.800000 0.800000
4852.428711 0.000000 2814.634766 0.000000 0.957193 0.000000 0.289450 0.770089 0.770089 0.770089
4862.919922 0.000000 2786.828125 0.000000 0.999948 0.000000 -0.010211 0.800000 0.800000 0.800000
4835.005859 0.000000 2796.672852 0.000000 0.619233 0.000000 -0.785207 0.800000 0.800000 0.800000
4855.703125 0.000000 2815.002441 0.000000 0.999023 0.000000 -0.044186 0.800000 0.800000 0.800000
4838.243652 0.000000 2804.651855 0.000000 0.185665 0.000000 -0.982613 0.940978 0.940978 0.940978
4832.325195 0.000000 2791.180420 0.000000 0.221717 0.000000 0.975111 0.800000 0.800000 0.800000
4854.658203 0.000000 2810.260254 0.000000 0.685734 0.000000 -0.727852 0.883034 0.883034 0.883034
4838.252930 0.000000 2788.941162 0.000000 0.452024 0.000000 -0.892006 0.800000 0.800000 0.800000
4840.483398 0.000000 2785.546875 0.000000 0.704101 0.000000 -0.710100 0.800000 0.800000 0.800000
4834.416992 0.000000 2804.593750 0.000000 0.793850 0.000000 0.608114 0.800000 0.800000 0.800000
4842.519531 0.000000 2786.410156 0.000000 0.950896 0.000000 -0.309512 0.800000 0.800000 0.800000
4839.046387 0.000000 2800.044922 0.000000 0.860467 0.000000 -0.509507 0.800000 0.800000 0.800000
4834.142578 0.000000 2806.898682 0.000000 0.207609 0.000000 0.978212 0.800000 0.800000 0.800000
4838.559082 0.000000 2786.764648 0.000000 0.548773 0.000000 0.835971 0.800000 0.800000 0.800000
4836.347656 0.000000 2803.973389 0.000000 0.612799 0.000000 -0.790239 0.892814 0.892814 0.892814
4843.981445 0.000000 2812.212646 0.000000 0.715130 0.000000 0.698991 0.721162 0.721162 0.721162
4835.633789 0.000000 2799.782227 0.000000 0.204676 0.000000 -0.978830 0.800000 0.800000 0.800000
4851.947754 0.000000 2812.742432 0.000000 0.378168 0.000000 0.925737 0.800000 0.800000 0.800000
4842.798828 0.000000 2815.410156 0.000000 0.604264 0.000000 -0.796784 0.893909 0.893909 0.893909
4841.917480 0.000000 2788.967041 0.000000 0.782051 0.000000 0.623215 0.731464 0.731464 0.731464
4840.087402 0.000000 2803.890625 0.000000 0.782252 0.000000 0.622962 0.800000 0.800000 0.800000
4834.294922 0.000000 2801.083252 0.000000 0.825815 0.000000 0.563941 0.800000 0.800000 0.800000
4837.654297 0.000000 2796.635742 0.000000 0.677354 0.000000 -0.735658 0.884201 0.884201 0.884201
4839.875488 0.000000 2807.829834 0.000000 0.902862 0.000000 -0.429930 0.845268 0.845268 0.845268
4840.558105 0.000000 2815.885986 0.000000 0.948455 0.000000 -0.316912 0.832847 0.832847 0.832847
4838.708496 0.000000 2806.405273 0.000000 0.995632 0.000000 0.093367 0.790476 0.790476 0.790476
4837.330566 0.000000 2800.375732 0.000000 0.969734 0.000000 0.244162 0.774876 0.774876 0.774876
4836.044922 0.000000 2807.831055 0.000000 0.940338 0.000000 0.340240 0.764637 0.764637 0.764637
4854.073730 0.000000 2814.197998 0.000000 0.549349 0.000000 -0.835593 0.800000 0.800000 0.800000
4834.927246 0.000000 2802.993652 0.000000 0.713667 0.000000 -0.700485 0.800000 0.800000 0.800000
4855.804688 0.000000 2813.324463 0.000000 0.657909 0.000000 0.753098 0.713139 0.713139 0.713139
4840.767090 0.000000 2813.485840 0.000000 0.394771 0.000000 -0.918779 0.800000 0.800000 0.800000
4833.921387 0.000000 2815.779297 0.000000 0.787992 0.000000 -0.615685 0.867559 0.867559 0.867559
4837.578125 0.000000 2802.815186 0.000000 0.041572 0.000000 0.999135 0.644236 0.644236 0.644236
4835.822754 0.000000 2798.171875 0.000000 0.991110 0.000000 0.133044 0.800000 0.800000 0.800000
4844.059082 0.000000 2813.845215 0.000000 0.278529 0.000000 0.960428 0.800000 0.800000 0.800000
4863.113281 0.000000 2785.236084 0.000000 0.126591 0.000000 0.991955 0.652929 0.652929 0.652929
4841.908203 0.000000 2806.894043 0.000000 0.957718 0.000000 -0.287709 0.800000 0.800000 0.800000
4843.919434 0.000000 2784.139404 0.000000 0.820385 0.000000 0.571811 0.800000 0.800000 0.800000
4853.407227 0.000000 2811.354492 0.000000 0.646981 0.000000 -0.762506 0.800000 0.800000 0.800000
4855.679199 0.000000 2811.816162 0.000000 0.610102 0.000000 0.792323 0.706839 0.706839 0.706839
4841.497559 0.000000 2814.781494 0.000000 0.275133 0.000000 0.961406 0.668391 0.668391 0.668391
4851.020996 0.000000 2814.394287 0.000000 0.999729 0.000000 0.023275 0.797629 0.797629 0.797629
4833.761230 0.000000 2791.131836 0.000000 0.818335 0.000000 -0.574741 0.800000 0.800000 0.800000
4837.325195 0.000000 2806.790527 0.000000 0.342093 0.000000 -0.939666 0.924437 0.924437 0.924437
4851.823242 0.000000 2815.882812 0.000000 0.551956 0.000000 0.833873 0.699558 0.699558 0.699558
4853.774902 0.000000 2815.562988 0.000000 0.736321 0.000000 -0.676633 0.875700 0.875700 0.875700
4841.172852 0.000000 2786.698975 0.000000 0.251417 0.000000 0.967879 0.665887 0.665887 0.665887
4836.357910 0.000000 2796.328613 0.000000 0.593718 0.000000 -0.804673 0.895251 0.895251 0.895251
4840.614258 0.000000 2789.144775 0.000000 0.232273 0.000000 0.972651 0.663877 0.663877 0.663877
4853.196777 0.000000 2813.178955 0.000000 0.999966 0.000000 0.008289 0.799156 0.799156 0.799156
4837.084473 0.000000 2805.206543 0.000000 0.955245 0.000000 0.295817 0.769411 0.769411 0.769411
4838.892090 0.000000 2803.503662 0.000000 0.530562 0.000000 -0.847646 0.903034 0.903034 0.903034
4836.772949 0.000000 2797.454590 0.000000 0.948691 0.000000 0.316205 0.767229 0.767229 0.767229
4863.318359 0.000000 2784.068848 0.000000 0.989003 0.000000 0.147897 0.784880 0.784880 0.784880
4841.543945 0.000000 2787.851074 0.000000 0.944151 0.000000 0.329514 0.765797 0.765797 0.765797
4837.248535 0.000000 2801.699707 0.000000 0.555445 0.000000 0.831553 0.699985 0.699985 0.699985
4836.425781 0.000000 2802.773682 0.000000 0.504526 0.000000 -0.863396 0.906133 0.906133 0.906133
4837.468750 0.000000 2803.907471 0.000000 0.910124 0.000000 0.414337 0.756484 0.756484 0.756484
4850.784668 0.000000 2815.542480 0.000000 0.990044 0.000000 -0.140755 0.814385 0.814385 0.814385
4836.638672 0.000000 2799.474609 0.000000 0.403683 0.000000 0.914899 0.682326 0.682326 0.682326
4843.062500 0.000000 2814.404053 0.000000 0.290384 0.000000 -0.956910 0.929989 0.929989 0.929989
4836.334473 0.000000 2800.612793 0.000000 0.764877 0.000000 -0.644176 0.871296 0.871296 0.871296
4841.420410 0.000000 2789.835693 0.000000 0.967131 0.000000 0.254277 0.773812 0.773812 0.773812
4909.843750 0.000000 2667.939941 0.000000 0.908405 0.000000 0.418092 0.800000 0.800000 0.800000
4913.991699 0.000000 2662.318848 0.000000 0.229531 0.000000 0.973301 0.663590 0.663590 0.663590
4915.599121 0.000000 2670.177734 0.000000 0.409277 0.000000 0.912410 0.682950 0.682950 0.682950
4908.028809 0.000000 2673.442139 0.000000 0.999820 0.000000 0.018992 0.800000 0.800000 0.800000
4917.732422 0.000000 2674.201904 0.000000 0.614578 0.000000 0.788856 0.707416 0.707416 0.707416
4908.250000 0.000000 2664.074219 0.000000 0.996507 0.000000 0.083504 0.791484 0.791484 0.791484
4913.770996 0.000000 2666.510742 0.000000 0.785669 0.000000 -0.618647 0.867942 0.867942 0.867942
4905.208008 0.000000 2671.121582 0.000000 0.316709 0.000000 0.948523 0.672825 0.672825 0.672825
4914.562500 0.000000 2659.029297 0.000000 0.805598 0.000000 -0.592463 0.800000 0.800000 0.800000
4911.524902 0.000000 2660.001709 0.000000 0.360928 0.000000 0.932594 0.800000 0.800000 0.800000
4911.378906 0.000000 2664.535889 0.000000 0.537854 0.000000 -0.843038 0.902155 0.902155 0.902155
4914.849121 0.000000 2673.109375 0.000000 0.441281 0.000000 -0.897369 0.913448 0.913448 0.913448
4905.952637 0.000000 2675.477539 0.000000 0.407394 0.000000 0.913252 0.800000 0.800000 0.800000
4908.563477 0.000000 2670.581787 0.000000 0.604952 0.000000 -0.796262 0.893822 0.893822 0.893822
4916.769531 0.000000 2660.682129 0.000000 0.998599 0.000000 -0.052913 0.800000 0.800000 0.800000
4910.137695 0.000000 2662.218262 0.000000 0.689367 0.000000 -0.724412 0.800000 0.800000 0.800000
4906.662598 0.000000 2669.113281 0.000000 0.070788 0.000000 -0.997491 0.952784 0.952784 0.952784
4919.750977 0.000000 2673.126953 0.000000 0.933461 0.000000 -0.358679 0.800000 0.800000 0.800000
4917.036621 0.000000 2672.032227 0.000000 0.533303 0.000000 0.845924 0.697296 0.697296 0.697296
4917.673828 0.000000 2669.217529 0.000000 0.627639 0.000000 -0.778504 0.800000 0.800000 0.800000
4911.610840 0.000000 2666.665527 0.000000 0.480618 0.000000 -0.876930 0.908932 0.908932 0.908932
4909.603516 0.000000 2665.754395 0.000000 0.781507 0.000000 0.623897 0.731376 0.731376 0.731376
4913.758789 0.000000 2671.165527 0.000000 0.962710 0.000000 0.270536 0.800000 0.800000 0.800000
4905.145508 0.000000 2673.366455 0.000000 0.929606 0.000000 0.368554 0.761553 0.761553 0.761553
4915.724609 0.000000 2675.055664 0.000000 0.206476 0.000000 -0.978452 0.938816 0.938816 0.938816
4912.650391 0.000000 2658.273926 0.000000 0.999679 0.000000 0.025337 0.800000 0.800000 0.800000
4915.041992 0.000000 2668.248291 0.000000 0.497920 0.000000 0.867223 0.800000 0.800000 0.800000
4912.981445 0.000000 2673.918213 0.000000 0.961541 0.000000 0.274662 0.800000 0.800000 0.800000
4909.791992 0.000000 2672.420166 0.000000 0.354578 0.000000 0.935027 0.800000 0.800000 0.800000
4916.492676 0.000000 2658.628906 0.000000 0.866967 0.000000 -0.498366 0.800000 0.800000 0.800000
4907.083984 0.000000 2671.786377 0.000000 0.888783 0.000000 -0.458329 0.848497 0.848497 0.848497
4904.087402 0.000000 2675.890625 0.000000 0.721272 0.000000 0.692652 0.800000 0.800000 0.800000
4913.451660 0.000000 2660.516113 0.000000 0.023138 0.000000 0.999732 0.642357 0.642357 0.642357
4911.989746 0.000000 2662.167480 0.000000 0.998604 0.000000 -0.052828 0.800000 0.800000 0.800000
4913.190918 0.000000 2664.794189 0.000000 0.932787 0.000000 -0.360427 0.837558 0.837558 0.837558
4915.713379 0.000000 2662.036133 0.000000 0.988640 0.000000 0.150302 0.784632 0.784632 0.784632
4909.904297 0.000000 2663.838867 0.000000 0.212540 0.000000 0.977152 0.800000 0.800000 0.800000
4917.934570 0.000000 2659.570801 0.000000 0.057814 0.000000 -0.998327 0.800000 0.800000 0.800000
4915.023438 0.000000 2660.612061 0.000000 0.970639 0.000000 0.240542 0.775256 0.775256 0.775256
4916.361816 0.000000 2673.452881 0.000000 0.998609 0.000000 0.052717 0.794628 0.794628 0.794628
4912.795410 0.000000 2667.719482 0.000000 0.946391 0.000000 -0.323022 0.833504 0.833504 0.833504
4907.397949 0.000000 2674.927979 0.000000 0.692187 0.000000 -0.721719 0.800000 0.800000 0.800000
4904.959473 0.000000 2669.562500 0.000000 0.955325 0.000000 -0.295557 0.800000 0.800000 0.800000
4915.564453 0.000000 2671.751953 0.000000 0.749180 0.000000 -0.662366 0.873743 0.873743 0.873743
4912.813477 0.000000 2663.376953 0.000000 0.246939 0.000000 0.969031 0.665416 0.665416 0.665416
4914.357422 0.000000 2674.541748 0.000000 0.274109 0.000000 0.961699 0.668283 0.668283 0.668283
4914.180176 0.000000 2669.686035 0.000000 0.215233 0.000000 0.976563 0.800000 0.800000 0.800000
4918.315430 0.000000 2672.722656 0.000000 0.858118 0.000000 0.513453 0.800000 0.800000 0.800000
4906.563965 0.000000 2673.469971 0.000000 0.996750 0.000000 0.080560 0.791785 0.791785 0.791785
4917.054199 0.000000 2670.586914 0.000000 0.220591 0.000000 0.975366 0.662656 0.662656 0.662656
4913.493652 0.000000 2672.543945 0.000000 0.984483 0.000000 0.175482 0.800000 0.800000 0.800000
4912.260254 0.000000 2670.614258 0.000000 0.300712 0.000000 0.953715 0.800000 0.800000 0.800000
4906.486328 0.000000 2670.545654 0.000000 0.106033 0.000000 0.994363 0.650821 0.650821 0.650821
4916.835449 0.000000 2675.808838 0.000000 0.348626 0.000000 0.937262 0.676273 0.676273 0.676273
4915.870605 0.000000 2663.388916 0.000000 0.841842 0.000000 -0.539724 0.858071 0.858071 0.858071
4904.421387 0.000000 2672.206787 0.000000 0.934641 0.000000 -0.355593 0.837031 0.837031 0.837031
4909.787109 0.000000 2671.050293 0.000000 0.873889 0.000000 0.486126 0.748291 0.748291 0.748291
4905.828613 0.000000 2672.300049 0.000000 0.997940 0.000000 -0.064159 0.806540 0.806540 0.806540
4910.331055 0.000000 2666.801514 0.000000 0.645964 0.000000 0.763368 0.711534 0.711534 0.711534
4912.658691 0.000000 2665.934570 0.000000 0.952079 0.000000 -0.305853 0.831661 0.831661 0.831661
4914.038574 0.000000 2663.535645 0.000000 0.765496 0.000000 0.643441 0.728802 0.728802 0.728802
4910.879883 0.000000 2665.676514 0.000000 0.868187 0.000000 -0.496237 0.852891 0.852891 0.852891
4912.258301 0.000000 2660.982910 0.000000 0.050707 0.000000 0.998714 0.645167 0.645167 0.645167
4908.409668 0.000000 2665.769043 0.000000 0.384410 0.000000 -0.923162 0.919810 0.919810 0.919810
4914.479004 0.000000 2672.052490 0.000000 0.903356 0.000000 0.428892 0.754849 0.754849 0.754849
4916.726562 0.000000 2674.587402 0.000000 0.744967 0.000000 0.667102 0.725611 0.725611 0.725611
4913.047852 0.000000 2661.796875 0.000000 0.382844 0.000000 0.923813 0.680018 0.680018 0.680018
4910.180664 0.000000 2664.875488 0.000000 0.626382 0.000000 -0.779516 0.891051 0.891051 0.891051
4914.749023 0.000000 2661.631836 0.000000 0.784645 0.000000 -0.619945 0.868110 0.868110 0.868110
4917.374023 0.000000 2673.182617 0.000000 0.270751 0.000000 0.962649 0.667927 0.667927 0.667927
4917.750000 0.000000 2675.192139 0.000000 0.620172 0.000000 -0.784466 0.891860 0.891860 0.891860
4912.355469 0.000000 2664.252197 0.000000 0.372888 0.000000 -0.927876 0.921078 0.921078 0.921078
4903.854980 0.000000 2714.123535 0.000000 0.726670 0.000000 0.686986 0.722859 0.722859 0.722859
4902.773926 0.000000 2716.194336 0.000000 0.988365 0.000000 0.152098 0.784447 0.784447 0.784447
4901.709473 0.000000 2714.366455 0.000000 0.459372 0.000000 -0.888244 0.911384 0.911384 0.911384
4919.334961 0.000000 2711.612305 0.000000 0.787574 0.000000 -0.616221 0.800000 0.800000 0.800000
4902.028809 0.000000 2717.604980 0.000000 0.928686 0.000000 -0.370866 0.838700 0.838700 0.838700
4900.631836 0.000000 2715.337646 0.000000 0.483073 0.000000 0.875580 0.691353 0.691353 0.691353
4903.884766 0.000000 2715.482666 0.000000 0.418346 0.000000 0.908288 0.683965 0.683965 0.683965
4902.810059 0.000000 2714.945068 0.000000 0.898437 0.000000 -0.439103 0.846305 0.846305 0.846305
4900.633301 0.000000 2714.156982 0.000000 0.920633 0.000000 0.390428 0.759145 0.759145 0.759145
4904.544922 0.000000 2742.044678 0.000000 0.992744 0.000000 -0.120245 0.812278 0.812278 0.812278
4902.346191 0.000000 2727.327637 0.000000 0.858712 0.000000 -0.512458 0.854805 0.854805 0.854805
4902.333008 0.000000 2720.647461 0.000000 0.996648 0.000000 -0.081804 0.808342 0.808342 0.808342
4912.116699 0.000000 2720.205811 0.000000 0.467028 0.000000 0.884242 0.800000 0.800000 0.800000
4905.063965 0.000000 2731.399170 0.000000 0.384212 0.000000 0.923245 0.680169 0.680169 0.680169
4903.854980 0.000000 2746.123535 0.000000 0.330457 0.000000 0.943821 0.800000 0.800000 0.800000
4903.165527 0.000000 2738.219238 0.000000 0.387457 0.000000 0.921888 0.680527 0.680527 0.680527
4904.367188 0.000000 2723.822510 0.000000 0.961092 0.000000 0.276230 0.771493 0.771493 0.771493
4903.398926 0.000000 2750.481201 0.000000 0.919273 0.000000 -0.393621 0.841209 0.841209 0.841209
4899.067383 0.000000 2721.031982 0.000000 0.307576 0.000000 -0.951523 0.800000 0.800000 0.800000
4911.524902 0.000000 2724.001709 0.000000 0.069650 0.000000 -0.997571 0.952900 0.952900 0.952900
4907.187012 0.000000 2746.396729 0.000000 0.948028 0.000000 -0.318186 0.800000 0.800000 0.800000
4900.081543 0.000000 2737.710693 0.000000 0.550821 0.000000 -0.834623 0.900581 0.900581 0.900581
4909.127930 0.000000 2751.200928 0.000000 0.930412 0.000000 -0.366516 0.838224 0.838224 0.838224
4911.855469 0.000000 2750.975342 0.000000 0.642012 0.000000 -0.766695 0.888992 0.888992 0.888992
4903.332031 0.000000 2729.655518 0.000000 0.914661 0.000000 0.404222 0.757613 0.757613 0.757613
4905.628906 0.000000 2744.382568 0.000000 0.045315 0.000000 0.998973 0.644617 0.644617 0.644617
4905.793945 0.000000 2729.081787 0.000000 0.888598 0.000000 -0.458686 0.848538 0.848538 0.848538
4904.483398 0.000000 2721.546875 0.000000 0.991237 0.000000 0.132097 0.786505 0.786505 0.786505
4898.416992 0.000000 2740.593750 0.000000 0.994517 0.000000 -0.104575 0.800000 0.800000 0.800000
4900.117676 0.000000 2727.164795 0.000000 0.964786 0.000000 -0.263036 0.800000 0.800000 0.800000
4905.177734 0.000000 2747.820068 0.000000 0.812628 0.000000 -0.582783 0.800000 0.800000 0.800000
4903.046387 0.000000 2736.044922 0.000000 0.173375 0.000000 -0.984856 0.800000 0.800000 0.800000
4902.559082 0.000000 2722.764648 0.000000 0.621116 0.000000 0.783719 0.708263 0.708263 0.708263
4901.709473 0.000000 2746.366455 0.000000 0.910752 0.000000 0.412954 0.756639 0.756639 0.756639
4901.139648 0.000000 2750.875000 0.000000 0.872009 0.000000 -0.489490 0.800000 0.800000 0.800000
4912.650391 0.000000 2722.273926 0.000000 0.560838 0.000000 0.827926 0.800000 0.800000 0.800000
4900.347656 0.000000 2739.973389 0.000000 0.949624 0.000000 -0.313392 0.832469 0.832469 0.832469
4901.167480 0.000000 2728.859375 0.000000 0.894702 0.000000 0.446663 0.800000 0.800000 0.800000
4910.166504 0.000000 2722.606445 0.000000 0.055707 0.000000 -0.998447 0.954323 0.954323 0.954323
4898.294922 0.000000 2737.083252 0.000000 0.277120 0.000000 0.960835 0.800000 0.800000 0.800000
4907.870605 0.000000 2744.630127 0.000000 0.743693 0.000000 -0.668521 0.800000 0.800000 0.800000
4913.451660 0.000000 2724.516113 0.000000 0.879169 0.000000 -0.476511 0.800000 0.800000 0.800000
4904.558105 0.000000 2751.885986 0.000000 0.996796 0.000000 0.079988 0.791844 0.791844 0.791844
4903.676270 0.000000 2726.117432 0.000000 0.949092 0.000000 0.315000 0.767359 0.767359 0.767359
4903.988770 0.000000 2727.927002 0.000000 0.139025 0.000000 -0.990289 0.945793 0.945793 0.945793
4900.504395 0.000000 2720.043457 0.000000 0.808103 0.000000 -0.589042 0.864158 0.864158 0.864158
4901.330566 0.000000 2736.375732 0.000000 0.999866 0.000000 0.016380 0.798331 0.798331 0.798331
4903.079590 0.000000 2731.499023 0.000000 0.918496 0.000000 -0.395431 0.841410 0.841410 0.841410
4905.528320 0.000000 2746.108643 0.000000 0.118997 0.000000 0.992895 0.800000 0.800000 0.800000
4910.353027 0.000000 2750.017090 0.000000 0.981771 0.000000 -0.190069 0.819479 0.819479 0.819479
4898.927246 0.000000 2738.993652 0.000000 0.869929 0.000000 -0.493177 0.852533 0.852533 0.852533
4901.578125 0.000000 2738.815186 0.000000 0.993736 0.000000 -0.111755 0.811407 0.811407 0.811407
4905.908203 0.000000 2742.894043 0.000000 0.903636 0.000000 0.428302 0.754916 0.754916 0.754916
4910.894531 0.000000 2721.264160 0.000000 0.911999 0.000000 0.410194 0.800000 0.800000 0.800000
4903.791016 0.000000 2720.097900 0.000000 0.894963 0.000000 0.446141 0.752895 0.752895 0.752895
4910.526855 0.000000 2751.822021 0.000000 0.835778 0.000000 -0.549068 0.859206 0.859206 0.859206
4905.497559 0.000000 2750.781494 0.000000 0.859240 0.000000 -0.511572 0.854700 0.854700 0.854700
4906.637207 0.000000 2747.684570 0.000000 0.563747 0.000000 -0.825948 0.800000 0.800000 0.800000
4904.696289 0.000000 2729.940674 0.000000 0.100381 0.000000 0.994949 0.650242 0.650242 0.650242
4901.086914 0.000000 2745.058594 0.000000 0.410259 0.000000 0.911969 0.683060 0.683060 0.683060
4905.172852 0.000000 2722.698975 0.000000 0.700819 0.000000 -0.713340 0.880902 0.880902 0.880902
4900.631836 0.000000 2747.337646 0.000000 0.888067 0.000000 0.459715 0.751345 0.751345 0.751345
4910.985352 0.000000 2725.246094 0.000000 0.801406 0.000000 0.598121 0.734693 0.734693 0.734693
4902.040527 0.000000 2729.920654 0.000000 0.252333 0.000000 -0.967640 0.934017 0.934017 0.934017
4903.198242 0.000000 2721.578369 0.000000 0.985189 0.000000 -0.171474 0.817553 0.817553 0.817553
4902.417480 0.000000 2728.681641 0.000000 0.871704 0.000000 -0.490033 0.852165 0.852165 0.852165
4902.367676 0.000000 2751.286377 0.000000 0.108237 0.000000 0.994125 0.651047 0.651047 0.651047
4903.128906 0.000000 2723.904297 0.000000 0.843351 0.000000 -0.537363 0.857786 0.857786 0.857786
4905.734863 0.000000 2721.324951 0.000000 0.912595 0.000000 0.408865 0.757096 0.757096 0.757096
4911.434570 0.000000 2722.596191 0.000000 0.514663 0.000000 -0.857392 0.904933 0.904933 0.904933
4903.791992 0.000000 2722.651367 0.000000 0.265006 0.000000 0.964247 0.667320 0.667320 0.667320
4905.041016 0.000000 2720.364258 0.000000 0.076403 0.000000 0.997077 0.647790 0.647790 0.647790
4901.865723 0.000000 2721.739502 0.000000 0.564147 0.000000 0.825675 0.701054 0.701054 0.701054
4905.543945 0.000000 2723.851074 0.000000 0.895300 0.000000 0.445464 0.752972 0.752972 0.752972
4905.204102 0.000000 2728.077881 0.000000 0.807617 0.000000 -0.589707 0.864242 0.864242 0.864242
4901.248535 0.000000 2737.699707 0.000000 0.046928 0.000000 0.998898 0.644782 0.644782 0.644782
4904.029297 0.000000 2730.837891 0.000000 0.677690 0.000000 -0.735348 0.884154 0.884154 0.884154
4900.425781 0.000000 2738.773682 0.000000 0.487012 0.000000 0.873395 0.691812 0.691812 0.691812
4901.468750 0.000000 2739.907471 0.000000 0.021655 0.000000 -0.999766 0.957794 0.957794 0.957794
4901.050781 0.000000 2721.009277 0.000000 0.735734 0.000000 0.677271 0.724212 0.724212 0.724212
4904.183594 0.000000 2728.975586 0.000000 0.245630 0.000000 -0.969364 0.934722 0.934722 0.934722
4910.518555 0.000000 2723.654053 0.000000 0.987209 0.000000 -0.159433 0.816309 0.816309 0.816309
4903.385742 0.000000 2751.638184 0.000000 0.933621 0.000000 0.358261 0.762678 0.762678 0.762678
4899.313477 0.000000 2739.947998 0.000000 0.880691 0.000000 0.473691 0.749735 0.749735 0.749735
4900.334473 0.000000 2736.612793 0.000000 0.539837 0.000000 0.841769 0.698085 0.698085 0.698085
4895.539551 0.000000 2782.021240 0.000000 0.061930 0.000000 0.998080 0.800000 0.800000 0.800000
4886.327148 0.000000 2780.509033 0.000000 0.575121 0.000000 0.818069 0.702414 0.702414 0.702414
4889.304199 0.000000 2780.176025 0.000000 0.724956 0.000000 0.688795 0.800000 0.800000 0.800000
4884.023926 0.000000 2778.748535 0.000000 0.295768 0.000000 0.955260 0.800000 0.800000 0.800000
4884.428711 0.000000 2782.634766 0.000000 0.788815 0.000000 0.614631 0.800000 0.800000 0.800000
4887.703125 0.000000 2783.002441 0.000000 0.833634 0.000000 -0.552317 0.800000 0.800000 0.800000
4886.658203 0.000000 2778.260254 0.000000 0.013295 0.000000 0.999912 0.641354 0.641354 0.641354
4888.457520 0.000000 2778.521484 0.000000 0.888620 0.000000 -0.458643 0.800000 0.800000 0.800000
4886.073730 0.000000 2782.197998 0.000000 0.992286 0.000000 -0.123969 0.800000 0.800000 0.800000
4887.804688 0.000000 2781.324463 0.000000 0.397507 0.000000 0.917599 0.681640 0.681640 0.681640
4895.603027 0.000000 2783.537109 0.000000 0.945648 0.000000 -0.325192 0.800000 0.800000 0.800000
4885.407227 0.000000 2779.354492 0.000000 0.765764 0.000000 -0.643122 0.800000 0.800000 0.800000
4887.679199 0.000000 2779.816162 0.000000 0.442855 0.000000 -0.896593 0.913269 0.913269 0.913269
4913.537598 0.000000 2771.930664 0.000000 0.953276 0.000000 -0.302099 0.831260 0.831260 0.831260
4922.323242 0.000000 2769.666016 0.000000 0.294114 0.000000 -0.955770 0.800000 0.800000 0.800000
4909.843750 0.000000 2763.939941 0.000000 0.730524 0.000000 -0.682887 0.800000 0.800000 0.800000
4913.943848 0.000000 2781.206299 0.000000 0.909385 0.000000 0.415955 0.800000 0.800000 0.800000
4902.333008 0.000000 2752.647461 0.000000 0.284928 0.000000 0.958549 0.669430 0.669430 0.669430
4917.711914 0.000000 2776.133057 0.000000 0.623787 0.000000 -0.781594 0.891390 0.891390 0.891390
4915.599121 0.000000 2766.177734 0.000000 0.885614 0.000000 0.464422 0.800000 0.800000 0.800000
4908.028809 0.000000 2769.442139 0.000000 0.978575 0.000000 0.205893 0.778877 0.778877 0.778877
4927.539551 0.000000 2782.021240 0.000000 0.012328 0.000000 -0.999924 0.958744 0.958744 0.958744
4922.406738 0.000000 2783.556152 0.000000 0.983467 0.000000 0.181088 0.800000 0.800000 0.800000
4918.327148 0.000000 2780.509033 0.000000 0.484226 0.000000 0.874943 0.800000 0.800000 0.800000
4921.397461 0.000000 2773.802979 0.000000 0.690429 0.000000 -0.723400 0.800000 0.800000 0.800000
4908.250000 0.000000 2760.074219 0.000000 0.549409 0.000000 0.835554 0.699247 0.699247 0.699247
4913.770996 0.000000 2762.510742 0.000000 0.123956 0.000000 0.992288 0.652659 0.652659 0.652659
4911.844238 0.000000 2768.104248 0.000000 0.596764 0.000000 -0.802417 0.894865 0.894865 0.894865
4913.837891 0.000000 2776.801514 0.000000 0.934789 0.000000 0.355205 0.763012 0.763012 0.763012
4909.865723 0.000000 2772.719238 0.000000 0.640943 0.000000 -0.767589 0.800000 0.800000 0.800000
4918.982422 0.000000 2766.966064 0.000000 0.089890 0.000000 -0.995952 0.800000 0.800000 0.800000
4897.764648 0.000000 2767.229736 0.000000 0.947706 0.000000 -0.319143 0.833086 0.833086 0.833086
4924.450684 0.000000 2781.061768 0.000000 0.421474 0.000000 0.906841 0.684316 0.684316 0.684316
4916.494629 0.000000 2773.132324 0.000000 0.992882 0.000000 -0.119098 0.812160 0.812160 0.812160
4911.378906 0.000000 2760.535889 0.000000 0.630948 0.000000 0.775825 0.709547 0.709547 0.709547
4921.304199 0.000000 2780.176025 0.000000 0.961536 0.000000 -0.274677 0.800000 0.800000 0.800000
4914.849121 0.000000 2769.109375 0.000000 0.964091 0.000000 -0.265574 0.827380 0.827380 0.827380
4909.245605 0.000000 2752.947510 0.000000 0.275785 0.000000 0.961219 0.800000 0.800000 0.800000
4916.428711 0.000000 2782.634766 0.000000 0.973890 0.000000 -0.227019 0.823327 0.823327 0.823327
4908.563477 0.000000 2766.581787 0.000000 0.250403 0.000000 -0.968142 0.934220 0.934220 0.934220
4899.005859 0.000000 2764.672852 0.000000 0.934157 0.000000 0.356861 0.800000 0.800000 0.800000
4919.703125 0.000000 2783.002441 0.000000 0.023983 0.000000 -0.999712 0.957557 0.957557 0.957557
4919.791016 0.000000 2764.426270 0.000000 0.819300 0.000000 0.573364 0.737804 0.737804 0.737804
4920.240723 0.000000 2771.334961 0.000000 0.556485 0.000000 -0.830858 0.899888 0.899888 0.899888
4910.919434 0.000000 2770.425293 0.000000 0.741863 0.000000 0.670551 0.725138 0.725138 0.725138
4914.436035 0.000000 2774.401123 0.000000 0.144935 0.000000 -0.989441 0.945185 0.945185 0.945185
4921.318848 0.000000 2767.447021 0.000000 0.964223 0.000000 0.265094 0.772671 0.772671 0.772671
4922.883789 0.000000 2775.619141 0.000000 0.095455 0.000000 -0.995434 0.950262 0.950262 0.950262
4906.662598 0.000000 2765.113281 0.000000 0.250870 0.000000 0.968021 0.665829 0.665829 0.665829
4923.518555 0.000000 2772.823730 0.000000 0.140741 0.000000 0.990046 0.654384 0.654384 0.654384
4904.483398 0.000000 2753.546875 0.000000 0.459521 0.000000 -0.888167 0.911367 0.911367 0.911367
4925.576172 0.000000 2783.152344 0.000000 0.996919 0.000000 -0.078441 0.807998 0.807998 0.807998
4917.036621 0.000000 2768.032227 0.000000 0.847862 0.000000 -0.530217 0.800000 0.800000 0.800000
4910.720215 0.000000 2766.146729 0.000000 0.952736 0.000000 0.303799 0.800000 0.800000 0.800000
4911.610840 0.000000 2762.665527 0.000000 0.883282 0.000000 -0.468841 0.849705 0.849705 0.849705
4909.603516 0.000000 2761.754395 0.000000 0.675597 0.000000 -0.737271 0.884443 0.884443 0.884443
4913.758789 0.000000 2767.165527 0.000000 0.999573 0.000000 0.029238 0.800000 0.800000 0.800000
4915.724609 0.000000 2771.055664 0.000000 0.991976 0.000000 0.126428 0.787088 0.787088 0.787088
4912.981445 0.000000 2769.918213 0.000000 0.085509 0.000000 0.996337 0.648720 0.648720 0.648720
4909.791992 0.000000 2768.420166 0.000000 0.858975 0.000000 -0.512018 0.854753 0.854753 0.854753
4912.003418 0.000000 2780.838623 0.000000 0.076464 0.000000 -0.997072 0.800000 0.800000 0.800000
4899.633789 0.000000 2767.782227 0.000000 0.896596 0.000000 0.442850 0.753270 0.753270 0.753270
4915.886719 0.000000 2776.825684 0.000000 0.855844 0.000000 0.517233 0.744628 0.744628 0.744628
4907.083984 0.000000 2767.786377 0.000000 0.818546 0.000000 0.574441 0.737670 0.737670 0.737670
4896.115234 0.000000 2765.962158 0.000000 0.099668 0.000000 0.995021 0.650169 0.650169 0.650169
4908.975586 0.000000 2771.061279 0.000000 0.873996 0.000000 0.485933 0.800000 0.800000 0.800000
4922.123535 0.000000 2771.565674 0.000000 0.456143 0.000000 0.889907 0.688246 0.688246 0.688246
4911.729492 0.000000 2772.479248 0.000000 0.296801 0.000000 0.954939 0.670694 0.670694 0.670694
4926.257324 0.000000 2780.641602 0.000000 0.970849 0.000000 0.239690 0.775345 0.775345 0.775345
4912.036133 0.000000 2776.465088 0.000000 0.964791 0.000000 0.263018 0.772890 0.772890 0.772890
4913.190918 0.000000 2760.794189 0.000000 0.997129 0.000000 -0.075727 0.800000 0.800000 0.800000
4916.191895 0.000000 2774.934570 0.000000 0.847835 0.000000 0.530259 0.743070 0.743070 0.743070
4913.755859 0.000000 2783.285400 0.000000 0.938394 0.000000 -0.345568 0.835940 0.835940 0.835940
4918.490234 0.000000 2763.251465 0.000000 0.122393 0.000000 0.992482 0.800000 0.800000 0.800000
4918.073730 0.000000 2782.197998 0.000000 0.930264 0.000000 -0.366891 0.838265 0.838265 0.838265
4920.723633 0.000000 2765.872314 0.000000 0.753976 0.000000 -0.656902 0.873003 0.873003 0.873003
4919.804688 0.000000 2781.324463 0.000000 0.212904 0.000000 0.977073 0.800000 0.800000 0.800000
4923.964844 0.000000 2782.674805 0.000000 0.735730 0.000000 -0.677275 0.800000 0.800000 0.800000
4899.822754 0.000000 2766.171875 0.000000 0.153987 0.000000 -0.988073 0.944252 0.944252 0.944252
4921.364258 0.000000 2763.963867 0.000000 0.360460 0.000000 0.932775 0.800000 0.800000 0.800000
4909.904297 0.000000 2759.838867 0.000000 0.125799 0.000000 -0.992056 0.800000 0.800000 0.800000
4897.540527 0.000000 2765.268799 0.000000 0.411564 0.000000 0.911381 0.683206 0.683206 0.683206
4921.196777 0.000000 2782.529053 0.000000 0.026927 0.000000 -0.999637 0.800000 0.800000 0.800000
4916.361816 0.000000 2769.452881 0.000000 0.999704 0.000000 0.024335 0.800000 0.800000 0.800000
4920.071777 0.000000 2772.897217 0.000000 0.561635 0.000000 0.827385 0.800000 0.800000 0.800000
4912.795410 0.000000 2763.719482 0.000000 0.999986 0.000000 -0.005343 0.800544 0.800544 0.800544
4906.641602 0.000000 2759.788330 0.000000 0.533647 0.000000 -0.845707 0.800000 0.800000 0.800000
4913.091309 0.000000 2773.431396 0.000000 0.954954 0.000000 0.296755 0.800000 0.800000 0.800000
4910.894531 0.000000 2753.264160 0.000000 0.856302 0.000000 -0.516475 0.855282 0.855282 0.855282
4903.791016 0.000000 2752.097900 0.000000 0.652352 0.000000 0.757916 0.712390 0.712390 0.712390
4927.603027 0.000000 2783.537109 0.000000 0.967491 0.000000 0.252905 0.773956 0.773956 0.773956
4917.190430 0.000000 2777.591064 0.000000 0.591268 0.000000 -0.806475 0.895561 0.895561 0.895561
4915.564453 0.000000 2767.751953 0.000000 0.740413 0.000000 -0.672152 0.800000 0.800000 0.800000
4920.501953 0.000000 2762.781738 0.000000 0.713811 0.000000 0.700338 0.800000 0.800000 0.800000
4914.357422 0.000000 2770.541748 0.000000 0.997509 0.000000 -0.070540 0.807191 0.807191 0.807191
4921.465820 0.000000 2775.266846 0.000000 0.679801 0.000000 -0.733397 0.800000 0.800000 0.800000
4914.848633 0.000000 2777.879150 0.000000 0.119754 0.000000 -0.992804 0.947773 0.947773 0.947773
4917.054199 0.000000 2766.586914 0.000000 0.998154 0.000000 -0.060737 0.800000 0.800000 0.800000
4914.957031 0.000000 2775.748535 0.000000 0.999531 0.000000 -0.030623 0.803120 0.803120 0.803120
4915.020996 0.000000 2782.394287 0.000000 0.730753 0.000000 -0.682642 0.876534 0.876534 0.876534
4922.921387 0.000000 2768.373291 0.000000 0.969081 0.000000 -0.246744 0.800000 0.800000 0.800000
4907.354492 0.000000 2761.208496 0.000000 0.235059 0.000000 0.971981 0.664169 0.664169 0.664169
4923.739258 0.000000 2769.905029 0.000000 0.636604 0.000000 -0.771191 0.800000 0.800000 0.800000
4920.910156 0.000000 2769.944336 0.000000 0.974361 0.000000 -0.224990 0.800000 0.800000 0.800000
4913.493652 0.000000 2768.543945 0.000000 0.098203 0.000000 -0.995166 0.949981 0.949981 0.949981
4922.745117 0.000000 2774.209717 0.000000 0.837649 0.000000 -0.546209 0.858857 0.858857 0.858857
4912.260254 0.000000 2766.614258 0.000000 0.956935 0.000000 0.290302 0.800000 0.800000 0.800000
4917.469238 0.000000 2774.285645 0.000000 0.984426 0.000000 0.175801 0.782000 0.782000 0.782000
4910.810547 0.000000 2773.815674 0.000000 0.767147 0.000000 0.641471 0.729064 0.729064 0.729064
4912.202637 0.000000 2771.116699 0.000000 0.801660 0.000000 0.597780 0.734736 0.734736 0.734736
4909.372559 0.000000 2769.734375 0.000000 0.652330 0.000000 -0.757935 0.887613 0.887613 0.887613
4906.486328 0.000000 2766.545654 0.000000 0.985245 0.000000 0.171147 0.782481 0.782481 0.782481
4915.823242 0.000000 2783.882812 0.000000 0.106870 0.000000 0.994273 0.650907 0.650907 0.650907
4919.010742 0.000000 2765.567139 0.000000 0.427329 0.000000 -0.904096 0.915026 0.915026 0.915026
4896.393555 0.000000 2767.475586 0.000000 0.946464 0.000000 -0.322810 0.833481 0.833481 0.833481
4923.451660 0.000000 2771.346436 0.000000 0.436326 0.000000 0.899789 0.685991 0.685991 0.685991
4912.937012 0.000000 2782.126465 0.000000 0.736888 0.000000 0.676014 0.724386 0.724386 0.724386
4908.396973 0.000000 2768.072266 0.000000 0.581322 0.000000 -0.813674 0.896811 0.896811 0.896811
4924.437500 0.000000 2783.939209 0.000000 0.839338 0.000000 -0.543610 0.858542 0.858542 0.858542
4920.029297 0.000000 2767.808350 0.000000 0.999843 0.000000 0.017739 0.798193 0.798193 0.798193
4912.821777 0.000000 2777.685059 0.000000 0.315584 0.000000 0.948898 0.672704 0.672704 0.672704
4909.787109 0.000000 2767.050293 0.000000 0.123305 0.000000 0.992369 0.652592 0.652592 0.652592
4903.198242 0.000000 2753.578369 0.000000 0.975724 0.000000 0.219005 0.777510 0.777510 0.777510
4910.968750 0.000000 2769.061523 0.000000 0.525594 0.000000 -0.850736 0.903630 0.903630 0.903630
4910.418945 0.000000 2771.584961 0.000000 0.757957 0.000000 0.652305 0.727617 0.727617 0.727617
4910.331055 0.000000 2762.801514 0.000000 0.529111 0.000000 0.848553 0.696792 0.696792 0.696792
4905.734863 0.000000 2753.324951 0.000000 0.725016 0.000000 -0.688732 0.877386 0.877386 0.877386
4898.471680 0.000000 2766.085205 0.000000 0.604993 0.000000 -0.796231 0.893816 0.893816 0.893816
4910.879883 0.000000 2761.676514 0.000000 0.763536 0.000000 0.645765 0.728492 0.728492 0.728492
4905.041016 0.000000 2752.364258 0.000000 0.955670 0.000000 -0.294441 0.830443 0.830443 0.830443
4922.353027 0.000000 2773.057861 0.000000 0.343901 0.000000 -0.939006 0.924240 0.924240 0.924240
4921.792480 0.000000 2766.348877 0.000000 0.298055 0.000000 -0.954549 0.929172 0.929172 0.929172
4908.409668 0.000000 2761.769043 0.000000 0.771242 0.000000 -0.636542 0.870283 0.870283 0.870283
4926.655762 0.000000 2782.851562 0.000000 0.454565 0.000000 -0.890714 0.911934 0.911934 0.911934
4918.530273 0.000000 2764.387695 0.000000 0.919903 0.000000 -0.392147 0.841046 0.841046 0.841046
4911.919434 0.000000 2769.617432 0.000000 0.630318 0.000000 -0.776337 0.890536 0.890536 0.890536
4897.154785 0.000000 2766.318359 0.000000 0.376552 0.000000 -0.926395 0.920675 0.920675 0.920675
4914.479004 0.000000 2768.052490 0.000000 0.999988 0.000000 0.004862 0.799505 0.799505 0.799505
4909.011230 0.000000 2760.827881 0.000000 0.443696 0.000000 -0.896177 0.913173 0.913173 0.913173
4916.637207 0.000000 2775.955566 0.000000 0.117547 0.000000 0.993067 0.652001 0.652001 0.652001
4914.784668 0.000000 2783.542480 0.000000 0.662209 0.000000 0.749319 0.713722 0.713722 0.713722
4921.358398 0.000000 2765.051758 0.000000 0.626252 0.000000 0.779621 0.708932 0.708932 0.708932
4913.995117 0.000000 2782.241455 0.000000 0.517718 0.000000 0.855551 0.695430 0.695430 0.695430
4910.849121 0.000000 2763.700928 0.000000 0.987204 0.000000 -0.159465 0.816313 0.816313 0.816313
4918.668457 0.000000 2783.046631 0.000000 0.732243 0.000000 -0.681044 0.876312 0.876312 0.876312
4912.708008 0.000000 2783.624756 0.000000 0.842272 0.000000 -0.539053 0.857990 0.857990 0.857990
4919.150879 0.000000 2782.132568 0.000000 0.978749 0.000000 -0.205064 0.821037 0.821037 0.821037
4913.921875 0.000000 2769.551270 0.000000 0.994691 0.000000 -0.102911 0.810501 0.810501 0.810501
4913.252441 0.000000 2770.900391 0.000000 0.057910 0.000000 0.998322 0.645902 0.645902 0.645902
4887.498535 0.000000 2793.706787 0.000000 0.537842 0.000000 0.843045 0.800000 0.800000 0.800000
4884.781250 0.000000 2795.220459 0.000000 0.540521 0.000000 0.841330 0.698167 0.698167 0.698167
4864.283691 0.000000 2784.049316 0.000000 0.795700 0.000000 0.605691 0.733727 0.733727 0.733727
4894.919922 0.000000 2786.828125 0.000000 0.867941 0.000000 -0.496668 0.852942 0.852942 0.852942
4880.020020 0.000000 2806.546631 0.000000 0.308750 0.000000 0.951143 0.800000 0.800000 0.800000
4887.791016 0.000000 2796.426270 0.000000 0.280408 0.000000 -0.959881 0.800000 0.800000 0.800000
4882.436035 0.000000 2806.401123 0.000000 0.821506 0.000000 -0.570200 0.861803 0.861803 0.861803
4865.025391 0.000000 2786.308105 0.000000 0.998476 0.000000 -0.055193 0.800000 0.800000 0.800000
4885.583008 0.000000 2793.347900 0.000000 0.998686 0.000000 0.051242 0.800000 0.800000 0.800000
4886.490234 0.000000 2795.251465 0.000000 0.982754 0.000000 -0.184918 0.818945 0.818945 0.818945
4882.892578 0.000000 2804.878662 0.000000 0.583050 0.000000 -0.812436 0.896595 0.896595 0.896595
4881.091309 0.000000 2805.431396 0.000000 0.938986 0.000000 -0.343955 0.800000 0.800000 0.800000
4865.874023 0.000000 2784.103760 0.000000 0.781960 0.000000 -0.623329 0.868550 0.868550 0.868550
4881.191406 0.000000 2807.458984 0.000000 0.833861 0.000000 -0.551975 0.800000 0.800000 0.800000
4886.393555 0.000000 2792.138184 0.000000 0.443655 0.000000 0.896198 0.800000 0.800000 0.800000
4882.957031 0.000000 2807.748535 0.000000 0.257752 0.000000 0.966211 0.666554 0.666554 0.666554
4864.014160 0.000000 2785.380127 0.000000 0.917250 0.000000 -0.398312 0.841729 0.841729 0.841729
4865.883301 0.000000 2785.339111 0.000000 0.653761 0.000000 -0.756701 0.887421 0.887421 0.887421
4883.563477 0.000000 2805.904053 0.000000 0.098574 0.000000 -0.995130 0.949943 0.949943 0.949943
4883.785645 0.000000 2804.209229 0.000000 0.989558 0.000000 0.144133 0.785267 0.785267 0.785267
4884.694336 0.000000 2794.108154 0.000000 0.982955 0.000000 0.183849 0.781166 0.781166 0.781166
4886.452637 0.000000 2794.039307 0.000000 0.994693 0.000000 -0.102889 0.810499 0.810499 0.810499
4887.431152 0.000000 2794.783936 0.000000 0.697668 0.000000 -0.716421 0.881351 0.881351 0.881351
4865.055176 0.000000 2784.705566 0.000000 0.989993 0.000000 -0.141118 0.814422 0.814422 0.814422
4919.498535 0.000000 2793.706787 0.000000 0.169547 0.000000 0.985522 0.800000 0.800000 0.800000
4916.977051 0.000000 2784.686279 0.000000 0.801624 0.000000 -0.597829 0.800000 0.800000 0.800000
4909.880859 0.000000 2808.671875 0.000000 0.939822 0.000000 0.341665 0.764483 0.764483 0.764483
4908.250000 0.000000 2792.074219 0.000000 0.859222 0.000000 -0.511603 0.800000 0.800000 0.800000
4926.083984 0.000000 2784.082275 0.000000 0.853592 0.000000 0.520941 0.744186 0.744186 0.744186
4899.067383 0.000000 2785.031982 0.000000 0.864336 0.000000 0.502914 0.800000 0.800000 0.800000
4923.650391 0.000000 2785.134521 0.000000 0.348222 0.000000 -0.937412 0.800000 0.800000 0.800000
4897.025391 0.000000 2786.308105 0.000000 0.445079 0.000000 -0.895491 0.913016 0.913016 0.913016
4914.509766 0.000000 2784.299805 0.000000 0.815111 0.000000 -0.579305 0.800000 0.800000 0.800000
4907.557129 0.000000 2789.922363 0.000000 0.967784 0.000000 -0.251782 0.800000 0.800000 0.800000
4909.603516 0.000000 2793.754395 0.000000 0.461961 0.000000 -0.886900 0.800000 0.800000 0.800000
4919.807617 0.000000 2791.713135 0.000000 0.922878 0.000000 -0.385093 0.800000 0.800000 0.800000
4919.167480 0.000000 2784.006104 0.000000 0.457601 0.000000 0.889157 0.688413 0.688413 0.688413
4909.203125 0.000000 2810.517822 0.000000 0.170816 0.000000 0.985303 0.800000 0.800000 0.800000
4898.145996 0.000000 2787.895508 0.000000 0.757736 0.000000 -0.652562 0.872418 0.872418 0.872418
4900.704590 0.000000 2786.037598 0.000000 0.762293 0.000000 -0.647232 0.800000 0.800000 0.800000
4909.335449 0.000000 2806.562012 0.000000 0.004549 0.000000 0.999990 0.800000 0.800000 0.800000
4900.504395 0.000000 2784.043457 0.000000 0.245102 0.000000 -0.969497 0.800000 0.800000 0.800000
4909.895508 0.000000 2788.516357 0.000000 0.974237 0.000000 0.225525 0.800000 0.800000 0.800000
4910.753906 0.000000 2810.092041 0.000000 0.947402 0.000000 0.320045 0.800000 0.800000 0.800000
4899.110840 0.000000 2786.621338 0.000000 0.761386 0.000000 -0.648298 0.871846 0.871846 0.871846
4909.904297 0.000000 2791.838867 0.000000 0.236070 0.000000 -0.971736 0.935725 0.935725 0.935725
4927.113281 0.000000 2785.236084 0.000000 0.269992 0.000000 0.962863 0.667847 0.667847 0.667847
4906.641602 0.000000 2791.788330 0.000000 0.621227 0.000000 0.783630 0.708277 0.708277 0.708277
4910.604980 0.000000 2807.373779 0.000000 0.446789 0.000000 0.894639 0.800000 0.800000 0.800000
4915.326660 0.000000 2785.689453 0.000000 0.951152 0.000000 0.308723 0.800000 0.800000 0.800000
4919.832031 0.000000 2790.217773 0.000000 0.562041 0.000000 -0.827109 0.800000 0.800000 0.800000
4918.393555 0.000000 2792.138184 0.000000 0.242813 0.000000 -0.970073 0.800000 0.800000 0.800000
4908.748535 0.000000 2790.740967 0.000000 0.583163 0.000000 -0.812355 0.896581 0.896581 0.896581
4896.030273 0.000000 2787.209229 0.000000 0.974072 0.000000 -0.226239 0.823246 0.823246 0.823246
4924.772461 0.000000 2784.451172 0.000000 0.988415 0.000000 0.151776 0.784480 0.784480 0.784480
4919.670410 0.000000 2785.208496 0.000000 0.256422 0.000000 0.966565 0.666414 0.666414 0.666414
4927.318359 0.000000 2784.068848 0.000000 0.989803 0.000000 -0.142442 0.814559 0.814559 0.814559
4918.172852 0.000000 2784.721680 0.000000 0.601171 0.000000 0.799121 0.705696 0.705696 0.705696
4898.025879 0.000000 2786.772217 0.000000 0.712786 0.000000 0.701382 0.720821 0.720821 0.720821
4897.075684 0.000000 2787.623535 0.000000 0.575028 0.000000 0.818134 0.702403 0.702403 0.702403
4928.671875 0.000000 2782.357910 0.000000 0.724805 0.000000 -0.688954 0.800000 0.800000 0.800000
4929.921387 0.000000 2783.779297 0.000000 0.876926 0.000000 -0.480625 0.800000 0.800000 0.800000
4945.991699 0.000000 2790.318848 0.000000 0.221095 0.000000 -0.975252 0.800000 0.800000 0.800000
4937.063965 0.000000 2795.399170 0.000000 0.846001 0.000000 -0.533182 0.857281 0.857281 0.857281
4945.770996 0.000000 2794.510742 0.000000 0.848256 0.000000 0.529587 0.743151 0.743151 0.743151
4936.367188 0.000000 2787.822510 0.000000 0.520792 0.000000 0.853684 0.800000 0.800000 0.800000
4943.378906 0.000000 2792.535889 0.000000 0.645606 0.000000 0.763670 0.711487 0.711487 0.711487
4937.434570 0.000000 2790.829834 0.000000 0.280281 0.000000 0.959918 0.668937 0.668937 0.668937
4928.283691 0.000000 2784.049316 0.000000 0.416657 0.000000 -0.909064 0.800000 0.800000 0.800000
4944.766113 0.000000 2797.274658 0.000000 0.341441 0.000000 -0.939903 0.800000 0.800000 0.800000
4942.137695 0.000000 2790.218262 0.000000 0.643850 0.000000 0.765151 0.800000 0.800000 0.800000
4939.578125 0.000000 2794.613770 0.000000 0.231042 0.000000 0.972944 0.800000 0.800000 0.800000
4946.963867 0.000000 2792.413574 0.000000 0.218320 0.000000 -0.975877 0.800000 0.800000 0.800000
4934.252930 0.000000 2788.941162 0.000000 0.529245 0.000000 0.848469 0.696808 0.696808 0.696808
4939.557129 0.000000 2789.922363 0.000000 0.634205 0.000000 0.773165 0.800000 0.800000 0.800000
4938.519531 0.000000 2786.410156 0.000000 0.872413 0.000000 -0.488770 0.852017 0.852017 0.852017
4943.610840 0.000000 2794.665527 0.000000 0.863781 0.000000 0.503867 0.746211 0.746211 0.746211
4934.559082 0.000000 2786.764648 0.000000 0.980774 0.000000 -0.195147 0.800000 0.800000 0.800000
4947.041992 0.000000 2796.248291 0.000000 0.721492 0.000000 0.692423 0.800000 0.800000 0.800000
4937.917480 0.000000 2788.967041 0.000000 0.945483 0.000000 0.325671 0.766211 0.766211 0.766211
4943.989746 0.000000 2790.167480 0.000000 0.365216 0.000000 0.930923 0.800000 0.800000 0.800000
4945.190918 0.000000 2792.794189 0.000000 0.883397 0.000000 -0.468625 0.849680 0.849680 0.849680
4947.477051 0.000000 2794.096436 0.000000 0.718734 0.000000 0.695286 0.800000 0.800000 0.800000
4944.795410 0.000000 2795.719482 0.000000 0.617856 0.000000 0.786291 0.707839 0.707839 0.707839
4938.641602 0.000000 2791.788330 0.000000 0.267261 0.000000 0.963624 0.800000 0.800000 0.800000
4929.874023 0.000000 2784.103760 0.000000 0.777541 0.000000 0.628832 0.800000 0.800000 0.800000
4944.813477 0.000000 2791.376953 0.000000 0.643827 0.000000 0.765171 0.800000 0.800000 0.800000
4946.180176 0.000000 2797.686035 0.000000 0.925422 0.000000 -0.378937 0.800000 0.800000 0.800000
4938.532227 0.000000 2795.669922 0.000000 0.806939 0.000000 0.590635 0.800000 0.800000 0.800000
4938.770508 0.000000 2787.758789 0.000000 0.868168 0.000000 -0.496270 0.852895 0.852895 0.852895
4936.614258 0.000000 2789.144775 0.000000 0.920583 0.000000 -0.390546 0.840868 0.840868 0.840868
4942.331055 0.000000 2794.801514 0.000000 0.680932 0.000000 -0.732346 0.883704 0.883704 0.883704
4944.658691 0.000000 2793.934570 0.000000 0.562215 0.000000 -0.826991 0.899184 0.899184 0.899184
4942.879883 0.000000 2793.676514 0.000000 0.995697 0.000000 0.092669 0.790547 0.790547 0.790547
4937.420410 0.000000 2789.835693 0.000000 0.973626 0.000000 -0.228151 0.823446 0.823446 0.823446
4983.498535 0.000000 2793.706787 0.000000 0.578997 0.000000 0.815330 0.702898 0.702898 0.702898
4977.943848 0.000000 2813.206299 0.000000 0.274408 0.000000 -0.961613 0.931686 0.931686 0.931686
4983.378418 0.000000 2788.744873 0.000000 0.390318 0.000000 0.920680 0.680843 0.680843 0.680843
4967.165527 0.000000 2802.219238 0.000000 0.898067 0.000000 -0.439860 0.800000 0.800000 0.800000
4974.038574 0.000000 2812.374756 0.000000 0.967194 0.000000 -0.254039 0.800000 0.800000 0.800000
4981.226562 0.000000 2791.274658 0.000000 0.076053 0.000000 -0.997104 0.800000 0.800000 0.800000
4980.428711 0.000000 2814.634766 0.000000 0.997582 0.000000 0.069498 0.792915 0.792915 0.792915
4983.703125 0.000000 2815.002441 0.000000 0.537447 0.000000 0.843298 0.697796 0.697796 0.697796
4983.791016 0.000000 2796.426270 0.000000 0.003414 0.000000 -0.999994 0.800000 0.800000 0.800000
4980.769531 0.000000 2788.682129 0.000000 0.945891 0.000000 -0.324485 0.800000 0.800000 0.800000
4976.231445 0.000000 2810.878662 0.000000 0.934585 0.000000 -0.355740 0.800000 0.800000 0.800000
4966.243652 0.000000 2804.651855 0.000000 0.967005 0.000000 0.254758 0.800000 0.800000 0.800000
4982.871094 0.000000 2786.226807 0.000000 0.680629 0.000000 -0.732628 0.800000 0.800000 0.800000
4983.807617 0.000000 2791.713135 0.000000 0.762842 0.000000 -0.646585 0.871617 0.871617 0.871617
4964.347656 0.000000 2803.973389 0.000000 0.749539 0.000000 0.661961 0.726312 0.726312 0.726312
4980.492676 0.000000 2786.628906 0.000000 0.998811 0.000000 0.048748 0.800000 0.800000 0.800000
4976.003418 0.000000 2812.838623 0.000000 0.083028 0.000000 0.996547 0.648467 0.648467 0.648467
4981.583008 0.000000 2793.347900 0.000000 0.687594 0.000000 0.726096 0.800000 0.800000 0.800000
4979.947754 0.000000 2812.742432 0.000000 0.307426 0.000000 -0.951572 0.800000 0.800000 0.800000
4982.490234 0.000000 2795.251465 0.000000 0.167995 0.000000 0.985788 0.657193 0.657193 0.657193
4982.073730 0.000000 2814.197998 0.000000 0.320778 0.000000 -0.947154 0.926738 0.926738 0.926738
4982.077148 0.000000 2789.829590 0.000000 0.645131 0.000000 0.764072 0.711423 0.711423 0.711423
4965.578125 0.000000 2802.815186 0.000000 0.961673 0.000000 0.274198 0.771708 0.771708 0.771708
4974.753906 0.000000 2810.092041 0.000000 0.901628 0.000000 0.432513 0.800000 0.800000 0.800000
4981.934570 0.000000 2787.570801 0.000000 0.024903 0.000000 -0.999690 0.800000 0.800000 0.800000
4985.196777 0.000000 2814.529053 0.000000 0.342897 0.000000 0.939373 0.800000 0.800000 0.800000
4983.832031 0.000000 2790.217773 0.000000 0.584857 0.000000 0.811136 0.703632 0.703632 0.703632
4982.393555 0.000000 2792.138184 0.000000 0.880734 0.000000 -0.473611 0.850256 0.850256 0.850256
4979.020996 0.000000 2814.394287 0.000000 0.613789 0.000000 -0.789470 0.892686 0.892686 0.892686
4979.823242 0.000000 2815.882812 0.000000 0.673280 0.000000 0.739388 0.715237 0.715237 0.715237
4981.774902 0.000000 2815.562988 0.000000 0.836013 0.000000 -0.548709 0.859162 0.859162 0.859162
4965.084473 0.000000 2805.206543 0.000000 0.547876 0.000000 -0.836559 0.900940 0.900940 0.900940
4982.738281 0.000000 2790.944092 0.000000 0.983328 0.000000 0.181843 0.781374 0.781374 0.781374
4982.232422 0.000000 2788.700195 0.000000 0.533969 0.000000 -0.845504 0.902624 0.902624 0.902624
4964.425781 0.000000 2802.773682 0.000000 0.544072 0.000000 0.839039 0.698598 0.698598 0.698598
4965.468750 0.000000 2803.907471 0.000000 0.903494 0.000000 0.428601 0.754882 0.754882 0.754882
4978.784668 0.000000 2815.542480 0.000000 0.393580 0.000000 -0.919290 0.918796 0.918796 0.918796
5087.539551 0.000000 2718.021240 0.000000 0.927820 0.000000 0.373028 0.800000 0.800000 0.800000
5085.576172 0.000000 2719.152344 0.000000 0.338154 0.000000 0.941091 0.800000 0.800000 0.800000
5087.603027 0.000000 2719.537109 0.000000 0.257808 0.000000 0.966196 0.800000 0.800000 0.800000
5098.484375 0.000000 2717.530273 0.000000 0.698796 0.000000 -0.715321 0.881190 0.881190 0.881190
5105.537598 0.000000 2707.930664 0.000000 0.513027 0.000000 0.858372 0.694872 0.694872 0.694872
5114.323242 0.000000 2705.666016 0.000000 0.364064 0.000000 -0.931374 0.800000 0.800000 0.800000
5101.843750 0.000000 2699.939941 0.000000 0.946276 0.000000 -0.323359 0.833540 0.833540 0.833540
5101.880859 0.000000 2712.671875 0.000000 0.217811 0.000000 0.975991 0.800000 0.800000 0.800000
5114.376465 0.000000 2701.245605 0.000000 0.482434 0.000000 0.875933 0.691279 0.691279 0.691279
5092.120117 0.000000 2710.085205 0.000000 0.428463 0.000000 0.903559 0.800000 0.800000 0.800000
5113.397461 0.000000 2709.802979 0.000000 0.478917 0.000000 -0.877860 0.909129 0.909129 0.909129
5100.250000 0.000000 2696.074219 0.000000 0.307243 0.000000 0.951631 0.671810 0.671810 0.671810
5118.083984 0.000000 2688.082275 0.000000 0.391084 0.000000 -0.920355 0.800000 0.800000 0.800000
5095.165527 0.000000 2706.219238 0.000000 0.981491 0.000000 0.191511 0.780372 0.780372 0.780372
5092.081543 0.000000 2705.710693 0.000000 0.933051 0.000000 -0.359745 0.800000 0.800000 0.800000
5101.127930 0.000000 2719.200928 0.000000 0.722664 0.000000 0.691199 0.800000 0.800000 0.800000
5118.919922 0.000000 2690.828125 0.000000 0.777742 0.000000 0.628584 0.800000 0.800000 0.800000
5114.168945 0.000000 2698.525146 0.000000 0.641680 0.000000 -0.766972 0.889036 0.889036 0.889036
5112.240723 0.000000 2707.334961 0.000000 0.972756 0.000000 -0.231833 0.823831 0.823831 0.823831
5099.578125 0.000000 2698.613770 0.000000 0.997354 0.000000 0.072693 0.792589 0.792589 0.792589
5094.243652 0.000000 2708.651855 0.000000 0.946136 0.000000 0.323770 0.766416 0.766416 0.766416
5110.832031 0.000000 2709.917725 0.000000 0.810116 0.000000 0.586269 0.736191 0.736191 0.736191
5102.919434 0.000000 2706.425293 0.000000 0.995756 0.000000 0.092033 0.790612 0.790612 0.790612
5090.416992 0.000000 2708.593750 0.000000 0.752110 0.000000 -0.659038 0.800000 0.800000 0.800000
5102.720215 0.000000 2702.146729 0.000000 0.797610 0.000000 -0.603174 0.865951 0.865951 0.865951
5103.610840 0.000000 2698.665527 0.000000 0.994310 0.000000 0.106529 0.800000 0.800000 0.800000
5095.046387 0.000000 2704.044922 0.000000 0.968408 0.000000 0.249371 0.774328 0.774328 0.774328
5090.142578 0.000000 2710.898682 0.000000 0.144611 0.000000 -0.989489 0.800000 0.800000 0.800000
5101.603516 0.000000 2697.754395 0.000000 0.936813 0.000000 -0.349830 0.836403 0.836403 0.836403
5119.087891 0.000000 2693.014648 0.000000 0.885587 0.000000 0.464473 0.800000 0.800000 0.800000
5092.347656 0.000000 2707.973389 0.000000 0.859034 0.000000 0.511919 0.800000 0.800000 0.800000
5101.203125 0.000000 2714.517822 0.000000 0.988711 0.000000 -0.149836 0.800000 0.800000 0.800000
5099.981445 0.000000 2716.212646 0.000000 0.050903 0.000000 -0.998704 0.954813 0.954813 0.954813
5110.207520 0.000000 2708.081299 0.000000 0.889530 0.000000 -0.456876 0.848330 0.848330 0.848330
5098.798828 0.000000 2719.410156 0.000000 0.405620 0.000000 -0.914042 0.917458 0.917458 0.917458
5114.123535 0.000000 2707.565674 0.000000 0.185845 0.000000 -0.982579 0.800000 0.800000 0.800000
5103.729492 0.000000 2708.479248 0.000000 0.852876 0.000000 0.522114 0.800000 0.800000 0.800000
5113.255859 0.000000 2696.843994 0.000000 0.192617 0.000000 -0.981274 0.800000 0.800000 0.800000
5093.330566 0.000000 2704.375732 0.000000 0.931555 0.000000 -0.363601 0.800000 0.800000 0.800000
5100.354980 0.000000 2700.842285 0.000000 0.874301 0.000000 0.485385 0.800000 0.800000 0.800000
5092.044922 0.000000 2711.831055 0.000000 0.967767 0.000000 -0.251846 0.800000 0.800000 0.800000
5112.723633 0.000000 2701.872314 0.000000 0.603762 0.000000 -0.797164 0.800000 0.800000 0.800000
5114.873535 0.000000 2696.301270 0.000000 0.689078 0.000000 0.724687 0.800000 0.800000 0.800000
5093.578125 0.000000 2706.815186 0.000000 0.989799 0.000000 0.142470 0.800000 0.800000 0.800000
5102.753906 0.000000 2714.092041 0.000000 0.219767 0.000000 -0.975552 0.937431 0.937431 0.937431
5113.364258 0.000000 2699.963867 0.000000 0.295321 0.000000 -0.955398 0.929463 0.929463 0.929463
5115.810547 0.000000 2698.312012 0.000000 0.451759 0.000000 0.892140 0.687745 0.687745 0.687745
5100.059082 0.000000 2717.845215 0.000000 0.934003 0.000000 -0.357266 0.837213 0.837213 0.837213
5103.291992 0.000000 2700.641113 0.000000 0.705180 0.000000 0.709028 0.800000 0.800000 0.800000
5115.181152 0.000000 2699.855957 0.000000 0.650261 0.000000 0.759711 0.712109 0.712109 0.712109
5119.113281 0.000000 2689.236084 0.000000 0.251558 0.000000 0.967842 0.800000 0.800000 0.800000
5112.071777 0.000000 2708.897217 0.000000 0.188054 0.000000 -0.982159 0.940730 0.940730 0.940730
5105.091309 0.000000 2709.431396 0.000000 0.882770 0.000000 -0.469806 0.800000 0.800000 0.800000
5112.501953 0.000000 2698.781738 0.000000 0.325382 0.000000 0.945583 0.673758 0.673758 0.673758
5114.921387 0.000000 2704.373291 0.000000 0.721803 0.000000 0.692099 0.800000 0.800000 0.800000
5098.532227 0.000000 2699.669922 0.000000 0.535823 0.000000 -0.844330 0.902400 0.902400 0.902400
5099.354492 0.000000 2697.208496 0.000000 0.949708 0.000000 -0.313138 0.832442 0.832442 0.832442
5115.739258 0.000000 2705.905029 0.000000 0.955267 0.000000 -0.295745 0.800000 0.800000 0.800000
5112.910156 0.000000 2705.944336 0.000000 0.619036 0.000000 -0.785363 0.800000 0.800000 0.800000
5093.325195 0.000000 2710.790527 0.000000 0.711709 0.000000 0.702475 0.800000 0.800000 0.800000
5104.202637 0.000000 2707.116699 0.000000 0.999596 0.000000 -0.028409 0.802894 0.802894 0.802894
5110.931152 0.000000 2706.842529 0.000000 0.096772 0.000000 -0.995307 0.950127 0.950127 0.950127
5098.082031 0.000000 2698.364990 0.000000 0.743356 0.000000 0.668896 0.725366 0.725366 0.725366
5100.575195 0.000000 2699.492920 0.000000 0.346771 0.000000 0.937950 0.676071 0.676071 0.676071
5094.367676 0.000000 2705.197266 0.000000 0.952104 0.000000 0.305773 0.768347 0.768347 0.768347
5102.418945 0.000000 2707.584961 0.000000 0.173775 0.000000 -0.984785 0.942209 0.942209 0.942209
5094.892090 0.000000 2707.503662 0.000000 0.572172 0.000000 -0.820134 0.897952 0.897952 0.897952
5095.922363 0.000000 2705.283447 0.000000 0.991517 0.000000 0.129979 0.786723 0.786723 0.786723
5102.820801 0.000000 2703.544189 0.000000 0.904032 0.000000 0.427466 0.755010 0.755010 0.755010
5099.599609 0.000000 2699.942139 0.000000 0.860693 0.000000 0.509124 0.745590 0.745590 0.745590
5111.870117 0.000000 2706.181396 0.000000 0.281945 0.000000 -0.959431 0.930887 0.930887 0.930887
5113.312988 0.000000 2706.892578 0.000000 0.221788 0.000000 0.975095 0.662781 0.662781 0.662781
5079.498535 0.000000 2729.706787 0.000000 0.578411 0.000000 -0.815746 0.800000 0.800000 0.800000
5084.178223 0.000000 2723.823975 0.000000 0.631137 0.000000 -0.775671 0.890428 0.890428 0.890428
5086.083984 0.000000 2720.082275 0.000000 0.171494 0.000000 -0.985185 0.942445 0.942445 0.942445
5086.641113 0.000000 2736.483887 0.000000 0.945109 0.000000 -0.326756 0.833906 0.833906 0.833906
5081.733887 0.000000 2727.046875 0.000000 0.892161 0.000000 0.451717 0.800000 0.800000 0.800000
5083.650391 0.000000 2721.134521 0.000000 0.899371 0.000000 -0.437186 0.800000 0.800000 0.800000
5087.092773 0.000000 2739.585693 0.000000 0.443698 0.000000 -0.896177 0.913173 0.913173 0.913173
5083.449219 0.000000 2725.934570 0.000000 0.055769 0.000000 0.998444 0.645683 0.645683 0.645683
5079.807617 0.000000 2727.713135 0.000000 0.588907 0.000000 -0.808201 0.800000 0.800000 0.800000
5085.178223 0.000000 2722.146973 0.000000 0.794038 0.000000 -0.607868 0.866552 0.866552 0.866552
5081.255859 0.000000 2728.843994 0.000000 0.172994 0.000000 0.984923 0.657710 0.657710 0.657710
5081.143555 0.000000 2725.324707 0.000000 0.947320 0.000000 0.320290 0.800000 0.800000 0.800000
5086.498047 0.000000 2738.087158 0.000000 0.796703 0.000000 0.604371 0.733896 0.733896 0.733896
5082.376465 0.000000 2722.136230 0.000000 0.521296 0.000000 0.853376 0.695856 0.695856 0.695856
5085.770508 0.000000 2724.048828 0.000000 0.500493 0.000000 0.865741 0.800000 0.800000 0.800000
5087.113281 0.000000 2721.236084 0.000000 0.901975 0.000000 -0.431789 0.845478 0.845478 0.845478
5079.832031 0.000000 2726.217773 0.000000 0.908715 0.000000 0.417418 0.800000 0.800000 0.800000
5078.393555 0.000000 2728.138184 0.000000 0.122627 0.000000 -0.992453 0.800000 0.800000 0.800000
5082.816895 0.000000 2724.487061 0.000000 0.166349 0.000000 0.986067 0.657023 0.657023 0.657023
5087.893066 0.000000 2738.377686 0.000000 0.024343 0.000000 -0.999704 0.957520 0.957520 0.957520
5083.796387 0.000000 2722.440674 0.000000 0.730243 0.000000 0.683188 0.723390 0.723390 0.723390
5084.772461 0.000000 2720.451172 0.000000 0.630106 0.000000 -0.776509 0.890564 0.890564 0.890564
5082.244629 0.000000 2725.833008 0.000000 0.973028 0.000000 -0.230686 0.823711 0.823711 0.823711
5082.880859 0.000000 2723.221680 0.000000 0.072419 0.000000 -0.997374 0.952617 0.952617 0.952617
5087.318359 0.000000 2720.068848 0.000000 0.726504 0.000000 -0.687162 0.877166 0.877166 0.877166
5085.955078 0.000000 2721.312500 0.000000 0.693395 0.000000 -0.720557 0.881957 0.881957 0.881957
5085.057617 0.000000 2723.220703 0.000000 0.382777 0.000000 -0.923841 0.919990 0.919990 0.919990
5086.142090 0.000000 2739.118652 0.000000 0.117502 0.000000 -0.993073 0.948004 0.948004 0.948004
5115.341797 0.000000 2746.027100 0.000000 0.780129 0.000000 -0.625619 0.800000 0.800000 0.800000
5107.599121 0.000000 2734.177734 0.000000 0.556225 0.000000 -0.831032 0.899920 0.899920 0.899920
5089.204102 0.000000 2738.668457 0.000000 0.355180 0.000000 -0.934798 0.923014 0.923014 0.923014
5114.406738 0.000000 2751.556152 0.000000 0.901646 0.000000 0.432474 0.800000 0.800000 0.800000
5111.378418 0.000000 2724.744873 0.000000 0.800813 0.000000 -0.598915 0.865408 0.865408 0.865408
5095.165527 0.000000 2738.219238 0.000000 0.973717 0.000000 -0.227762 0.800000 0.800000 0.800000
5116.450684 0.000000 2749.061768 0.000000 0.025208 0.000000 0.999682 0.642568 0.642568 0.642568
5118.431152 0.000000 2746.654297 0.000000 0.254352 0.000000 -0.967112 0.933804 0.933804 0.933804
5097.434570 0.000000 2726.829834 0.000000 0.515836 0.000000 0.856687 0.800000 0.800000 0.800000
5104.766113 0.000000 2733.274658 0.000000 0.743067 0.000000 0.669217 0.800000 0.800000 0.800000
5106.849121 0.000000 2737.109375 0.000000 0.092532 0.000000 0.995710 0.649439 0.649439 0.649439
5117.382812 0.000000 2744.181885 0.000000 0.995900 0.000000 -0.090466 0.800000 0.800000 0.800000
5108.769531 0.000000 2724.682129 0.000000 0.929970 0.000000 0.367637 0.761653 0.761653 0.761653
5110.871094 0.000000 2722.226807 0.000000 0.149809 0.000000 0.988715 0.800000 0.800000 0.800000
5094.252930 0.000000 2724.941162 0.000000 0.511207 0.000000 0.859458 0.800000 0.800000 0.800000
5117.576172 0.000000 2751.152344 0.000000 0.933986 0.000000 -0.357310 0.837218 0.837218 0.837218
5090.416992 0.000000 2740.593750 0.000000 0.956087 0.000000 0.293083 0.800000 0.800000 0.800000
5088.028809 0.000000 2736.788818 0.000000 0.341333 0.000000 0.939943 0.800000 0.800000 0.800000
5099.557129 0.000000 2725.922363 0.000000 0.989783 0.000000 0.142584 0.800000 0.800000 0.800000
5105.758789 0.000000 2735.165527 0.000000 0.154305 0.000000 -0.988023 0.944220 0.944220 0.944220
5104.981445 0.000000 2737.918213 0.000000 0.969150 0.000000 0.246471 0.800000 0.800000 0.800000
5092.347656 0.000000 2739.973389 0.000000 0.904445 0.000000 0.426591 0.755109 0.755109 0.755109
5108.492676 0.000000 2722.628906 0.000000 0.475134 0.000000 -0.879914 0.909568 0.909568 0.909568
5097.917480 0.000000 2724.967041 0.000000 0.942799 0.000000 0.333360 0.765382 0.765382 0.765382
5118.257324 0.000000 2748.641602 0.000000 0.897957 0.000000 0.440084 0.800000 0.800000 0.800000
5119.967773 0.000000 2747.734619 0.000000 0.806228 0.000000 -0.591605 0.864482 0.864482 0.864482
5114.509277 0.000000 2749.638428 0.000000 0.266396 0.000000 -0.963864 0.932533 0.932533 0.932533
5119.353027 0.000000 2744.887939 0.000000 0.822497 0.000000 -0.568769 0.800000 0.800000 0.800000
5116.776367 0.000000 2747.307861 0.000000 0.571696 0.000000 -0.820466 0.800000 0.800000 0.800000
5088.004883 0.000000 2739.935791 0.000000 0.813696 0.000000 -0.581290 0.863185 0.863185 0.863185
5110.077148 0.000000 2725.829590 0.000000 0.973040 0.000000 -0.230638 0.823706 0.823706 0.823706
5090.927246 0.000000 2738.993652 0.000000 0.572056 0.000000 -0.820214 0.897967 0.897967 0.897967
5115.117676 0.000000 2747.958008 0.000000 0.855829 0.000000 0.517259 0.800000 0.800000 0.800000
5115.964844 0.000000 2750.674805 0.000000 0.086230 0.000000 -0.996275 0.800000 0.800000 0.800000
5093.578125 0.000000 2738.815186 0.000000 0.129134 0.000000 -0.991627 0.946810 0.946810 0.946810
5109.934570 0.000000 2723.570801 0.000000 0.059636 0.000000 -0.998220 0.953922 0.953922 0.953922
5098.641602 0.000000 2727.788330 0.000000 0.529288 0.000000 0.848442 0.800000 0.800000 0.800000
5116.964844 0.000000 2745.731445 0.000000 0.760790 0.000000 -0.648998 0.800000 0.800000 0.800000
5107.564453 0.000000 2735.751953 0.000000 0.880900 0.000000 -0.473302 0.850220 0.850220 0.850220
5105.493652 0.000000 2736.543945 0.000000 0.922025 0.000000 -0.387131 0.800000 0.800000 0.800000
5104.260254 0.000000 2734.614258 0.000000 0.315147 0.000000 0.949043 0.672657 0.672657 0.672657
5116.437500 0.000000 2751.939209 0.000000 0.749565 0.000000 -0.661931 0.873684 0.873684 0.873684
5096.614258 0.000000 2725.144775 0.000000 0.864103 0.000000 0.503314 0.746276 0.746276 0.746276
5117.592773 0.000000 2749.815186 0.000000 0.586544 0.000000 -0.809917 0.896156 0.896156 0.896156
5089.345215 0.000000 2739.899170 0.000000 0.357018 0.000000 -0.934097 0.922814 0.922814 0.922814
5119.502930 0.000000 2746.121826 0.000000 0.749175 0.000000 0.662372 0.726256 0.726256 0.726256
5088.060059 0.000000 2738.225586 0.000000 0.204268 0.000000 0.978915 0.660954 0.660954 0.660954
5110.232422 0.000000 2724.700195 0.000000 0.407674 0.000000 0.913127 0.682771 0.682771 0.682771
5092.425781 0.000000 2738.773682 0.000000 0.863333 0.000000 0.504635 0.746121 0.746121 0.746121
5106.479004 0.000000 2736.052490 0.000000 0.843447 0.000000 -0.537212 0.857767 0.857767 0.857767
5093.468750 0.000000 2739.907471 0.000000 0.747366 0.000000 0.664413 0.725978 0.725978 0.725978
5115.379883 0.000000 2749.010254 0.000000 0.923609 0.000000 0.383336 0.759928 0.759928 0.759928
5117.226562 0.000000 2748.293457 0.000000 0.851457 0.000000 0.524425 0.743770 0.743770 0.743770
5104.774414 0.000000 2735.534912 0.000000 0.843399 0.000000 -0.537288 0.857776 0.857776 0.857776
5106.801270 0.000000 2734.927979 0.000000 0.820210 0.000000 -0.572062 0.862034 0.862034 0.862034
5118.852539 0.000000 2747.620361 0.000000 0.287829 0.000000 0.957682 0.669739 0.669739 0.669739
5105.235352 0.000000 2734.256348 0.000000 0.531636 0.000000 0.846973 0.697095 0.697095 0.697095
5091.313477 0.000000 2739.947998 0.000000 0.767030 0.000000 0.641611 0.729045 0.729045 0.729045
4995.061523 0.000000 2782.539795 0.000000 0.995357 0.000000 -0.096257 0.800000 0.800000 0.800000
5055.539551 0.000000 2782.021240 0.000000 0.059932 0.000000 0.998203 0.800000 0.800000 0.800000
5052.450684 0.000000 2781.061768 0.000000 0.720953 0.000000 -0.692984 0.877985 0.877985 0.877985
5053.576172 0.000000 2783.152344 0.000000 0.920368 0.000000 -0.391052 0.840924 0.840924 0.840924
5054.257324 0.000000 2780.641602 0.000000 0.489444 0.000000 0.872035 0.692096 0.692096 0.692096
5055.603027 0.000000 2783.537109 0.000000 0.986622 0.000000 -0.163023 0.800000 0.800000 0.800000
5052.437500 0.000000 2783.939209 0.000000 0.737942 0.000000 -0.674865 0.875455 0.875455 0.875455
5053.592773 0.000000 2781.815186 0.000000 0.879279 0.000000 -0.476308 0.850568 0.850568 0.850568
5055.338379 0.000000 2780.942627 0.000000 0.747589 0.000000 0.664161 0.726012 0.726012 0.726012
4998.346191 0.000000 2791.327637 0.000000 0.950849 0.000000 0.309654 0.800000 0.800000 0.800000
5005.880859 0.000000 2808.671875 0.000000 0.623269 0.000000 0.782007 0.708543 0.708543 0.708543
4993.204102 0.000000 2802.668457 0.000000 0.245719 0.000000 -0.969341 0.800000 0.800000 0.800000
5023.539551 0.000000 2814.021240 0.000000 0.126192 0.000000 0.992006 0.652888 0.652888 0.652888
5021.731934 0.000000 2805.542725 0.000000 0.833973 0.000000 0.551805 0.740461 0.740461 0.740461
5013.732422 0.000000 2802.201904 0.000000 0.731566 0.000000 0.681770 0.800000 0.800000 0.800000
4996.120117 0.000000 2806.085205 0.000000 0.818710 0.000000 -0.574208 0.800000 0.800000 0.800000
5017.397461 0.000000 2805.802979 0.000000 0.999607 0.000000 0.028038 0.797144 0.797144 0.797144
4999.165527 0.000000 2802.219238 0.000000 0.734954 0.000000 -0.678117 0.875905 0.875905 0.875905
5009.837891 0.000000 2808.801514 0.000000 0.881854 0.000000 0.471522 0.749986 0.749986 0.749986
4996.062012 0.000000 2788.120361 0.000000 0.835356 0.000000 -0.549709 0.859284 0.859284 0.859284
5020.450684 0.000000 2813.061768 0.000000 0.603388 0.000000 0.797448 0.705979 0.705979 0.705979
4995.067383 0.000000 2785.031982 0.000000 0.983921 0.000000 -0.178605 0.818291 0.818291 0.818291
5022.431152 0.000000 2810.654297 0.000000 0.999887 0.000000 -0.015036 0.800000 0.800000 0.800000
4996.081543 0.000000 2801.710693 0.000000 0.219504 0.000000 0.975612 0.800000 0.800000 0.800000
5010.849121 0.000000 2801.109375 0.000000 0.532962 0.000000 0.846139 0.697255 0.697255 0.697255
4992.376465 0.000000 2805.610596 0.000000 0.888250 0.000000 0.459361 0.800000 0.800000 0.800000
5008.231445 0.000000 2810.878662 0.000000 0.353154 0.000000 0.935565 0.676765 0.676765 0.676765
5016.240723 0.000000 2803.334961 0.000000 0.991941 0.000000 0.126698 0.800000 0.800000 0.800000
4998.243652 0.000000 2804.651855 0.000000 0.212321 0.000000 0.977200 0.800000 0.800000 0.800000
5014.832031 0.000000 2805.917725 0.000000 0.526606 0.000000 -0.850110 0.800000 0.800000 0.800000
4994.277344 0.000000 2789.824951 0.000000 0.407664 0.000000 0.913132 0.682770 0.682770 0.682770
5018.883789 0.000000 2807.619141 0.000000 0.689297 0.000000 0.724479 0.717466 0.717466 0.717466
5019.518555 0.000000 2804.823730 0.000000 0.991752 0.000000 -0.128169 0.813091 0.813091 0.813091
4998.252930 0.000000 2788.941162 0.000000 0.663268 0.000000 0.748382 0.800000 0.800000 0.800000
5015.750977 0.000000 2801.126953 0.000000 0.589729 0.000000 -0.807601 0.800000 0.800000 0.800000
4994.416992 0.000000 2804.593750 0.000000 0.350885 0.000000 -0.936419 0.923482 0.923482 0.923482
5013.036621 0.000000 2800.032227 0.000000 0.558025 0.000000 -0.829824 0.800000 0.800000 0.800000
4996.117676 0.000000 2791.164795 0.000000 0.658217 0.000000 0.752828 0.713181 0.713181 0.713181
4999.046387 0.000000 2800.044922 0.000000 0.279753 0.000000 0.960072 0.800000 0.800000 0.800000
4994.142578 0.000000 2806.898682 0.000000 0.999155 0.000000 -0.041100 0.800000 0.800000 0.800000
5009.758789 0.000000 2799.165527 0.000000 0.646330 0.000000 0.763058 0.800000 0.800000 0.800000
5011.724609 0.000000 2803.055664 0.000000 0.403606 0.000000 -0.914933 0.800000 0.800000 0.800000
5008.981445 0.000000 2801.918213 0.000000 0.738561 0.000000 0.674187 0.724638 0.724638 0.724638
4996.347656 0.000000 2803.973389 0.000000 0.939158 0.000000 0.343485 0.764286 0.764286 0.764286
5005.203125 0.000000 2810.517822 0.000000 0.975174 0.000000 0.221442 0.800000 0.800000 0.800000
5014.207520 0.000000 2804.081299 0.000000 0.994230 0.000000 -0.107266 0.800000 0.800000 0.800000
4994.145996 0.000000 2787.895508 0.000000 0.275750 0.000000 0.961230 0.668456 0.668456 0.668456
5011.886719 0.000000 2808.825684 0.000000 0.288646 0.000000 -0.957436 0.800000 0.800000 0.800000
5010.139648 0.000000 2811.146240 0.000000 0.019362 0.000000 -0.999813 0.800000 0.800000 0.800000
4996.704590 0.000000 2786.037598 0.000000 0.183876 0.000000 0.982949 0.658837 0.658837 0.658837
5022.257324 0.000000 2812.641602 0.000000 0.999933 0.000000 0.011588 0.798820 0.798820 0.798820
5023.967773 0.000000 2811.734619 0.000000 0.986874 0.000000 -0.161493 0.800000 0.800000 0.800000
5003.870605 0.000000 2808.630127 0.000000 0.760744 0.000000 0.649052 0.800000 0.800000 0.800000
5008.036133 0.000000 2808.465088 0.000000 0.933560 0.000000 0.358420 0.762661 0.762661 0.762661
4999.676270 0.000000 2790.117432 0.000000 0.551130 0.000000 -0.834419 0.800000 0.800000 0.800000
5020.776367 0.000000 2811.307861 0.000000 0.448460 0.000000 0.893803 0.800000 0.800000 0.800000
4999.988770 0.000000 2791.927002 0.000000 0.164058 0.000000 -0.986451 0.800000 0.800000 0.800000
4997.330566 0.000000 2800.375732 0.000000 0.461061 0.000000 0.887369 0.800000 0.800000 0.800000
5020.264160 0.000000 2806.555176 0.000000 0.437992 0.000000 0.898979 0.686179 0.686179 0.686179
4996.044922 0.000000 2807.831055 0.000000 0.162300 0.000000 0.986741 0.800000 0.800000 0.800000
4992.004883 0.000000 2803.935791 0.000000 0.915990 0.000000 0.401200 0.800000 0.800000 0.800000
4994.927246 0.000000 2802.993652 0.000000 0.246652 0.000000 -0.969104 0.934614 0.934614 0.934614
4997.578125 0.000000 2802.815186 0.000000 0.537015 0.000000 0.843573 0.697743 0.697743 0.697743
5006.753906 0.000000 2810.092041 0.000000 0.725957 0.000000 0.687741 0.800000 0.800000 0.800000
4996.737305 0.000000 2789.629395 0.000000 0.598936 0.000000 -0.800797 0.894589 0.894589 0.894589
4995.110840 0.000000 2786.621338 0.000000 0.185247 0.000000 -0.982692 0.941021 0.941021 0.941021
5012.361816 0.000000 2801.452881 0.000000 0.848467 0.000000 -0.529248 0.800000 0.800000 0.800000
5016.071777 0.000000 2804.897217 0.000000 0.541654 0.000000 -0.840602 0.901696 0.901696 0.901696
5023.603027 0.000000 2815.537109 0.000000 0.641029 0.000000 -0.767516 0.889122 0.889122 0.889122
5006.604980 0.000000 2807.373779 0.000000 0.401976 0.000000 0.915650 0.800000 0.800000 0.800000
5010.357422 0.000000 2802.541748 0.000000 0.494577 0.000000 -0.869134 0.800000 0.800000 0.800000
5017.465820 0.000000 2807.266846 0.000000 0.275773 0.000000 -0.961223 0.800000 0.800000 0.800000
5014.315430 0.000000 2800.722656 0.000000 0.452971 0.000000 0.891525 0.800000 0.800000 0.800000
5010.848633 0.000000 2809.879150 0.000000 0.498339 0.000000 0.866982 0.800000 0.800000 0.800000
5021.738281 0.000000 2804.068359 0.000000 0.764859 0.000000 -0.644198 0.871299 0.871299 0.871299
5009.493652 0.000000 2800.543945 0.000000 0.919303 0.000000 0.393550 0.758799 0.758799 0.758799
4997.325195 0.000000 2806.790527 0.000000 0.004428 0.000000 -0.999990 0.800000 0.800000 0.800000
5018.745117 0.000000 2806.209717 0.000000 0.387942 0.000000 -0.921684 0.919420 0.919420 0.919420
5008.260254 0.000000 2798.614258 0.000000 0.605505 0.000000 -0.795841 0.800000 0.800000 0.800000
4997.280762 0.000000 2787.472168 0.000000 0.681947 0.000000 0.731401 0.716437 0.716437 0.716437
5009.061035 0.000000 2811.989990 0.000000 0.042258 0.000000 0.999107 0.644306 0.644306 0.644306
5014.931152 0.000000 2802.842529 0.000000 0.760916 0.000000 0.648851 0.728080 0.728080 0.728080
5021.592773 0.000000 2813.815186 0.000000 0.588786 0.000000 -0.808289 0.895874 0.895874 0.895874
4997.084473 0.000000 2805.206543 0.000000 0.394310 0.000000 -0.918977 0.918715 0.918715 0.918715
4994.792969 0.000000 2805.817627 0.000000 0.018301 0.000000 0.999833 0.641864 0.641864 0.641864
5017.299316 0.000000 2804.510010 0.000000 0.967905 0.000000 0.251318 0.774123 0.774123 0.774123
4997.899414 0.000000 2790.165039 0.000000 0.766030 0.000000 0.642804 0.728887 0.728887 0.728887
4998.892090 0.000000 2803.503662 0.000000 0.516959 0.000000 -0.856010 0.904661 0.904661 0.904661
5021.463379 0.000000 2806.744873 0.000000 0.291704 0.000000 0.956509 0.670151 0.670151 0.670151
5020.766113 0.000000 2804.839355 0.000000 0.612685 0.000000 -0.790327 0.892829 0.892829 0.892829
4995.615234 0.000000 2804.924805 0.000000 0.292851 0.000000 -0.956158 0.929727 0.929727 0.929727
4997.238770 0.000000 2791.684326 0.000000 0.336481 0.000000 -0.941690 0.925044 0.925044 0.925044
5004.878906 0.000000 2809.321289 0.000000 0.819207 0.000000 -0.573498 0.862212 0.862212 0.862212
5023.338379 0.000000 2812.942627 0.000000 0.968951 0.000000 0.247251 0.774551 0.774551 0.774551
5007.092285 0.000000 2809.016113 0.000000 0.676707 0.000000 -0.736252 0.884290 0.884290 0.884290
4994.025879 0.000000 2786.772217 0.000000 0.972403 0.000000 -0.233307 0.823986 0.823986 0.823986
5010.479004 0.000000 2800.052490 0.000000 0.985016 0.000000 -0.172464 0.817655 0.817655 0.817655
4997.125977 0.000000 2788.578369 0.000000 0.900766 0.000000 -0.434305 0.845762 0.845762 0.845762
5009.781738 0.000000 2810.156982 0.000000 0.930932 0.000000 -0.365194 0.838079 0.838079 0.838079
5015.870117 0.000000 2802.181396 0.000000 0.964651 0.000000 -0.263533 0.827164 0.827164 0.827164
5007.773438 0.000000 2809.833740 0.000000 0.635033 0.000000 -0.772485 0.889916 0.889916 0.889916
5020.448242 0.000000 2807.631104 0.000000 0.634019 0.000000 -0.773317 0.890049 0.890049 0.890049
5009.921875 0.000000 2801.551270 0.000000 0.865548 0.000000 -0.500826 0.853431 0.853431 0.853431
4996.975586 0.000000 2790.671875 0.000000 0.982517 0.000000 0.186173 0.780925 0.780925 0.780925
4995.711914 0.000000 2785.823486 0.000000 0.130769 0.000000 0.991413 0.653358 0.653358 0.653358
5045.711914 0.000000 2808.133057 0.000000 0.994717 0.000000 0.102651 0.789526 0.789526 0.789526
5052.482422 0.000000 2792.834229 0.000000 0.059682 0.000000 -0.998217 0.800000 0.800000 0.800000
5045.732422 0.000000 2802.201904 0.000000 0.622070 0.000000 0.782962 0.800000 0.800000 0.800000
5055.594727 0.000000 2791.899170 0.000000 0.760504 0.000000 0.649334 0.800000 0.800000 0.800000
5044.494629 0.000000 2805.132324 0.000000 0.972439 0.000000 -0.233156 0.823970 0.823970 0.823970
5054.431152 0.000000 2810.654297 0.000000 0.711434 0.000000 0.702752 0.800000 0.800000 0.800000
5048.642090 0.000000 2808.653564 0.000000 0.667869 0.000000 0.744279 0.714494 0.714494 0.714494
5053.457520 0.000000 2790.340332 0.000000 0.421223 0.000000 0.906957 0.800000 0.800000 0.800000
5055.065430 0.000000 2794.366455 0.000000 0.632400 0.000000 -0.774642 0.800000 0.800000 0.800000
5042.436035 0.000000 2806.401123 0.000000 0.126232 0.000000 -0.992001 0.800000 0.800000 0.800000
5054.257324 0.000000 2812.641602 0.000000 0.913521 0.000000 -0.406793 0.800000 0.800000 0.800000
5055.967773 0.000000 2811.734619 0.000000 0.810280 0.000000 -0.586042 0.800000 0.800000 0.800000
5044.191895 0.000000 2806.934570 0.000000 0.259953 0.000000 0.965621 0.666786 0.666786 0.666786
5054.117676 0.000000 2792.686279 0.000000 0.075441 0.000000 0.997150 0.647692 0.647692 0.647692
5042.892578 0.000000 2804.878662 0.000000 0.911704 0.000000 0.410847 0.800000 0.800000 0.800000
5049.779297 0.000000 2809.736328 0.000000 0.671020 0.000000 -0.741440 0.885074 0.885074 0.885074
5052.145996 0.000000 2791.353516 0.000000 0.764591 0.000000 0.644516 0.800000 0.800000 0.800000
5045.190430 0.000000 2809.591064 0.000000 0.513358 0.000000 -0.858174 0.905088 0.905088 0.905088
5055.259277 0.000000 2790.479492 0.000000 0.747245 0.000000 0.664548 0.800000 0.800000 0.800000
5042.957031 0.000000 2807.748535 0.000000 0.471849 0.000000 -0.881679 0.800000 0.800000 0.800000
5045.469238 0.000000 2806.285645 0.000000 0.350196 0.000000 0.936676 0.676443 0.676443 0.676443
5046.941895 0.000000 2808.920410 0.000000 0.694820 0.000000 0.719184 0.718245 0.718245 0.718245
5055.414062 0.000000 2793.229980 0.000000 0.999908 0.000000 -0.013598 0.801385 0.801385 0.801385
5045.672852 0.000000 2805.126953 0.000000 0.990669 0.000000 0.136290 0.786074 0.786074 0.786074
5047.828613 0.000000 2809.579346 0.000000 0.702074 0.000000 -0.712104 0.880722 0.880722 0.880722
5044.637207 0.000000 2807.955566 0.000000 0.529863 0.000000 -0.848083 0.903118 0.903118 0.903118
5073.537598 0.000000 2771.930664 0.000000 0.076469 0.000000 -0.997072 0.952203 0.952203 0.952203
5073.943848 0.000000 2781.206299 0.000000 0.209076 0.000000 0.977899 0.661455 0.661455 0.661455
5075.599121 0.000000 2766.177734 0.000000 0.936922 0.000000 -0.349538 0.800000 0.800000 0.800000
5079.378418 0.000000 2756.744873 0.000000 0.309329 0.000000 -0.950955 0.800000 0.800000 0.800000
5078.327148 0.000000 2780.509033 0.000000 0.732013 0.000000 -0.681290 0.876346 0.876346 0.876346
5081.162598 0.000000 2752.856934 0.000000 0.973983 0.000000 0.226620 0.800000 0.800000 0.800000
5071.844238 0.000000 2768.104248 0.000000 0.873414 0.000000 -0.486978 0.800000 0.800000 0.800000
5070.038574 0.000000 2780.374756 0.000000 0.804054 0.000000 -0.594556 0.800000 0.800000 0.800000
5081.304199 0.000000 2780.176025 0.000000 0.264595 0.000000 0.964360 0.800000 0.800000 0.800000
5074.849121 0.000000 2769.109375 0.000000 0.362746 0.000000 -0.931888 0.922189 0.922189 0.922189
5080.642090 0.000000 2776.653564 0.000000 0.553141 0.000000 -0.833087 0.800000 0.800000 0.800000
5072.231445 0.000000 2778.878662 0.000000 0.554124 0.000000 -0.832434 0.900177 0.900177 0.900177
5081.623535 0.000000 2755.584961 0.000000 0.941595 0.000000 -0.336747 0.834984 0.834984 0.834984
5070.919434 0.000000 2770.425293 0.000000 0.999878 0.000000 0.015623 0.800000 0.800000 0.800000
5078.871094 0.000000 2754.226807 0.000000 0.850599 0.000000 0.525815 0.743603 0.743603 0.743603
5078.658203 0.000000 2778.260254 0.000000 0.998298 0.000000 0.058317 0.794057 0.794057 0.794057
5075.724609 0.000000 2771.055664 0.000000 0.324114 0.000000 -0.946018 0.926379 0.926379 0.926379
5083.449219 0.000000 2757.934570 0.000000 0.193390 0.000000 -0.981122 0.800000 0.800000 0.800000
5072.981445 0.000000 2769.918213 0.000000 0.357768 0.000000 0.933811 0.677268 0.677268 0.677268
5079.167480 0.000000 2752.006104 0.000000 0.658923 0.000000 -0.752211 0.886724 0.886724 0.886724
5072.003418 0.000000 2780.838623 0.000000 0.281177 0.000000 0.959656 0.669032 0.669032 0.669032
5075.947754 0.000000 2780.742432 0.000000 0.805691 0.000000 0.592336 0.800000 0.800000 0.800000
5080.457520 0.000000 2778.521484 0.000000 0.996117 0.000000 0.088045 0.791020 0.791020 0.791020
5073.755859 0.000000 2783.285400 0.000000 0.813216 0.000000 0.581963 0.736731 0.736731 0.736731
5081.143555 0.000000 2757.324707 0.000000 0.606283 0.000000 -0.795249 0.893651 0.893651 0.893651
5078.077148 0.000000 2757.829590 0.000000 0.896423 0.000000 -0.443199 0.800000 0.800000 0.800000
5079.804688 0.000000 2781.324463 0.000000 0.926272 0.000000 -0.376857 0.839358 0.839358 0.839358
5070.753906 0.000000 2778.092041 0.000000 0.568677 0.000000 0.822561 0.800000 0.800000 0.800000
5080.497559 0.000000 2754.423584 0.000000 0.609780 0.000000 -0.792571 0.893203 0.893203 0.893203
5081.779297 0.000000 2777.736328 0.000000 0.071800 0.000000 -0.997419 0.800000 0.800000 0.800000
5075.564453 0.000000 2767.751953 0.000000 0.870414 0.000000 0.492321 0.800000 0.800000 0.800000
5074.357422 0.000000 2770.541748 0.000000 0.635711 0.000000 0.771927 0.710174 0.710174 0.710174
5079.679199 0.000000 2779.816162 0.000000 0.668753 0.000000 0.743485 0.714615 0.714615 0.714615
5082.816895 0.000000 2756.487061 0.000000 0.978364 0.000000 -0.206890 0.800000 0.800000 0.800000
5075.020996 0.000000 2782.394287 0.000000 0.987765 0.000000 -0.155951 0.815950 0.815950 0.815950
5073.493652 0.000000 2768.543945 0.000000 0.836821 0.000000 0.547476 0.740988 0.740988 0.740988
5072.202637 0.000000 2771.116699 0.000000 0.173572 0.000000 0.984821 0.657770 0.657770 0.657770
5078.941895 0.000000 2776.920410 0.000000 0.861771 0.000000 0.507297 0.745806 0.745806 0.745806
5072.937012 0.000000 2782.126465 0.000000 0.846185 0.000000 -0.532889 0.857246 0.857246 0.857246
5073.061035 0.000000 2779.989990 0.000000 0.846851 0.000000 0.531830 0.742881 0.742881 0.742881
5079.512695 0.000000 2755.383301 0.000000 0.347216 0.000000 0.937785 0.676119 0.676119 0.676119
5079.670410 0.000000 2753.208496 0.000000 0.993924 0.000000 -0.110065 0.811234 0.811234 0.811234
5080.590820 0.000000 2756.245117 0.000000 0.799538 0.000000 -0.600615 0.865625 0.865625 0.865625
5074.479004 0.000000 2768.052490 0.000000 0.998179 0.000000 -0.060316 0.806148 0.806148 0.806148
5073.995117 0.000000 2782.241455 0.000000 0.875543 0.000000 0.483140 0.748639 0.748639 0.748639
5072.708008 0.000000 2783.624756 0.000000 0.967029 0.000000 -0.254666 0.826229 0.826229 0.826229
5098.484375 0.000000 2781.530273 0.000000 0.558791 0.000000 -0.829309 0.800000 0.800000 0.800000
5100.028809 0.000000 2769.442139 0.000000 0.413404 0.000000 -0.910548 0.916589 0.916589 0.916589
5088.155762 0.000000 2763.875977 0.000000 0.926893 0.000000 0.375325 0.800000 0.800000 0.800000
5090.336914 0.000000 2760.425049 0.000000 0.999956 0.000000 -0.009414 0.800959 0.800959 0.800959
5101.865723 0.000000 2772.719238 0.000000 0.509577 0.000000 -0.860425 0.905537 0.905537 0.905537
5102.038574 0.000000 2780.374756 0.000000 0.897640 0.000000 0.440729 0.800000 0.800000 0.800000
5093.130859 0.000000 2762.842529 0.000000 0.748959 0.000000 0.662616 0.726223 0.726223 0.726223
5095.398926 0.000000 2782.481201 0.000000 0.634460 0.000000 0.772956 0.800000 0.800000 0.800000
5101.127930 0.000000 2783.200928 0.000000 0.380021 0.000000 -0.924978 0.920293 0.920293 0.920293
5100.563477 0.000000 2766.581787 0.000000 0.787131 0.000000 0.616785 0.800000 0.800000 0.800000
5091.005859 0.000000 2764.672852 0.000000 0.190584 0.000000 0.981671 0.659532 0.659532 0.659532
5103.855469 0.000000 2782.975342 0.000000 0.107198 0.000000 -0.994238 0.949060 0.949060 0.949060
5115.650391 0.000000 2753.134521 0.000000 0.284755 0.000000 0.958600 0.800000 0.800000 0.800000
5095.332031 0.000000 2761.655518 0.000000 0.779899 0.000000 0.625905 0.800000 0.800000 0.800000
5098.662598 0.000000 2765.113281 0.000000 0.184847 0.000000 0.982767 0.800000 0.800000 0.800000
5094.773926 0.000000 2780.194336 0.000000 0.438238 0.000000 -0.898859 0.800000 0.800000 0.800000
5088.261719 0.000000 2761.458252 0.000000 0.298389 0.000000 -0.954444 0.800000 0.800000 0.800000
5090.225586 0.000000 2762.607422 0.000000 0.906619 0.000000 0.421950 0.755631 0.755631 0.755631
5099.643066 0.000000 2772.648682 0.000000 0.778294 0.000000 0.627900 0.800000 0.800000 0.800000
5101.791992 0.000000 2768.420166 0.000000 0.965468 0.000000 0.260522 0.773154 0.773154 0.773154
5099.981445 0.000000 2780.212646 0.000000 0.460631 0.000000 0.887592 0.800000 0.800000 0.800000
5093.167480 0.000000 2760.859375 0.000000 0.767745 0.000000 -0.640756 0.870841 0.870841 0.870841
5098.798828 0.000000 2783.410156 0.000000 0.964981 0.000000 -0.262319 0.827036 0.827036 0.827036
5099.083984 0.000000 2767.786377 0.000000 0.900748 0.000000 0.434342 0.754234 0.754234 0.754234
5093.654297 0.000000 2764.635742 0.000000 0.962215 0.000000 0.272291 0.771910 0.771910 0.771910
5100.975586 0.000000 2771.061279 0.000000 0.385465 0.000000 0.922723 0.680307 0.680307 0.680307
5096.558105 0.000000 2783.885986 0.000000 0.967939 0.000000 -0.251185 0.825863 0.825863 0.825863
5095.079590 0.000000 2763.499023 0.000000 0.522377 0.000000 0.852715 0.800000 0.800000 0.800000
5100.354980 0.000000 2764.842285 0.000000 0.438806 0.000000 -0.898582 0.800000 0.800000 0.800000
5098.096680 0.000000 2773.395020 0.000000 0.483519 0.000000 -0.875334 0.800000 0.800000 0.800000
5091.722656 0.000000 2761.774902 0.000000 0.201959 0.000000 0.979394 0.660714 0.660714 0.660714
5102.353027 0.000000 2782.017090 0.000000 0.422953 0.000000 -0.906151 0.915518 0.915518 0.915518
5096.767090 0.000000 2781.485840 0.000000 0.721482 0.000000 -0.692433 0.877908 0.877908 0.877908
5100.059082 0.000000 2781.845215 0.000000 0.994425 0.000000 -0.105448 0.800000 0.800000 0.800000
5094.028809 0.000000 2781.604980 0.000000 0.956365 0.000000 0.292175 0.800000 0.800000 0.800000
5099.397949 0.000000 2770.927979 0.000000 0.118212 0.000000 -0.992988 0.800000 0.800000 0.800000
5102.526855 0.000000 2783.822021 0.000000 0.968077 0.000000 -0.250654 0.825807 0.825807 0.825807
5091.596680 0.000000 2763.260742 0.000000 0.956942 0.000000 0.290280 0.770001 0.770001 0.770001
5098.563965 0.000000 2769.469971 0.000000 0.524276 0.000000 0.851548 0.696212 0.696212 0.696212
5097.497559 0.000000 2782.781494 0.000000 0.853032 0.000000 0.521858 0.744076 0.744076 0.744076
5101.372559 0.000000 2769.734375 0.000000 0.415573 0.000000 0.909560 0.683654 0.683654 0.683654
5098.486328 0.000000 2766.545654 0.000000 0.199330 0.000000 0.979932 0.660441 0.660441 0.660441
5100.396973 0.000000 2768.072266 0.000000 0.948978 0.000000 -0.315343 0.832678 0.832678 0.832678
5092.357910 0.000000 2764.328613 0.000000 0.983823 0.000000 -0.179141 0.818346 0.818346 0.818346
5091.919434 0.000000 2760.485107 0.000000 0.995710 0.000000 -0.092526 0.809438 0.809438 0.809438
5100.467773 0.000000 2773.642334 0.000000 0.133805 0.000000 0.991008 0.653670 0.653670 0.653670
5100.051270 0.000000 2783.007080 0.000000 0.959865 0.000000 -0.280463 0.828956 0.828956 0.828956
5093.999512 0.000000 2763.575684 0.000000 0.967021 0.000000 -0.254698 0.826232 0.826232 0.826232
5097.929688 0.000000 2780.601807 0.000000 0.319320 0.000000 0.947647 0.673105 0.673105 0.673105
5096.256836 0.000000 2780.500977 0.000000 0.746524 0.000000 -0.665359 0.874151 0.874151 0.874151
5099.062500 0.000000 2782.404053 0.000000 0.955122 0.000000 -0.296213 0.830632 0.830632 0.830632
5090.633789 0.000000 2763.712646 0.000000 0.583834 0.000000 -0.811873 0.896497 0.896497 0.896497
5090.749023 0.000000 2761.401123 0.000000 0.959905 0.000000 -0.280324 0.828941 0.828941 0.828941
5073.943848 0.000000 2813.206299 0.000000 0.894010 0.000000 -0.448046 0.847322 0.847322 0.847322
5069.880859 0.000000 2808.671875 0.000000 0.537880 0.000000 0.843022 0.800000 0.800000 0.800000
5068.028809 0.000000 2801.442139 0.000000 0.433770 0.000000 -0.901024 0.800000 0.800000 0.800000
5060.527832 0.000000 2812.744873 0.000000 0.977044 0.000000 0.213036 0.800000 0.800000 0.800000
5056.155762 0.000000 2795.875977 0.000000 0.515082 0.000000 -0.857141 0.904884 0.904884 0.904884
5056.671875 0.000000 2814.357910 0.000000 0.772961 0.000000 -0.634454 0.800000 0.800000 0.800000
5071.844238 0.000000 2800.104248 0.000000 0.773144 0.000000 0.634230 0.800000 0.800000 0.800000
5058.336914 0.000000 2792.425049 0.000000 0.689593 0.000000 -0.724198 0.882493 0.882493 0.882493
5073.837891 0.000000 2808.801514 0.000000 0.999419 0.000000 -0.034096 0.800000 0.800000 0.800000
5069.865723 0.000000 2804.719238 0.000000 0.993013 0.000000 0.118003 0.800000 0.800000 0.800000
5070.038574 0.000000 2812.374756 0.000000 0.192395 0.000000 -0.981318 0.800000 0.800000 0.800000
5061.130859 0.000000 2794.842529 0.000000 0.650650 0.000000 -0.759378 0.887839 0.887839 0.887839
5057.348145 0.000000 2811.392090 0.000000 0.551842 0.000000 -0.833949 0.800000 0.800000 0.800000
5072.231445 0.000000 2810.878662 0.000000 0.537657 0.000000 0.843163 0.800000 0.800000 0.800000
5070.919434 0.000000 2802.425293 0.000000 0.313267 0.000000 0.949665 0.672455 0.672455 0.672455
5063.332031 0.000000 2793.655518 0.000000 0.996909 0.000000 -0.078566 0.800000 0.800000 0.800000
5059.061523 0.000000 2814.539795 0.000000 0.043565 0.000000 0.999051 0.644439 0.644439 0.644439
5056.261719 0.000000 2793.458252 0.000000 0.690885 0.000000 -0.722965 0.882311 0.882311 0.882311
5058.225586 0.000000 2794.607422 0.000000 0.154347 0.000000 -0.988017 0.944215 0.944215 0.944215
5061.139648 0.000000 2814.875000 0.000000 0.994985 0.000000 0.100023 0.800000 0.800000 0.800000
5069.791992 0.000000 2800.420166 0.000000 0.079550 0.000000 -0.996831 0.800000 0.800000 0.800000
5072.003418 0.000000 2812.838623 0.000000 0.106108 0.000000 0.994355 0.650828 0.650828 0.650828
5069.203125 0.000000 2810.517822 0.000000 0.999608 0.000000 0.027982 0.800000 0.800000 0.800000
5061.167480 0.000000 2792.859375 0.000000 0.690761 0.000000 0.723083 0.800000 0.800000 0.800000
5069.335449 0.000000 2806.562012 0.000000 0.998594 0.000000 -0.053010 0.805402 0.805402 0.805402
5068.975586 0.000000 2803.061279 0.000000 0.225836 0.000000 -0.974165 0.800000 0.800000 0.800000
5071.729492 0.000000 2804.479248 0.000000 0.340265 0.000000 0.940329 0.675365 0.675365 0.675365
5072.036133 0.000000 2808.465088 0.000000 0.565323 0.000000 0.824870 0.800000 0.800000 0.800000
5058.083984 0.000000 2813.022705 0.000000 0.621374 0.000000 -0.783514 0.891704 0.891704 0.891704
5063.079590 0.000000 2795.499023 0.000000 0.185625 0.000000 -0.982621 0.800000 0.800000 0.800000
5059.722656 0.000000 2793.774902 0.000000 0.140930 0.000000 0.990020 0.654403 0.654403 0.654403
5057.921387 0.000000 2815.779297 0.000000 0.988362 0.000000 0.152117 0.800000 0.800000 0.800000
5070.753906 0.000000 2810.092041 0.000000 0.136566 0.000000 -0.990631 0.946046 0.946046 0.946046
5056.011230 0.000000 2810.099121 0.000000 0.289465 0.000000 -0.957188 0.800000 0.800000 0.800000
5056.507812 0.000000 2812.714355 0.000000 0.036797 0.000000 0.999323 0.643749 0.643749 0.643749
5070.604980 0.000000 2807.373779 0.000000 0.700714 0.000000 0.713442 0.719083 0.719083 0.719083
5059.596680 0.000000 2795.260742 0.000000 0.498975 0.000000 -0.866617 0.906787 0.906787 0.906787
5070.810547 0.000000 2805.815674 0.000000 0.648177 0.000000 0.761490 0.711830 0.711830 0.711830
5057.616699 0.000000 2795.867920 0.000000 0.206872 0.000000 0.978368 0.661225 0.661225 0.661225
5071.054199 0.000000 2811.533447 0.000000 0.853199 0.000000 -0.521586 0.855891 0.855891 0.855891
5056.865723 0.000000 2794.694580 0.000000 0.999941 0.000000 -0.010822 0.801102 0.801102 0.801102
5068.877930 0.000000 2807.821777 0.000000 0.966940 0.000000 0.255005 0.773735 0.773735 0.773735
5070.418945 0.000000 2803.584961 0.000000 0.744850 0.000000 -0.667232 0.874407 0.874407 0.874407
5071.092285 0.000000 2809.016113 0.000000 0.483154 0.000000 0.875535 0.691363 0.691363 0.691363
5061.999512 0.000000 2795.575684 0.000000 0.773351 0.000000 -0.633978 0.869945 0.869945 0.869945
5071.773438 0.000000 2809.833740 0.000000 0.785762 0.000000 0.618529 0.732073 0.732073 0.732073
5070.141113 0.000000 2811.011719 0.000000 0.497731 0.000000 0.867332 0.693067 0.693067 0.693067
5107.599121 0.000000 2798.177734 0.000000 0.257802 0.000000 0.966198 0.666559 0.666559 0.666559
5100.028809 0.000000 2801.442139 0.000000 0.415945 0.000000 -0.909390 0.916304 0.916304 0.916304
5103.844238 0.000000 2800.104248 0.000000 0.859134 0.000000 -0.511751 0.800000 0.800000 0.800000
5095.165527 0.000000 2802.219238 0.000000 0.974030 0.000000 -0.226419 0.823265 0.823265 0.823265
5101.865723 0.000000 2804.719238 0.000000 0.750015 0.000000 -0.661421 0.873615 0.873615 0.873615
5108.781250 0.000000 2795.220459 0.000000 0.716713 0.000000 -0.697368 0.800000 0.800000 0.800000
5097.952637 0.000000 2803.477539 0.000000 0.543890 0.000000 0.839157 0.800000 0.800000 0.800000
5100.563477 0.000000 2798.581787 0.000000 0.850499 0.000000 0.525976 0.800000 0.800000 0.800000
5102.919434 0.000000 2802.425293 0.000000 0.046408 0.000000 -0.998923 0.955271 0.955271 0.955271
5110.871094 0.000000 2786.226807 0.000000 0.271552 0.000000 0.962424 0.800000 0.800000 0.800000
5102.720215 0.000000 2798.146729 0.000000 0.426117 0.000000 0.904668 0.800000 0.800000 0.800000
5109.673828 0.000000 2797.217529 0.000000 0.922817 0.000000 -0.385240 0.840282 0.840282 0.840282
5095.046387 0.000000 2800.044922 0.000000 0.733481 0.000000 -0.679710 0.800000 0.800000 0.800000
5105.758789 0.000000 2799.165527 0.000000 0.777722 0.000000 -0.628608 0.800000 0.800000 0.800000
5097.145508 0.000000 2801.366455 0.000000 0.994428 0.000000 0.105416 0.789242 0.789242 0.789242
5107.041992 0.000000 2796.248291 0.000000 0.843437 0.000000 0.537228 0.800000 0.800000 0.800000
5101.791992 0.000000 2800.420166 0.000000 0.973980 0.000000 -0.226636 0.823287 0.823287 0.823287
5092.347656 0.000000 2803.973389 0.000000 0.035452 0.000000 -0.999371 0.956388 0.956388 0.956388
5096.087402 0.000000 2803.890625 0.000000 0.222428 0.000000 -0.974949 0.800000 0.800000 0.800000
5100.975586 0.000000 2803.061279 0.000000 0.391047 0.000000 0.920371 0.680924 0.680924 0.680924
5103.729492 0.000000 2804.479248 0.000000 0.907547 0.000000 -0.419950 0.800000 0.800000 0.800000
5107.477051 0.000000 2794.096436 0.000000 0.232099 0.000000 -0.972692 0.800000 0.800000 0.800000
5093.578125 0.000000 2802.815186 0.000000 0.566062 0.000000 0.824363 0.701291 0.701291 0.701291
5099.397949 0.000000 2802.927979 0.000000 0.117987 0.000000 0.993015 0.652046 0.652046 0.652046
5107.564453 0.000000 2799.751953 0.000000 0.282677 0.000000 -0.959215 0.930809 0.930809 0.930809
5106.180176 0.000000 2797.686035 0.000000 0.768247 0.000000 -0.640153 0.800000 0.800000 0.800000
5098.563965 0.000000 2801.469971 0.000000 0.795358 0.000000 0.606139 0.733670 0.733670 0.733670
5104.260254 0.000000 2798.614258 0.000000 0.309731 0.000000 -0.950824 0.800000 0.800000 0.800000
5101.372559 0.000000 2801.734375 0.000000 0.619716 0.000000 0.784826 0.708081 0.708081 0.708081
5108.307129 0.000000 2796.844971 0.000000 0.487961 0.000000 -0.872866 0.908077 0.908077 0.908077
5100.396973 0.000000 2800.072266 0.000000 0.457214 0.000000 -0.889357 0.911631 0.911631 0.911631
5096.421387 0.000000 2800.206787 0.000000 0.054977 0.000000 -0.998488 0.954397 0.954397 0.954397
5097.828613 0.000000 2800.300049 0.000000 0.135450 0.000000 -0.990784 0.946161 0.946161 0.946161
5102.418945 0.000000 2803.584961 0.000000 0.393822 0.000000 0.919187 0.681231 0.681231 0.681231
5106.801270 0.000000 2798.927979 0.000000 0.996485 0.000000 0.083776 0.791457 0.791457 0.791457
5101.921387 0.000000 2802.627686 0.000000 0.964446 0.000000 -0.264280 0.827243 0.827243 0.827243
4759.498535 0.000000 2825.706787 0.000000 0.289468 0.000000 -0.957188 0.930087 0.930087 0.930087
4756.977051 0.000000 2816.686279 0.000000 0.187357 0.000000 -0.982292 0.940803 0.940803 0.940803
4749.843750 0.000000 2827.939941 0.000000 0.453750 0.000000 0.891129 0.687972 0.687972 0.687972
4742.346191 0.000000 2823.327637 0.000000 0.155524 0.000000 0.987832 0.800000 0.800000 0.800000
4764.482422 0.000000 2824.834229 0.000000 0.307660 0.000000 0.951496 0.800000 0.800000 0.800000
4748.250000 0.000000 2824.074219 0.000000 0.255871 0.000000 0.966711 0.800000 0.800000 0.800000
4754.562500 0.000000 2819.029297 0.000000 0.296460 0.000000 0.955045 0.800000 0.800000 0.800000
4761.733887 0.000000 2823.046875 0.000000 0.789176 0.000000 0.614168 0.732637 0.732637 0.732637
4767.594727 0.000000 2823.899170 0.000000 0.999468 0.000000 0.032603 0.796679 0.796679 0.796679
4751.378906 0.000000 2824.535889 0.000000 0.676131 0.000000 -0.736782 0.800000 0.800000 0.800000
4765.457520 0.000000 2822.340332 0.000000 0.826666 0.000000 0.562693 0.800000 0.800000 0.800000
4743.332031 0.000000 2825.655518 0.000000 0.798191 0.000000 -0.602404 0.865853 0.865853 0.865853
4754.509766 0.000000 2816.299805 0.000000 0.895080 0.000000 0.445905 0.800000 0.800000 0.800000
4751.610840 0.000000 2826.665527 0.000000 0.944908 0.000000 -0.327335 0.800000 0.800000 0.800000
4749.603516 0.000000 2825.754395 0.000000 0.996869 0.000000 0.079067 0.800000 0.800000 0.800000
4767.087891 0.000000 2821.014648 0.000000 0.482830 0.000000 0.875714 0.800000 0.800000 0.800000
4759.807617 0.000000 2823.713135 0.000000 0.975269 0.000000 0.221020 0.800000 0.800000 0.800000
4756.492676 0.000000 2818.628906 0.000000 0.785131 0.000000 -0.619330 0.868031 0.868031 0.868031
4761.255859 0.000000 2824.843994 0.000000 0.260172 0.000000 0.965562 0.666809 0.666809 0.666809
4743.676270 0.000000 2822.117432 0.000000 0.618188 0.000000 -0.786030 0.800000 0.800000 0.800000
4743.988770 0.000000 2823.927002 0.000000 0.436532 0.000000 -0.899688 0.800000 0.800000 0.800000
4748.354980 0.000000 2828.842285 0.000000 0.896420 0.000000 -0.443206 0.800000 0.800000 0.800000
4766.117676 0.000000 2824.686279 0.000000 0.449012 0.000000 0.893526 0.687432 0.687432 0.687432
4765.770508 0.000000 2820.048828 0.000000 0.431843 0.000000 0.901949 0.800000 0.800000 0.800000
4751.291992 0.000000 2828.641113 0.000000 0.102461 0.000000 -0.994737 0.949545 0.949545 0.949545
4757.934570 0.000000 2819.570801 0.000000 0.886440 0.000000 -0.462843 0.849015 0.849015 0.849015
4764.145996 0.000000 2823.353516 0.000000 0.789476 0.000000 0.613782 0.800000 0.800000 0.800000
4755.326660 0.000000 2817.689453 0.000000 0.819584 0.000000 -0.572958 0.800000 0.800000 0.800000
4759.832031 0.000000 2822.217773 0.000000 0.665257 0.000000 -0.746614 0.800000 0.800000 0.800000
4758.393555 0.000000 2824.138184 0.000000 0.206022 0.000000 0.978547 0.661137 0.661137 0.661137
4767.259277 0.000000 2822.479492 0.000000 0.710746 0.000000 0.703449 0.720526 0.720526 0.720526
4748.575195 0.000000 2827.492920 0.000000 0.068553 0.000000 -0.997648 0.953012 0.953012 0.953012
4742.040527 0.000000 2825.920654 0.000000 0.753987 0.000000 -0.656889 0.873001 0.873001 0.873001
4766.246094 0.000000 2823.346680 0.000000 0.062098 0.000000 -0.998070 0.953671 0.953671 0.953671
4767.414062 0.000000 2825.229980 0.000000 0.995766 0.000000 -0.091924 0.809377 0.809377 0.809377
4760.925293 0.000000 2823.784668 0.000000 0.231789 0.000000 0.972766 0.663827 0.663827 0.663827
4761.151367 0.000000 2825.927490 0.000000 0.970136 0.000000 -0.242564 0.824956 0.824956 0.824956
4760.788086 0.000000 2822.603760 0.000000 0.685747 0.000000 0.727840 0.716968 0.716968 0.716968
4766.298340 0.000000 2825.670166 0.000000 0.940857 0.000000 -0.338803 0.835207 0.835207 0.835207
4749.016113 0.000000 2826.558838 0.000000 0.996346 0.000000 0.085409 0.791290 0.791290 0.791290
4776.544922 0.000000 2838.044678 0.000000 0.770837 0.000000 -0.637033 0.870348 0.870348 0.870348
4781.880859 0.000000 2840.671875 0.000000 0.959535 0.000000 0.281589 0.800000 0.800000 0.800000
4780.250000 0.000000 2824.074219 0.000000 0.997117 0.000000 -0.075880 0.807737 0.807737 0.807737
4768.671875 0.000000 2846.357910 0.000000 0.449429 0.000000 0.893316 0.800000 0.800000 0.800000
4783.378906 0.000000 2824.535889 0.000000 0.650584 0.000000 0.759434 0.800000 0.800000 0.800000
4779.484863 0.000000 2838.695068 0.000000 0.909054 0.000000 0.416678 0.756222 0.756222 0.756222
4782.137695 0.000000 2822.218262 0.000000 0.796979 0.000000 -0.604007 0.800000 0.800000 0.800000
4777.628906 0.000000 2840.382568 0.000000 0.568095 0.000000 -0.822963 0.800000 0.800000 0.800000
4768.325195 0.000000 2823.180420 0.000000 0.570080 0.000000 -0.821589 0.800000 0.800000 0.800000
4771.061523 0.000000 2846.539795 0.000000 0.995913 0.000000 0.090320 0.800000 0.800000 0.800000
4768.261719 0.000000 2825.458252 0.000000 0.986042 0.000000 0.166495 0.800000 0.800000 0.800000
4781.603516 0.000000 2825.754395 0.000000 0.506207 0.000000 -0.862412 0.905935 0.905935 0.905935
4779.643066 0.000000 2836.648682 0.000000 0.075200 0.000000 0.997168 0.800000 0.800000 0.800000
4779.870605 0.000000 2840.630127 0.000000 0.199529 0.000000 -0.979892 0.939539 0.939539 0.939539
4783.989746 0.000000 2822.167480 0.000000 0.705259 0.000000 0.708950 0.800000 0.800000 0.800000
4778.096680 0.000000 2837.395020 0.000000 0.733613 0.000000 0.679568 0.800000 0.800000 0.800000
4769.921387 0.000000 2847.779297 0.000000 0.617160 0.000000 0.786838 0.800000 0.800000 0.800000
4781.904297 0.000000 2823.838867 0.000000 0.666310 0.000000 0.745674 0.800000 0.800000 0.800000
4777.908203 0.000000 2838.894043 0.000000 0.999625 0.000000 0.027400 0.797209 0.797209 0.797209
4769.761230 0.000000 2823.131836 0.000000 0.644408 0.000000 -0.764682 0.800000 0.800000 0.800000
4778.798340 0.000000 2839.840576 0.000000 0.227092 0.000000 0.973873 0.663335 0.663335 0.663335
4778.708984 0.000000 2841.176514 0.000000 0.996114 0.000000 -0.088077 0.808983 0.808983 0.808983
4780.409668 0.000000 2825.769043 0.000000 0.953125 0.000000 -0.302578 0.831311 0.831311 0.831311
4781.011230 0.000000 2824.827881 0.000000 0.672677 0.000000 0.739936 0.715154 0.715154 0.715154
4779.862793 0.000000 2839.616455 0.000000 0.516303 0.000000 -0.856406 0.904739 0.904739 0.904739
4779.950195 0.000000 2841.741943 0.000000 0.771464 0.000000 -0.636273 0.870248 0.870248 0.870248
4766.083984 0.000000 2848.082275 0.000000 0.939898 0.000000 -0.341456 0.800000 0.800000 0.800000
4766.919922 0.000000 2850.828125 0.000000 0.976559 0.000000 -0.215251 0.800000 0.800000 0.800000
4767.113281 0.000000 2849.236084 0.000000 0.143798 0.000000 0.989607 0.800000 0.800000 0.800000
4780.263672 0.000000 2851.783203 0.000000 0.798114 0.000000 0.602507 0.800000 0.800000 0.800000
4796.482422 0.000000 2856.834229 0.000000 0.739832 0.000000 0.672792 0.724830 0.724830 0.724830
4784.116699 0.000000 2848.205811 0.000000 0.420358 0.000000 -0.907358 0.915809 0.915809 0.915809
4771.067383 0.000000 2849.031982 0.000000 0.080189 0.000000 -0.996780 0.800000 0.800000 0.800000
4783.524902 0.000000 2852.001709 0.000000 0.779864 0.000000 0.625949 0.800000 0.800000 0.800000
4768.283691 0.000000 2848.049316 0.000000 0.477038 0.000000 0.878883 0.690653 0.690653 0.690653
4797.457520 0.000000 2854.340332 0.000000 0.864235 0.000000 -0.503088 0.800000 0.800000 0.800000
4779.578125 0.000000 2858.613770 0.000000 0.855961 0.000000 -0.517040 0.855349 0.855349 0.855349
4769.025391 0.000000 2850.308105 0.000000 0.958423 0.000000 0.285352 0.770525 0.770525 0.770525
4778.662598 0.000000 2861.113281 0.000000 0.184144 0.000000 0.982899 0.658864 0.658864 0.658864
4784.650391 0.000000 2850.273926 0.000000 0.729552 0.000000 -0.683925 0.800000 0.800000 0.800000
4770.145996 0.000000 2851.895508 0.000000 0.382357 0.000000 -0.924015 0.800000 0.800000 0.800000
4782.166504 0.000000 2850.606445 0.000000 0.743497 0.000000 -0.668739 0.874613 0.874613 0.874613
4793.255859 0.000000 2856.843994 0.000000 0.976063 0.000000 0.217488 0.800000 0.800000 0.800000
4780.354980 0.000000 2860.842285 0.000000 0.978860 0.000000 -0.204532 0.820982 0.820982 0.820982
4781.895508 0.000000 2852.516357 0.000000 0.385897 0.000000 -0.922542 0.800000 0.800000 0.800000
4794.873535 0.000000 2856.301270 0.000000 0.851525 0.000000 0.524314 0.743783 0.743783 0.743783
4780.138184 0.000000 2850.131348 0.000000 0.994279 0.000000 -0.106817 0.800000 0.800000 0.800000
4793.364258 0.000000 2859.963867 0.000000 0.780530 0.000000 -0.625118 0.868784 0.868784 0.868784
4771.110840 0.000000 2850.621338 0.000000 0.954724 0.000000 0.297493 0.800000 0.800000 0.800000
4782.894531 0.000000 2849.264160 0.000000 0.814033 0.000000 0.580819 0.736874 0.736874 0.736874
4796.145996 0.000000 2855.353516 0.000000 0.766181 0.000000 -0.642625 0.800000 0.800000 0.800000
4769.874023 0.000000 2848.103760 0.000000 0.726848 0.000000 -0.686798 0.877115 0.877115 0.877115
4792.501953 0.000000 2858.781738 0.000000 0.479917 0.000000 -0.877314 0.909013 0.909013 0.909013
4778.532227 0.000000 2859.669922 0.000000 0.976814 0.000000 0.214088 0.778023 0.778023 0.778023
4785.957031 0.000000 2849.672363 0.000000 0.950085 0.000000 -0.311992 0.832319 0.832319 0.832319
4781.573730 0.000000 2861.404297 0.000000 0.155760 0.000000 0.987795 0.655930 0.655930 0.655930
4768.014160 0.000000 2849.380127 0.000000 0.521584 0.000000 -0.853200 0.904109 0.904109 0.904109
4768.030273 0.000000 2851.209229 0.000000 0.932449 0.000000 -0.361301 0.837654 0.837654 0.837654
4783.434570 0.000000 2850.596191 0.000000 0.934298 0.000000 0.356492 0.762871 0.762871 0.762871
4769.883301 0.000000 2849.339111 0.000000 0.501189 0.000000 0.865338 0.693473 0.693473 0.693473
4779.518555 0.000000 2861.961670 0.000000 0.123090 0.000000 -0.992395 0.947430 0.947430 0.947430
4794.727051 0.000000 2857.462891 0.000000 0.842624 0.000000 -0.538502 0.857923 0.857923 0.857923
4769.055176 0.000000 2848.705566 0.000000 0.979150 0.000000 0.203139 0.779163 0.779163 0.779163
4827.341797 0.000000 2842.027100 0.000000 0.770845 0.000000 -0.637023 0.800000 0.800000 0.800000
4817.537598 0.000000 2835.930664 0.000000 0.497462 0.000000 -0.867486 0.800000 0.800000 0.800000
4808.544922 0.000000 2838.044678 0.000000 0.958509 0.000000 0.285061 0.770556 0.770556 0.770556
4804.527832 0.000000 2844.744873 0.000000 0.361407 0.000000 -0.932408 0.800000 0.800000 0.800000
4826.406738 0.000000 2847.556152 0.000000 0.142972 0.000000 0.989727 0.800000 0.800000 0.800000
4829.731934 0.000000 2837.542725 0.000000 0.478601 0.000000 0.878033 0.800000 0.800000 0.800000
4826.376465 0.000000 2829.245605 0.000000 0.381299 0.000000 -0.924452 0.920153 0.920153 0.920153
4830.083984 0.000000 2816.082275 0.000000 0.686023 0.000000 -0.727580 0.882994 0.882994 0.882994
4815.844238 0.000000 2832.104248 0.000000 0.921790 0.000000 -0.387691 0.800000 0.800000 0.800000
4810.342773 0.000000 2816.170410 0.000000 0.955300 0.000000 0.295638 0.769430 0.769430 0.769430
4822.982422 0.000000 2830.966064 0.000000 0.586535 0.000000 0.809924 0.800000 0.800000 0.800000
4807.398926 0.000000 2846.481201 0.000000 0.956476 0.000000 0.291810 0.769838 0.769838 0.769838
4828.450684 0.000000 2845.061768 0.000000 0.179139 0.000000 0.983824 0.658346 0.658346 0.658346
4818.849121 0.000000 2833.109375 0.000000 0.005732 0.000000 -0.999984 0.959416 0.959416 0.959416
4809.952637 0.000000 2835.477539 0.000000 0.920530 0.000000 0.390671 0.759118 0.759118 0.759118
4823.791016 0.000000 2828.426270 0.000000 0.011654 0.000000 0.999932 0.800000 0.800000 0.800000
4829.382812 0.000000 2840.181885 0.000000 0.471754 0.000000 0.881730 0.690041 0.690041 0.690041
4806.243652 0.000000 2836.651855 0.000000 0.319480 0.000000 -0.947593 0.800000 0.800000 0.800000
4814.919434 0.000000 2834.425293 0.000000 0.391783 0.000000 0.920058 0.800000 0.800000 0.800000
4825.318848 0.000000 2831.447021 0.000000 0.948165 0.000000 0.317780 0.767060 0.767060 0.767060
4826.883789 0.000000 2839.619141 0.000000 0.573089 0.000000 -0.819493 0.897838 0.897838 0.897838
4827.518555 0.000000 2836.823730 0.000000 0.635631 0.000000 -0.771993 0.800000 0.800000 0.800000
4806.773926 0.000000 2844.194336 0.000000 0.957643 0.000000 -0.287960 0.800000 0.800000 0.800000
4808.483398 0.000000 2817.546875 0.000000 0.949863 0.000000 0.312667 0.800000 0.800000 0.800000
4829.576172 0.000000 2847.152344 0.000000 0.961183 0.000000 0.275911 0.771527 0.771527 0.771527
4821.036621 0.000000 2832.032227 0.000000 0.948915 0.000000 -0.315533 0.800000 0.800000 0.800000
4819.724609 0.000000 2835.055664 0.000000 0.502375 0.000000 -0.864650 0.906387 0.906387 0.906387
4805.139648 0.000000 2846.875000 0.000000 0.881890 0.000000 0.471456 0.749993 0.749993 0.749993
4811.643066 0.000000 2836.648682 0.000000 0.287544 0.000000 -0.957767 0.800000 0.800000 0.800000
4816.981445 0.000000 2833.918213 0.000000 0.652420 0.000000 0.757857 0.712399 0.712399 0.712399
4810.798828 0.000000 2847.410156 0.000000 0.957040 0.000000 -0.289956 0.800000 0.800000 0.800000
4808.087402 0.000000 2835.890625 0.000000 0.665486 0.000000 -0.746410 0.885832 0.885832 0.885832
4807.875488 0.000000 2839.829834 0.000000 0.840018 0.000000 -0.542558 0.858414 0.858414 0.858414
4827.062012 0.000000 2830.943848 0.000000 0.035935 0.000000 -0.999354 0.800000 0.800000 0.800000
4826.509277 0.000000 2845.638428 0.000000 0.907095 0.000000 -0.420926 0.800000 0.800000 0.800000
4808.558105 0.000000 2847.885986 0.000000 0.915274 0.000000 -0.402832 0.800000 0.800000 0.800000
4828.776367 0.000000 2843.307861 0.000000 0.069496 0.000000 0.997582 0.647085 0.647085 0.647085
4806.708496 0.000000 2838.405273 0.000000 0.666923 0.000000 0.745127 0.714364 0.714364 0.714364
4828.264160 0.000000 2838.555176 0.000000 0.994873 0.000000 0.101132 0.789681 0.789681 0.789681
4810.096680 0.000000 2837.395020 0.000000 0.361957 0.000000 -0.932195 0.800000 0.800000 0.800000
4824.723633 0.000000 2829.872314 0.000000 0.626375 0.000000 0.779522 0.708948 0.708948 0.708948
4827.117676 0.000000 2843.958008 0.000000 0.997053 0.000000 0.076714 0.800000 0.800000 0.800000
4808.767090 0.000000 2845.485840 0.000000 0.880226 0.000000 0.474555 0.800000 0.800000 0.800000
4827.964844 0.000000 2846.674805 0.000000 0.323017 0.000000 0.946393 0.800000 0.800000 0.800000
4806.028809 0.000000 2845.604980 0.000000 0.408582 0.000000 0.912722 0.800000 0.800000 0.800000
4820.361816 0.000000 2833.452881 0.000000 0.748735 0.000000 -0.662870 0.800000 0.800000 0.800000
4831.113281 0.000000 2817.236084 0.000000 0.430990 0.000000 0.902357 0.685387 0.685387 0.685387
4811.397949 0.000000 2834.927979 0.000000 0.582520 0.000000 -0.812817 0.800000 0.800000 0.800000
4809.908203 0.000000 2838.894043 0.000000 0.652189 0.000000 0.758056 0.712368 0.712368 0.712368
4828.964844 0.000000 2841.731445 0.000000 0.999020 0.000000 0.044258 0.795490 0.795490 0.795490
4811.919434 0.000000 2816.139404 0.000000 0.433532 0.000000 0.901138 0.685675 0.685675 0.685675
4818.357422 0.000000 2834.541748 0.000000 0.964974 0.000000 -0.262345 0.827039 0.827039 0.827039
4827.973145 0.000000 2840.618896 0.000000 0.978242 0.000000 0.207465 0.778713 0.778713 0.778713
4809.497559 0.000000 2846.781494 0.000000 0.253525 0.000000 0.967329 0.800000 0.800000 0.800000
4829.738281 0.000000 2836.068359 0.000000 0.596686 0.000000 -0.802475 0.800000 0.800000 0.800000
4817.493652 0.000000 2832.543945 0.000000 0.279869 0.000000 -0.960038 0.931107 0.931107 0.931107
4826.745117 0.000000 2838.209717 0.000000 0.983854 0.000000 -0.178972 0.818329 0.818329 0.818329
4828.437500 0.000000 2847.939209 0.000000 0.519527 0.000000 0.854454 0.695645 0.695645 0.695645
4824.029297 0.000000 2831.808350 0.000000 0.099081 0.000000 0.995079 0.650109 0.650109 0.650109
4829.592773 0.000000 2845.815186 0.000000 0.923541 0.000000 0.383501 0.759910 0.759910 0.759910
4811.196289 0.000000 2817.218994 0.000000 0.185415 0.000000 -0.982660 0.941004 0.941004 0.941004
4806.367676 0.000000 2847.286377 0.000000 0.222163 0.000000 -0.975009 0.937180 0.937180 0.937180
4826.017090 0.000000 2840.519775 0.000000 0.712973 0.000000 -0.701192 0.879151 0.879151 0.879151
4809.178223 0.000000 2836.533203 0.000000 0.732083 0.000000 -0.681216 0.876336 0.876336 0.876336
4829.463379 0.000000 2838.744873 0.000000 0.460507 0.000000 -0.887656 0.911254 0.911254 0.911254
4804.071777 0.000000 2847.393555 0.000000 0.328263 0.000000 -0.944586 0.925932 0.925932 0.925932
4831.318359 0.000000 2816.068848 0.000000 0.345208 0.000000 0.938526 0.675901 0.675901 0.675901
4825.792480 0.000000 2830.348877 0.000000 0.979198 0.000000 0.202907 0.779188 0.779188 0.779188
4808.898926 0.000000 2839.382080 0.000000 0.040400 0.000000 -0.999184 0.955884 0.955884 0.955884
4818.479004 0.000000 2832.052490 0.000000 0.991260 0.000000 0.131921 0.786523 0.786523 0.786523
4829.226562 0.000000 2844.293457 0.000000 0.993149 0.000000 0.116852 0.788070 0.788070 0.788070
4828.448242 0.000000 2839.631104 0.000000 0.503068 0.000000 0.864247 0.693695 0.693695 0.693695
4824.274414 0.000000 2830.806152 0.000000 0.146762 0.000000 -0.989172 0.944997 0.944997 0.944997
4825.358398 0.000000 2829.051758 0.000000 0.875515 0.000000 0.483190 0.748633 0.748633 0.748633
4807.732422 0.000000 2838.797852 0.000000 0.996666 0.000000 0.081586 0.791681 0.791681 0.791681
4826.962891 0.000000 2841.035645 0.000000 0.574306 0.000000 -0.818641 0.897687 0.897687 0.897687
4807.385742 0.000000 2847.638184 0.000000 0.892133 0.000000 0.451773 0.752253 0.752253 0.752253
4817.921875 0.000000 2833.551270 0.000000 0.101298 0.000000 -0.994856 0.949664 0.949664 0.949664
4806.909668 0.000000 2839.484619 0.000000 0.289725 0.000000 -0.957110 0.930060 0.930060 0.930060
4845.843750 0.000000 2827.939941 0.000000 0.849188 0.000000 -0.528090 0.856669 0.856669 0.856669
4863.616699 0.000000 2828.839844 0.000000 0.780314 0.000000 0.625388 0.731181 0.731181 0.731181
4838.333008 0.000000 2816.647461 0.000000 0.388448 0.000000 0.921471 0.800000 0.800000 0.800000
4851.599121 0.000000 2830.177734 0.000000 0.418903 0.000000 0.908031 0.800000 0.800000 0.800000
4863.539551 0.000000 2846.021240 0.000000 0.530325 0.000000 0.847794 0.696938 0.696938 0.696938
4832.155762 0.000000 2827.875977 0.000000 0.759637 0.000000 0.650347 0.800000 0.800000 0.800000
4860.482422 0.000000 2824.834229 0.000000 0.824861 0.000000 0.565335 0.800000 0.800000 0.800000
4844.250000 0.000000 2824.074219 0.000000 0.996705 0.000000 -0.081106 0.808270 0.808270 0.808270
4849.770996 0.000000 2826.510742 0.000000 0.094662 0.000000 0.995510 0.800000 0.800000 0.800000
4834.336914 0.000000 2824.425049 0.000000 0.668317 0.000000 0.743877 0.714555 0.714555 0.714555
4842.342773 0.000000 2816.170410 0.000000 0.586125 0.000000 -0.810221 0.800000 0.800000 0.800000
4837.130859 0.000000 2826.842529 0.000000 0.300861 0.000000 -0.953668 0.800000 0.800000 0.800000
4854.982422 0.000000 2830.966064 0.000000 0.377095 0.000000 0.926175 0.679385 0.679385 0.679385
4863.594727 0.000000 2823.899170 0.000000 0.898102 0.000000 -0.439788 0.800000 0.800000 0.800000
4847.378906 0.000000 2824.535889 0.000000 0.852854 0.000000 -0.522150 0.800000 0.800000 0.800000
4832.283691 0.000000 2816.049316 0.000000 0.827578 0.000000 0.561350 0.800000 0.800000 0.800000
4848.766113 0.000000 2829.274658 0.000000 0.800911 0.000000 -0.598783 0.800000 0.800000 0.800000
4860.780273 0.000000 2827.672607 0.000000 0.841212 0.000000 0.540706 0.800000 0.800000 0.800000
4835.005859 0.000000 2828.672852 0.000000 0.811306 0.000000 0.584621 0.736398 0.736398 0.736398
4855.791016 0.000000 2828.426270 0.000000 0.998492 0.000000 0.054899 0.800000 0.800000 0.800000
4861.457520 0.000000 2822.340332 0.000000 0.925362 0.000000 -0.379085 0.800000 0.800000 0.800000
4863.065430 0.000000 2826.366455 0.000000 0.755446 0.000000 -0.655211 0.872775 0.872775 0.872775
4832.261719 0.000000 2825.458252 0.000000 0.962833 0.000000 0.270098 0.800000 0.800000 0.800000
4840.483398 0.000000 2817.546875 0.000000 0.209651 0.000000 0.977776 0.661514 0.661514 0.661514
4834.225586 0.000000 2826.607422 0.000000 0.669716 0.000000 0.742617 0.800000 0.800000 0.800000
4853.673828 0.000000 2829.217529 0.000000 0.996528 0.000000 0.083257 0.791510 0.791510 0.791510
4847.610840 0.000000 2826.665527 0.000000 0.352312 0.000000 -0.935883 0.923327 0.923327 0.923327
4845.603516 0.000000 2825.754395 0.000000 0.462068 0.000000 0.886844 0.688926 0.688926 0.688926
4851.041992 0.000000 2828.248291 0.000000 0.983257 0.000000 -0.182226 0.818666 0.818666 0.818666
4832.115234 0.000000 2829.962158 0.000000 0.265852 0.000000 0.964014 0.800000 0.800000 0.800000
4837.654297 0.000000 2828.635742 0.000000 0.923179 0.000000 0.384370 0.759814 0.759814 0.759814
4844.354980 0.000000 2828.842285 0.000000 0.827709 0.000000 -0.561157 0.800000 0.800000 0.800000
4835.722656 0.000000 2825.774902 0.000000 0.000772 0.000000 1.000000 0.640079 0.640079 0.640079
4861.941895 0.000000 2828.884521 0.000000 0.024879 0.000000 -0.999690 0.800000 0.800000 0.800000
4862.117676 0.000000 2824.686279 0.000000 0.810284 0.000000 0.586038 0.736220 0.736220 0.736220
4847.291992 0.000000 2828.641113 0.000000 0.772563 0.000000 0.634938 0.729928 0.729928 0.729928
4845.904297 0.000000 2823.838867 0.000000 0.522448 0.000000 -0.852671 0.800000 0.800000 0.800000
4861.436035 0.000000 2826.161133 0.000000 0.675141 0.000000 -0.737689 0.800000 0.800000 0.800000
4833.540527 0.000000 2829.268799 0.000000 0.513633 0.000000 -0.858010 0.800000 0.800000 0.800000
4848.795410 0.000000 2827.719482 0.000000 0.980707 0.000000 0.195483 0.800000 0.800000 0.800000
4842.641602 0.000000 2823.788330 0.000000 0.743362 0.000000 0.668890 0.800000 0.800000 0.800000
4839.791016 0.000000 2816.097900 0.000000 0.430631 0.000000 -0.902528 0.800000 0.800000 0.800000
4863.603027 0.000000 2847.537109 0.000000 0.834569 0.000000 0.550904 0.740571 0.740571 0.740571
4843.919434 0.000000 2816.139404 0.000000 0.719797 0.000000 -0.694184 0.800000 0.800000 0.800000
4860.145996 0.000000 2823.353516 0.000000 0.120664 0.000000 -0.992693 0.800000 0.800000 0.800000
4833.874023 0.000000 2816.103760 0.000000 0.783048 0.000000 0.621961 0.800000 0.800000 0.800000
4851.564453 0.000000 2831.751953 0.000000 0.863980 0.000000 0.503527 0.800000 0.800000 0.800000
4835.596680 0.000000 2827.260742 0.000000 0.044745 0.000000 0.998998 0.800000 0.800000 0.800000
4860.158203 0.000000 2829.040771 0.000000 0.411931 0.000000 0.911215 0.800000 0.800000 0.800000
4850.180176 0.000000 2829.686035 0.000000 0.966445 0.000000 -0.256872 0.826461 0.826461 0.826461
4863.259277 0.000000 2822.479492 0.000000 0.458244 0.000000 0.888826 0.800000 0.800000 0.800000
4853.054199 0.000000 2830.586914 0.000000 0.754446 0.000000 0.656362 0.727070 0.727070 0.727070
4843.354492 0.000000 2825.208496 0.000000 0.766144 0.000000 0.642668 0.800000 0.800000 0.800000
4862.194336 0.000000 2827.467773 0.000000 0.560858 0.000000 -0.827912 0.899351 0.899351 0.899351
4852.307129 0.000000 2828.844971 0.000000 0.776663 0.000000 -0.629917 0.869412 0.869412 0.869412
4836.357910 0.000000 2828.328613 0.000000 0.947407 0.000000 0.320031 0.766818 0.766818 0.766818
4844.575195 0.000000 2827.492920 0.000000 0.705438 0.000000 -0.708772 0.880240 0.880240 0.880240
4835.919434 0.000000 2824.485107 0.000000 0.737321 0.000000 0.675542 0.724451 0.724451 0.724451
4846.331055 0.000000 2826.801514 0.000000 0.994555 0.000000 -0.104215 0.810635 0.810635 0.810635
4841.734863 0.000000 2817.324951 0.000000 0.843300 0.000000 0.537443 0.742205 0.742205 0.742205
4841.041016 0.000000 2816.364258 0.000000 0.744716 0.000000 -0.667381 0.874427 0.874427 0.874427
4863.367188 0.000000 2827.645020 0.000000 0.545539 0.000000 -0.838085 0.901224 0.901224 0.901224
4863.414062 0.000000 2825.229980 0.000000 0.816531 0.000000 -0.577302 0.862686 0.862686 0.862686
4862.817871 0.000000 2829.568115 0.000000 0.921098 0.000000 0.389332 0.759266 0.759266 0.759266
4834.749023 0.000000 2825.401123 0.000000 0.549129 0.000000 -0.835738 0.900787 0.900787 0.900787
4846.849121 0.000000 2827.700928 0.000000 0.691831 0.000000 0.722059 0.717823 0.717823 0.717823
4817.537598 0.000000 2867.930664 0.000000 0.999254 0.000000 0.038613 0.796066 0.796066 0.796066
4826.323242 0.000000 2865.666016 0.000000 0.610125 0.000000 0.792305 0.800000 0.800000 0.800000
4813.843750 0.000000 2859.939941 0.000000 0.935747 0.000000 -0.352672 0.836713 0.836713 0.836713
4828.178223 0.000000 2851.823975 0.000000 0.103474 0.000000 0.994632 0.650559 0.650559 0.650559
4806.333008 0.000000 2848.647461 0.000000 0.532265 0.000000 -0.846578 0.902829 0.902829 0.902829
4821.711914 0.000000 2872.133057 0.000000 0.677990 0.000000 0.735071 0.800000 0.800000 0.800000
4819.599121 0.000000 2862.177734 0.000000 0.869157 0.000000 0.494536 0.800000 0.800000 0.800000
4800.155762 0.000000 2859.875977 0.000000 0.875906 0.000000 -0.482481 0.851285 0.851285 0.851285
4826.376465 0.000000 2861.245605 0.000000 0.817780 0.000000 0.575531 0.800000 0.800000 0.800000
4815.844238 0.000000 2864.104248 0.000000 0.565127 0.000000 -0.825004 0.800000 0.800000 0.800000
4802.336914 0.000000 2856.425049 0.000000 0.296245 0.000000 -0.955112 0.929365 0.929365 0.929365
4817.837891 0.000000 2872.801514 0.000000 0.986867 0.000000 0.161532 0.800000 0.800000 0.800000
4810.342773 0.000000 2848.170410 0.000000 0.445462 0.000000 -0.895301 0.800000 0.800000 0.800000
4808.367188 0.000000 2851.822510 0.000000 0.780703 0.000000 0.624902 0.800000 0.800000 0.800000
4820.781250 0.000000 2859.220459 0.000000 0.969945 0.000000 -0.243325 0.800000 0.800000 0.800000
4818.849121 0.000000 2865.109375 0.000000 0.982452 0.000000 0.186514 0.800000 0.800000 0.800000
4820.023926 0.000000 2874.748535 0.000000 0.996846 0.000000 -0.079361 0.808092 0.808092 0.808092
4812.563477 0.000000 2862.581787 0.000000 0.661815 0.000000 -0.749667 0.800000 0.800000 0.800000
4803.005859 0.000000 2860.672852 0.000000 0.862844 0.000000 0.505471 0.746022 0.746022 0.746022
4828.823242 0.000000 2862.420410 0.000000 0.404619 0.000000 0.914485 0.682431 0.682431 0.682431
4816.020020 0.000000 2870.546631 0.000000 0.278047 0.000000 0.960567 0.800000 0.800000 0.800000
4811.578125 0.000000 2858.613770 0.000000 0.071046 0.000000 -0.997473 0.800000 0.800000 0.800000
4814.919434 0.000000 2866.425293 0.000000 0.640533 0.000000 -0.767931 0.800000 0.800000 0.800000
4818.436035 0.000000 2870.401123 0.000000 0.714893 0.000000 -0.699234 0.878872 0.878872 0.878872
4818.963867 0.000000 2856.413574 0.000000 0.011874 0.000000 0.999929 0.800000 0.800000 0.800000
4810.662598 0.000000 2861.113281 0.000000 0.447269 0.000000 0.894399 0.800000 0.800000 0.800000
4800.261719 0.000000 2857.458252 0.000000 0.999672 0.000000 0.025593 0.800000 0.800000 0.800000
4808.483398 0.000000 2849.546875 0.000000 0.349299 0.000000 0.937011 0.676346 0.676346 0.676346
4828.428223 0.000000 2864.609863 0.000000 0.192564 0.000000 0.981284 0.659738 0.659738 0.659738
4802.225586 0.000000 2858.607422 0.000000 0.729444 0.000000 0.684040 0.723271 0.723271 0.723271
4810.519531 0.000000 2850.410156 0.000000 0.804079 0.000000 -0.594522 0.800000 0.800000 0.800000
4806.559082 0.000000 2850.764648 0.000000 0.952631 0.000000 -0.304128 0.800000 0.800000 0.800000
4817.758789 0.000000 2863.165527 0.000000 0.603556 0.000000 -0.797320 0.800000 0.800000 0.800000
4827.449219 0.000000 2853.934570 0.000000 0.478377 0.000000 -0.878155 0.800000 0.800000 0.800000
4816.981445 0.000000 2865.918213 0.000000 0.342030 0.000000 0.939689 0.675557 0.675557 0.675557
4821.583008 0.000000 2857.347900 0.000000 0.317910 0.000000 -0.948121 0.927046 0.927046 0.927046
4819.886719 0.000000 2872.825684 0.000000 0.920525 0.000000 -0.390683 0.840884 0.840884 0.840884
4818.139648 0.000000 2875.146240 0.000000 0.741795 0.000000 -0.670627 0.800000 0.800000 0.800000
4811.083984 0.000000 2863.786377 0.000000 0.480350 0.000000 0.877077 0.691037 0.691037 0.691037
4800.115234 0.000000 2861.962158 0.000000 0.871594 0.000000 0.490229 0.747812 0.747812 0.747812
4829.178223 0.000000 2850.146973 0.000000 0.956045 0.000000 0.293220 0.769687 0.769687 0.769687
4827.062012 0.000000 2862.943848 0.000000 0.983943 0.000000 -0.178480 0.818278 0.818278 0.818278
4816.036133 0.000000 2872.465088 0.000000 0.220273 0.000000 0.975438 0.800000 0.800000 0.800000
4820.191895 0.000000 2870.934570 0.000000 0.978721 0.000000 0.205194 0.778950 0.778950 0.778950
4804.504395 0.000000 2848.043457 0.000000 0.733563 0.000000 0.679622 0.800000 0.800000 0.800000
4812.354980 0.000000 2860.842285 0.000000 0.388647 0.000000 -0.921387 0.919342 0.919342 0.919342
4819.477051 0.000000 2858.096436 0.000000 0.978874 0.000000 0.204465 0.779025 0.779025 0.779025
4803.722656 0.000000 2857.774902 0.000000 0.588950 0.000000 -0.808170 0.895853 0.895853 0.895853
4829.941895 0.000000 2860.884521 0.000000 0.289912 0.000000 -0.957053 0.800000 0.800000 0.800000
4823.334961 0.000000 2871.612305 0.000000 0.735062 0.000000 -0.678000 0.875889 0.875889 0.875889
4829.770508 0.000000 2852.048828 0.000000 0.156180 0.000000 0.987729 0.655974 0.655974 0.655974
4801.540527 0.000000 2861.268799 0.000000 0.291946 0.000000 0.956435 0.670177 0.670177 0.670177
4807.791016 0.000000 2848.097900 0.000000 0.601462 0.000000 0.798902 0.705733 0.705733 0.705733
4811.919434 0.000000 2848.139404 0.000000 0.998110 0.000000 0.061461 0.800000 0.800000 0.800000
4821.190430 0.000000 2873.591064 0.000000 0.994697 0.000000 -0.102851 0.800000 0.800000 0.800000
4819.564453 0.000000 2863.751953 0.000000 0.382165 0.000000 -0.924094 0.800000 0.800000 0.800000
4803.596680 0.000000 2859.260742 0.000000 0.954692 0.000000 0.297594 0.769221 0.769221 0.769221
4828.158203 0.000000 2861.040771 0.000000 0.554199 0.000000 -0.832384 0.800000 0.800000 0.800000
4817.191406 0.000000 2871.458984 0.000000 0.980239 0.000000 -0.197818 0.800000 0.800000 0.800000
4821.407227 0.000000 2875.354492 0.000000 0.622798 0.000000 -0.782383 0.891519 0.891519 0.891519
4818.848633 0.000000 2873.879150 0.000000 0.074775 0.000000 -0.997200 0.952376 0.952376 0.952376
4826.816895 0.000000 2852.487061 0.000000 0.760737 0.000000 0.649061 0.800000 0.800000 0.800000
4818.957031 0.000000 2871.748535 0.000000 0.999274 0.000000 -0.038103 0.803882 0.803882 0.803882
4826.921387 0.000000 2864.373291 0.000000 0.978421 0.000000 -0.206622 0.800000 0.800000 0.800000
4810.532227 0.000000 2859.669922 0.000000 0.997714 0.000000 0.067580 0.800000 0.800000 0.800000
4827.739258 0.000000 2865.905029 0.000000 0.237032 0.000000 -0.971502 0.800000 0.800000 0.800000
4817.493652 0.000000 2864.543945 0.000000 0.719333 0.000000 -0.694665 0.878223 0.878223 0.878223
4816.260254 0.000000 2862.614258 0.000000 0.981585 0.000000 -0.191024 0.800000 0.800000 0.800000
4821.469238 0.000000 2870.285645 0.000000 0.804923 0.000000 0.593380 0.735294 0.735294 0.735294
4816.202637 0.000000 2867.116699 0.000000 0.733832 0.000000 0.679331 0.723926 0.723926 0.723926
4820.343750 0.000000 2856.650635 0.000000 0.347504 0.000000 -0.937678 0.923849 0.923849 0.923849
4828.769531 0.000000 2853.133789 0.000000 0.879921 0.000000 0.475119 0.749570 0.749570 0.749570
4810.486328 0.000000 2862.545654 0.000000 0.141438 0.000000 -0.989947 0.945545 0.945545 0.945545
4801.616699 0.000000 2859.867920 0.000000 0.741001 0.000000 -0.671504 0.874992 0.874992 0.874992
4813.573730 0.000000 2861.404297 0.000000 0.038845 0.000000 -0.999245 0.956042 0.956042 0.956042
4829.599609 0.000000 2863.562744 0.000000 0.145574 0.000000 -0.989347 0.945119 0.945119 0.945119
4812.575195 0.000000 2859.492920 0.000000 0.999235 0.000000 0.039099 0.796016 0.796016 0.796016
4800.865723 0.000000 2858.694580 0.000000 0.753176 0.000000 -0.657819 0.873127 0.873127 0.873127
4829.554199 0.000000 2865.221191 0.000000 0.395012 0.000000 -0.918676 0.918637 0.918637 0.918637
4807.198242 0.000000 2849.578369 0.000000 0.047660 0.000000 0.998864 0.644856 0.644856 0.644856
4809.734863 0.000000 2849.324951 0.000000 0.523804 0.000000 -0.851839 0.903844 0.903844 0.903844
4809.041016 0.000000 2848.364258 0.000000 0.949030 0.000000 0.315185 0.767339 0.767339 0.767339
4828.090332 0.000000 2863.489502 0.000000 0.997383 0.000000 0.072297 0.792629 0.792629 0.792629
4820.637207 0.000000 2871.955566 0.000000 0.960173 0.000000 0.279405 0.771156 0.771156 0.771156
4820.400391 0.000000 2875.766113 0.000000 0.847800 0.000000 -0.530316 0.856937 0.856937 0.856937
4829.057617 0.000000 2851.220703 0.000000 0.188996 0.000000 0.981978 0.659368 0.659368 0.659368
4829.804199 0.000000 2862.036133 0.000000 0.830826 0.000000 -0.556533 0.860118 0.860118 0.860118
4817.921875 0.000000 2865.551270 0.000000 0.683205 0.000000 -0.730226 0.883387 0.883387 0.883387
4817.252441 0.000000 2866.900391 0.000000 0.006987 0.000000 -0.999976 0.959288 0.959288 0.959288
4849.537598 0.000000 2867.930664 0.000000 0.174603 0.000000 0.984639 0.657876 0.657876 0.657876
4845.843750 0.000000 2859.939941 0.000000 0.993028 0.000000 0.117876 0.787965 0.787965 0.787965
4849.991699 0.000000 2854.318848 0.000000 0.104580 0.000000 0.994516 0.650672 0.650672 0.650672
4844.028809 0.000000 2865.442139 0.000000 0.079871 0.000000 0.996805 0.800000 0.800000 0.800000
4858.406738 0.000000 2879.556152 0.000000 0.557782 0.000000 0.829988 0.800000 0.800000 0.800000
4861.731934 0.000000 2869.542725 0.000000 0.153318 0.000000 -0.988177 0.944321 0.944321 0.944321
4857.397461 0.000000 2869.802979 0.000000 0.558767 0.000000 0.829325 0.800000 0.800000 0.800000
4844.250000 0.000000 2856.074219 0.000000 0.754541 0.000000 -0.656253 0.872915 0.872915 0.872915
4862.083984 0.000000 2848.082275 0.000000 0.686040 0.000000 0.727564 0.800000 0.800000 0.800000
4847.844238 0.000000 2864.104248 0.000000 1.000000 0.000000 -0.000926 0.800000 0.800000 0.800000
4845.865723 0.000000 2868.719238 0.000000 0.950423 0.000000 -0.310960 0.832208 0.832208 0.832208
4850.562500 0.000000 2851.029297 0.000000 0.703366 0.000000 0.710828 0.800000 0.800000 0.800000
4847.524902 0.000000 2852.001709 0.000000 0.997953 0.000000 -0.063958 0.800000 0.800000 0.800000
4847.378906 0.000000 2856.535889 0.000000 0.556461 0.000000 0.830873 0.700109 0.700109 0.700109
4850.849121 0.000000 2865.109375 0.000000 0.671788 0.000000 0.740744 0.800000 0.800000 0.800000
4852.428711 0.000000 2878.634766 0.000000 0.598625 0.000000 -0.801030 0.800000 0.800000 0.800000
4862.919922 0.000000 2850.828125 0.000000 0.781212 0.000000 0.624266 0.800000 0.800000 0.800000
4855.703125 0.000000 2879.002441 0.000000 0.650434 0.000000 -0.759563 0.887868 0.887868 0.887868
4861.382812 0.000000 2872.181885 0.000000 0.520698 0.000000 0.853741 0.800000 0.800000 0.800000
4856.240723 0.000000 2867.334961 0.000000 0.645758 0.000000 0.763542 0.800000 0.800000 0.800000
4846.137695 0.000000 2854.218262 0.000000 0.298957 0.000000 -0.954266 0.929076 0.929076 0.929076
4843.578125 0.000000 2858.613770 0.000000 0.186610 0.000000 -0.982434 0.940880 0.940880 0.940880
4846.919434 0.000000 2866.425293 0.000000 0.998739 0.000000 0.050206 0.794884 0.794884 0.794884
4858.883789 0.000000 2871.619141 0.000000 0.986820 0.000000 0.161823 0.783444 0.783444 0.783444
4859.518555 0.000000 2868.823730 0.000000 0.275207 0.000000 0.961385 0.668399 0.668399 0.668399
4845.603516 0.000000 2857.754395 0.000000 0.593521 0.000000 -0.804818 0.895276 0.895276 0.895276
4851.724609 0.000000 2867.055664 0.000000 0.121072 0.000000 -0.992644 0.800000 0.800000 0.800000
4848.650391 0.000000 2850.273926 0.000000 0.774976 0.000000 0.631991 0.800000 0.800000 0.800000
4848.981445 0.000000 2865.918213 0.000000 0.939370 0.000000 -0.342904 0.835651 0.835651 0.835651
4845.791992 0.000000 2864.420166 0.000000 0.960850 0.000000 0.277067 0.800000 0.800000 0.800000
4863.026367 0.000000 2871.029541 0.000000 0.123314 0.000000 0.992368 0.652593 0.652593 0.652593
4844.975586 0.000000 2867.061279 0.000000 0.854545 0.000000 -0.519378 0.855628 0.855628 0.855628
4858.123535 0.000000 2867.565674 0.000000 0.948978 0.000000 0.315341 0.800000 0.800000 0.800000
4847.729492 0.000000 2868.479248 0.000000 0.849368 0.000000 -0.527802 0.800000 0.800000 0.800000
4849.451660 0.000000 2852.516113 0.000000 0.964123 0.000000 -0.265454 0.827367 0.827367 0.827367
4847.989746 0.000000 2854.167480 0.000000 0.158488 0.000000 0.987361 0.656212 0.656212 0.656212
4860.264160 0.000000 2870.555176 0.000000 0.673801 0.000000 0.738913 0.715309 0.715309 0.715309
4854.073730 0.000000 2878.197998 0.000000 0.298240 0.000000 0.954491 0.670848 0.670848 0.670848
4859.964844 0.000000 2878.674805 0.000000 0.995138 0.000000 0.098489 0.800000 0.800000 0.800000
4845.904297 0.000000 2855.838867 0.000000 0.974254 0.000000 0.225451 0.800000 0.800000 0.800000
4851.023438 0.000000 2852.612061 0.000000 0.999260 0.000000 0.038452 0.800000 0.800000 0.800000
4857.196777 0.000000 2878.529053 0.000000 0.134880 0.000000 -0.990862 0.946219 0.946219 0.946219
4863.113281 0.000000 2849.236084 0.000000 0.445756 0.000000 -0.895154 0.800000 0.800000 0.800000
4856.071777 0.000000 2868.897217 0.000000 0.481436 0.000000 0.876481 0.800000 0.800000 0.800000
4860.964844 0.000000 2873.731445 0.000000 0.504270 0.000000 0.863546 0.800000 0.800000 0.800000
4863.348633 0.000000 2869.332031 0.000000 0.411668 0.000000 0.911334 0.800000 0.800000 0.800000
4848.813477 0.000000 2855.376953 0.000000 0.946543 0.000000 -0.322576 0.833456 0.833456 0.833456
4850.357422 0.000000 2866.541748 0.000000 0.999997 0.000000 -0.002482 0.800000 0.800000 0.800000
4859.973145 0.000000 2872.618896 0.000000 0.929748 0.000000 0.368196 0.800000 0.800000 0.800000
4851.020996 0.000000 2878.394287 0.000000 0.947211 0.000000 -0.320612 0.800000 0.800000 0.800000
4842.532227 0.000000 2859.669922 0.000000 0.244695 0.000000 -0.969600 0.934820 0.934820 0.934820
4861.738281 0.000000 2868.068359 0.000000 0.971719 0.000000 0.236141 0.775718 0.775718 0.775718
4843.354492 0.000000 2857.208496 0.000000 0.831696 0.000000 0.555231 0.800000 0.800000 0.800000
4849.493652 0.000000 2864.543945 0.000000 0.911814 0.000000 -0.410604 0.843098 0.843098 0.843098
4858.745117 0.000000 2870.209717 0.000000 0.999956 0.000000 -0.009347 0.800952 0.800952 0.800952
4848.202637 0.000000 2867.116699 0.000000 0.937346 0.000000 -0.348401 0.836248 0.836248 0.836248
4847.141113 0.000000 2855.229004 0.000000 0.459240 0.000000 0.888312 0.688601 0.688601 0.688601
4844.575195 0.000000 2859.492920 0.000000 0.988780 0.000000 0.149379 0.784727 0.784727 0.784727
4844.467773 0.000000 2869.642334 0.000000 0.995297 0.000000 -0.096867 0.809882 0.809882 0.809882
4846.418945 0.000000 2867.584961 0.000000 0.992047 0.000000 -0.125865 0.812855 0.812855 0.812855
4856.748047 0.000000 2879.691162 0.000000 0.963320 0.000000 -0.268354 0.827673 0.827673 0.827673
4846.879883 0.000000 2857.676514 0.000000 0.119374 0.000000 -0.992849 0.947812 0.947812 0.947812
4861.463379 0.000000 2870.744873 0.000000 0.901282 0.000000 -0.433232 0.845641 0.845641 0.845641
4858.353027 0.000000 2869.057861 0.000000 0.399058 0.000000 -0.916926 0.918188 0.918188 0.918188
4848.258301 0.000000 2852.982910 0.000000 0.988131 0.000000 0.153613 0.784291 0.784291 0.784291
4844.844238 0.000000 2868.213135 0.000000 0.953514 0.000000 -0.301350 0.831180 0.831180 0.831180
4849.047852 0.000000 2853.796875 0.000000 0.172360 0.000000 0.985034 0.657645 0.657645 0.657645
4860.448242 0.000000 2871.631104 0.000000 0.351787 0.000000 -0.936080 0.923384 0.923384 0.923384
4846.180664 0.000000 2856.875488 0.000000 0.965163 0.000000 -0.261651 0.826965 0.826965 0.826965
4862.634766 0.000000 2870.098145 0.000000 0.531234 0.000000 -0.847225 0.902953 0.902953 0.902953
4828.178223 0.000000 2883.823975 0.000000 0.757518 0.000000 -0.652814 0.800000 0.800000 0.800000
4831.594727 0.000000 2887.899170 0.000000 0.268657 0.000000 -0.963236 0.932294 0.932294 0.932294
4829.457520 0.000000 2886.340332 0.000000 0.878841 0.000000 -0.477115 0.800000 0.800000 0.800000
4825.623535 0.000000 2883.584961 0.000000 0.826798 0.000000 0.562499 0.800000 0.800000 0.800000
4831.087891 0.000000 2885.014648 0.000000 0.769361 0.000000 -0.638815 0.800000 0.800000 0.800000
4827.449219 0.000000 2885.934570 0.000000 0.235291 0.000000 -0.971925 0.935807 0.935807 0.935807
4829.178223 0.000000 2882.146973 0.000000 0.600317 0.000000 0.799762 0.800000 0.800000 0.800000
4825.143555 0.000000 2885.324707 0.000000 0.999878 0.000000 -0.015630 0.800000 0.800000 0.800000
4830.117676 0.000000 2888.686279 0.000000 0.758940 0.000000 0.651161 0.800000 0.800000 0.800000
4826.376465 0.000000 2882.136230 0.000000 0.999996 0.000000 0.002898 0.799705 0.799705 0.799705
4829.770508 0.000000 2884.048828 0.000000 0.980957 0.000000 0.194226 0.780090 0.780090 0.780090
4824.497559 0.000000 2882.423584 0.000000 0.983822 0.000000 0.179146 0.800000 0.800000 0.800000
4828.145996 0.000000 2887.353516 0.000000 0.928780 0.000000 0.370632 0.800000 0.800000 0.800000
4831.259277 0.000000 2886.479492 0.000000 0.999554 0.000000 0.029852 0.796959 0.796959 0.796959
4826.816895 0.000000 2884.487061 0.000000 0.980214 0.000000 0.197940 0.779704 0.779704 0.779704
4828.769531 0.000000 2885.133789 0.000000 0.466218 0.000000 0.884670 0.689403 0.689403 0.689403
4827.796387 0.000000 2882.440674 0.000000 0.161636 0.000000 -0.986851 0.943463 0.943463 0.943463
4830.246094 0.000000 2887.346680 0.000000 0.128296 0.000000 -0.991736 0.946896 0.946896 0.946896
4826.244629 0.000000 2885.833008 0.000000 0.120015 0.000000 0.992772 0.652254 0.652254 0.652254
4826.880859 0.000000 2883.221680 0.000000 0.873107 0.000000 -0.487528 0.851872 0.851872 0.851872
4852.977051 0.000000 2880.686279 0.000000 0.496263 0.000000 0.868172 0.800000 0.800000 0.800000
4849.770996 0.000000 2890.510742 0.000000 0.895446 0.000000 -0.445170 0.846994 0.846994 0.846994
4857.162598 0.000000 2880.856934 0.000000 0.827419 0.000000 -0.561586 0.860739 0.860739 0.860739
4863.594727 0.000000 2887.899170 0.000000 0.071090 0.000000 -0.997470 0.800000 0.800000 0.800000
4848.766113 0.000000 2893.274658 0.000000 0.101743 0.000000 -0.994811 0.949619 0.949619 0.949619
4859.650391 0.000000 2881.134521 0.000000 0.791309 0.000000 -0.611416 0.800000 0.800000 0.800000
4832.325195 0.000000 2887.180420 0.000000 0.782664 0.000000 0.622445 0.731565 0.731565 0.731565
4850.509766 0.000000 2880.299805 0.000000 0.395984 0.000000 0.918257 0.800000 0.800000 0.800000
4832.261719 0.000000 2889.458252 0.000000 0.859747 0.000000 0.510720 0.800000 0.800000 0.800000
4847.610840 0.000000 2890.665527 0.000000 0.969280 0.000000 0.245958 0.800000 0.800000 0.800000
4851.041992 0.000000 2892.248291 0.000000 0.999302 0.000000 0.037362 0.800000 0.800000 0.800000
4855.167480 0.000000 2880.006104 0.000000 0.663601 0.000000 -0.748087 0.886089 0.886089 0.886089
4851.477051 0.000000 2890.096436 0.000000 0.781803 0.000000 -0.623525 0.868576 0.868576 0.868576
4862.117676 0.000000 2888.686279 0.000000 0.665808 0.000000 -0.746123 0.800000 0.800000 0.800000
4847.291992 0.000000 2892.641113 0.000000 0.927976 0.000000 0.372640 0.761105 0.761105 0.761105
4848.795410 0.000000 2891.719482 0.000000 0.541192 0.000000 0.840899 0.698249 0.698249 0.698249
4851.326660 0.000000 2881.689453 0.000000 0.104874 0.000000 0.994485 0.800000 0.800000 0.800000
4850.180176 0.000000 2893.686035 0.000000 0.947876 0.000000 -0.318640 0.800000 0.800000 0.800000
4863.259277 0.000000 2886.479492 0.000000 0.009854 0.000000 0.999951 0.800000 0.800000 0.800000
4833.761230 0.000000 2887.131836 0.000000 0.844757 0.000000 0.535151 0.742482 0.742482 0.742482
4855.670410 0.000000 2881.208496 0.000000 0.865037 0.000000 -0.501707 0.853534 0.853534 0.853534
4849.818848 0.000000 2892.418701 0.000000 0.700810 0.000000 0.713348 0.719097 0.719097 0.719097
4854.172852 0.000000 2880.721680 0.000000 0.994814 0.000000 0.101714 0.789622 0.789622 0.789622
4856.335449 0.000000 2880.097656 0.000000 0.814553 0.000000 -0.580089 0.863034 0.863034 0.863034
4857.379883 0.000000 2881.908447 0.000000 0.305404 0.000000 0.952223 0.671613 0.671613 0.671613
4884.977051 0.000000 2816.686279 0.000000 0.415784 0.000000 0.909463 0.800000 0.800000 0.800000
4881.943848 0.000000 2845.206299 0.000000 0.044898 0.000000 0.998992 0.800000 0.800000 0.800000
4890.376465 0.000000 2829.245605 0.000000 0.180819 0.000000 0.983516 0.658520 0.658520 0.658520
4864.671875 0.000000 2846.357910 0.000000 0.737751 0.000000 -0.675073 0.800000 0.800000 0.800000
4878.038574 0.000000 2844.374756 0.000000 0.995356 0.000000 0.096259 0.790180 0.790180 0.790180
4873.208008 0.000000 2831.121582 0.000000 0.612608 0.000000 0.790387 0.800000 0.800000 0.800000
4886.982422 0.000000 2830.966064 0.000000 0.760380 0.000000 -0.649478 0.872004 0.872004 0.872004
4882.562500 0.000000 2819.029297 0.000000 0.708795 0.000000 0.705415 0.800000 0.800000 0.800000
4885.226562 0.000000 2823.274658 0.000000 0.396463 0.000000 0.918051 0.681524 0.681524 0.681524
4876.563477 0.000000 2830.581787 0.000000 0.679308 0.000000 0.733854 0.800000 0.800000 0.800000
4887.791016 0.000000 2828.426270 0.000000 0.493193 0.000000 0.869920 0.800000 0.800000 0.800000
4890.168945 0.000000 2826.525146 0.000000 0.462040 0.000000 0.886859 0.800000 0.800000 0.800000
4879.855469 0.000000 2846.975342 0.000000 0.867692 0.000000 -0.497102 0.852993 0.852993 0.852993
4884.769531 0.000000 2820.682129 0.000000 0.999894 0.000000 0.014546 0.798518 0.798518 0.798518
4889.318848 0.000000 2831.447021 0.000000 0.955680 0.000000 0.294406 0.800000 0.800000 0.800000
4882.963867 0.000000 2824.413574 0.000000 0.859998 0.000000 0.510298 0.800000 0.800000 0.800000
4882.509766 0.000000 2816.299805 0.000000 0.516473 0.000000 0.856304 0.800000 0.800000 0.800000
4885.673828 0.000000 2829.217529 0.000000 0.984620 0.000000 -0.174711 0.800000 0.800000 0.800000
4884.492676 0.000000 2818.628906 0.000000 0.420586 0.000000 0.907253 0.684216 0.684216 0.684216
4880.003418 0.000000 2844.838623 0.000000 0.767652 0.000000 0.640867 0.800000 0.800000 0.800000
4877.203125 0.000000 2842.517822 0.000000 0.845684 0.000000 0.533684 0.800000 0.800000 0.800000
4875.083984 0.000000 2831.786377 0.000000 0.214835 0.000000 -0.976650 0.937945 0.937945 0.937945
4864.115234 0.000000 2829.962158 0.000000 0.371657 0.000000 -0.928370 0.921213 0.921213 0.921213
4881.755859 0.000000 2847.285400 0.000000 0.432520 0.000000 -0.901624 0.914440 0.914440 0.914440
4883.713379 0.000000 2822.036133 0.000000 0.314324 0.000000 -0.949316 0.800000 0.800000 0.800000
4888.723633 0.000000 2829.872314 0.000000 0.070170 0.000000 0.997535 0.647153 0.647153 0.647153
4878.353027 0.000000 2846.017090 0.000000 0.095557 0.000000 0.995424 0.649748 0.649748 0.649748
4865.921387 0.000000 2847.779297 0.000000 0.864677 0.000000 0.502329 0.800000 0.800000 0.800000
4878.753906 0.000000 2842.092041 0.000000 0.416046 0.000000 0.909343 0.800000 0.800000 0.800000
4889.364258 0.000000 2827.963867 0.000000 0.412366 0.000000 -0.911018 0.800000 0.800000 0.800000
4891.810547 0.000000 2826.312012 0.000000 0.411024 0.000000 0.911624 0.800000 0.800000 0.800000
4876.059082 0.000000 2845.845215 0.000000 0.950015 0.000000 -0.312203 0.800000 0.800000 0.800000
4891.181152 0.000000 2827.855957 0.000000 0.302032 0.000000 0.953298 0.800000 0.800000 0.800000
4885.934570 0.000000 2819.570801 0.000000 0.764179 0.000000 0.645005 0.728594 0.728594 0.728594
4865.540527 0.000000 2829.268799 0.000000 0.272891 0.000000 -0.962045 0.931846 0.931846 0.931846
4883.023438 0.000000 2820.612061 0.000000 0.980790 0.000000 0.195066 0.800000 0.800000 0.800000
4878.526855 0.000000 2847.822021 0.000000 0.526886 0.000000 0.849936 0.696525 0.696525 0.696525
4883.326660 0.000000 2817.689453 0.000000 0.994610 0.000000 -0.103685 0.800000 0.800000 0.800000
4888.501953 0.000000 2826.781738 0.000000 0.801396 0.000000 -0.598135 0.800000 0.800000 0.800000
4885.054199 0.000000 2830.586914 0.000000 0.504380 0.000000 -0.863482 0.906151 0.906151 0.906151
4883.020996 0.000000 2846.394287 0.000000 0.823787 0.000000 0.566900 0.800000 0.800000 0.800000
4874.486328 0.000000 2830.545654 0.000000 0.552743 0.000000 0.833352 0.699654 0.699654 0.699654
4880.937012 0.000000 2846.126465 0.000000 0.701180 0.000000 -0.712984 0.880850 0.880850 0.880850
4879.463379 0.000000 2845.862549 0.000000 0.713050 0.000000 0.701114 0.720860 0.720860 0.720860
4891.335449 0.000000 2829.829834 0.000000 0.910931 0.000000 0.412558 0.756683 0.756683 0.756683
4884.878418 0.000000 2822.163330 0.000000 0.993182 0.000000 -0.116576 0.811902 0.811902 0.811902
4864.476562 0.000000 2828.928223 0.000000 0.072572 0.000000 -0.997363 0.952601 0.952601 0.952601
4889.358398 0.000000 2829.051758 0.000000 0.263668 0.000000 -0.964613 0.932822 0.932822 0.932822
4881.995117 0.000000 2846.241455 0.000000 0.029397 0.000000 -0.999568 0.957005 0.957005 0.957005
4880.708008 0.000000 2847.624756 0.000000 0.049964 0.000000 -0.998751 0.954909 0.954909 0.954909
4908.263672 0.000000 2819.783203 0.000000 0.700660 0.000000 0.713496 0.800000 0.800000 0.800000
4916.977051 0.000000 2816.686279 0.000000 0.447809 0.000000 -0.894129 0.912705 0.912705 0.912705
4909.843750 0.000000 2827.939941 0.000000 0.977243 0.000000 0.212123 0.778228 0.778228 0.778228
4915.599121 0.000000 2830.177734 0.000000 0.861339 0.000000 0.508031 0.745720 0.745720 0.745720
4912.116699 0.000000 2816.205811 0.000000 0.038948 0.000000 -0.999241 0.956032 0.956032 0.956032
4905.063965 0.000000 2827.399170 0.000000 0.990198 0.000000 -0.139670 0.814273 0.814273 0.814273
4919.378418 0.000000 2820.744873 0.000000 0.930342 0.000000 -0.366692 0.800000 0.800000 0.800000
4908.250000 0.000000 2824.074219 0.000000 0.717146 0.000000 -0.696923 0.800000 0.800000 0.800000
4926.641113 0.000000 2832.483887 0.000000 0.677459 0.000000 -0.735561 0.800000 0.800000 0.800000
4904.367188 0.000000 2819.822510 0.000000 0.314634 0.000000 -0.949213 0.800000 0.800000 0.800000
4914.562500 0.000000 2819.029297 0.000000 0.398400 0.000000 -0.917212 0.800000 0.800000 0.800000
4924.450684 0.000000 2845.061768 0.000000 0.325860 0.000000 -0.945418 0.800000 0.800000 0.800000
4926.431152 0.000000 2842.654297 0.000000 0.981270 0.000000 0.192639 0.780255 0.780255 0.780255
4912.766113 0.000000 2829.274658 0.000000 0.362004 0.000000 0.932177 0.800000 0.800000 0.800000
4909.245605 0.000000 2816.947510 0.000000 0.653302 0.000000 -0.757098 0.800000 0.800000 0.800000
4925.382812 0.000000 2840.181885 0.000000 0.059521 0.000000 -0.998227 0.953934 0.953934 0.953934
4907.578125 0.000000 2826.613770 0.000000 0.554558 0.000000 -0.832145 0.800000 0.800000 0.800000
4921.623535 0.000000 2819.584961 0.000000 0.023402 0.000000 0.999726 0.800000 0.800000 0.800000
4918.871094 0.000000 2818.226807 0.000000 0.853198 0.000000 0.521586 0.800000 0.800000 0.800000
4922.883789 0.000000 2839.619141 0.000000 0.908983 0.000000 0.416834 0.800000 0.800000 0.800000
4914.509766 0.000000 2816.299805 0.000000 0.985398 0.000000 0.170264 0.782572 0.782572 0.782572
4927.092773 0.000000 2835.585693 0.000000 0.380539 0.000000 -0.924765 0.800000 0.800000 0.800000
4905.793945 0.000000 2825.081787 0.000000 0.708257 0.000000 -0.705954 0.800000 0.800000 0.800000
4910.720215 0.000000 2830.146729 0.000000 0.833476 0.000000 0.552556 0.800000 0.800000 0.800000
4906.519531 0.000000 2818.410156 0.000000 0.526041 0.000000 -0.850459 0.903576 0.903576 0.903576
4911.610840 0.000000 2826.665527 0.000000 0.984952 0.000000 -0.172827 0.800000 0.800000 0.800000
4909.603516 0.000000 2825.754395 0.000000 0.394779 0.000000 0.918776 0.800000 0.800000 0.800000
4913.758789 0.000000 2831.165527 0.000000 0.998806 0.000000 -0.048860 0.804979 0.804979 0.804979
4915.041992 0.000000 2828.248291 0.000000 0.500309 0.000000 -0.865847 0.800000 0.800000 0.800000
4916.492676 0.000000 2818.628906 0.000000 0.505660 0.000000 -0.862733 0.800000 0.800000 0.800000
4910.166504 0.000000 2818.606445 0.000000 0.281272 0.000000 -0.959628 0.800000 0.800000 0.800000
4926.257324 0.000000 2844.641602 0.000000 0.896146 0.000000 -0.443759 0.800000 0.800000 0.800000
4927.967773 0.000000 2843.734619 0.000000 0.216480 0.000000 -0.976287 0.937774 0.937774 0.937774
4924.776367 0.000000 2843.307861 0.000000 0.995453 0.000000 -0.095258 0.800000 0.800000 0.800000
4921.143555 0.000000 2821.324707 0.000000 0.639621 0.000000 0.768690 0.710691 0.710691 0.710691
4924.264160 0.000000 2838.555176 0.000000 0.866438 0.000000 0.499284 0.800000 0.800000 0.800000
4908.354980 0.000000 2828.842285 0.000000 0.657176 0.000000 -0.753737 0.800000 0.800000 0.800000
4918.077148 0.000000 2821.829590 0.000000 0.973103 0.000000 0.230371 0.800000 0.800000 0.800000
4926.498047 0.000000 2834.087158 0.000000 0.864012 0.000000 0.503471 0.800000 0.800000 0.800000
4908.138184 0.000000 2818.131348 0.000000 0.647377 0.000000 0.762170 0.800000 0.800000 0.800000
4911.291992 0.000000 2828.641113 0.000000 0.578421 0.000000 0.815738 0.702826 0.702826 0.702826
4920.497559 0.000000 2818.423584 0.000000 0.897884 0.000000 0.440232 0.800000 0.800000 0.800000
4917.934570 0.000000 2819.570801 0.000000 0.890667 0.000000 0.454656 0.800000 0.800000 0.800000
4910.894531 0.000000 2817.264160 0.000000 0.315596 0.000000 -0.948894 0.927295 0.927295 0.927295
4924.964844 0.000000 2841.731445 0.000000 0.905197 0.000000 0.424993 0.755289 0.755289 0.755289
4927.348633 0.000000 2837.332031 0.000000 0.287839 0.000000 0.957679 0.800000 0.800000 0.800000
4915.326660 0.000000 2817.689453 0.000000 0.816806 0.000000 -0.576912 0.862638 0.862638 0.862638
4915.564453 0.000000 2831.751953 0.000000 0.229520 0.000000 0.973304 0.663589 0.663589 0.663589
4914.180176 0.000000 2829.686035 0.000000 0.867678 0.000000 0.497127 0.800000 0.800000 0.800000
4923.973145 0.000000 2840.618896 0.000000 0.924094 0.000000 -0.382164 0.800000 0.800000 0.800000
4906.532227 0.000000 2827.669922 0.000000 0.392742 0.000000 -0.919649 0.800000 0.800000 0.800000
4907.354492 0.000000 2825.208496 0.000000 0.960697 0.000000 0.277599 0.800000 0.800000 0.800000
4922.745117 0.000000 2838.209717 0.000000 0.125516 0.000000 0.992092 0.800000 0.800000 0.800000
4912.260254 0.000000 2830.614258 0.000000 0.099791 0.000000 -0.995008 0.949818 0.949818 0.949818
4906.770508 0.000000 2819.758789 0.000000 0.235352 0.000000 -0.971910 0.935800 0.935800 0.935800
4913.957031 0.000000 2817.672363 0.000000 0.888324 0.000000 0.459218 0.751402 0.751402 0.751402
4908.575195 0.000000 2827.492920 0.000000 0.966477 0.000000 0.256752 0.773551 0.773551 0.773551
4917.649902 0.000000 2817.798584 0.000000 0.414418 0.000000 0.910087 0.683525 0.683525 0.683525
4915.739258 0.000000 2816.493652 0.000000 0.304839 0.000000 0.952404 0.671553 0.671553 0.671553
4913.287598 0.000000 2816.620117 0.000000 0.123144 0.000000 -0.992389 0.947425 0.947425 0.947425
4912.021973 0.000000 2817.345947 0.000000 0.531111 0.000000 0.847302 0.697032 0.697032 0.697032
4912.774414 0.000000 2831.534912 0.000000 0.744464 0.000000 -0.667663 0.874466 0.874466 0.874466
4914.801270 0.000000 2830.927979 0.000000 0.945932 0.000000 -0.324364 0.833648 0.833648 0.833648
4913.235352 0.000000 2830.256348 0.000000 0.992880 0.000000 0.119120 0.787838 0.787838 0.787838
4916.365234 0.000000 2817.597656 0.000000 0.787402 0.000000 0.616440 0.732344 0.732344 0.732344
4891.341797 0.000000 2874.027100 0.000000 0.902768 0.000000 -0.430127 0.800000 0.800000 0.800000
4881.537598 0.000000 2867.930664 0.000000 0.267274 0.000000 -0.963621 0.932441 0.932441 0.932441
4865.204102 0.000000 2866.668457 0.000000 0.999132 0.000000 0.041660 0.800000 0.800000 0.800000
4876.028809 0.000000 2865.442139 0.000000 0.990414 0.000000 0.138128 0.785885 0.785885 0.785885
4892.482422 0.000000 2856.834229 0.000000 0.999950 0.000000 0.009990 0.800000 0.800000 0.800000
4880.116699 0.000000 2848.205811 0.000000 0.038701 0.000000 -0.999251 0.956057 0.956057 0.956057
4887.378418 0.000000 2852.744873 0.000000 0.949007 0.000000 0.315254 0.767331 0.767331 0.767331
4879.844238 0.000000 2864.104248 0.000000 0.276311 0.000000 -0.961068 0.800000 0.800000 0.800000
4873.208008 0.000000 2863.121582 0.000000 0.981664 0.000000 0.190618 0.780464 0.780464 0.780464
4882.562500 0.000000 2851.029297 0.000000 0.183186 0.000000 -0.983078 0.800000 0.800000 0.800000
4895.594727 0.000000 2855.899170 0.000000 0.870239 0.000000 0.492629 0.747532 0.747532 0.747532
4894.431152 0.000000 2874.654297 0.000000 0.470699 0.000000 -0.882294 0.800000 0.800000 0.800000
4889.304199 0.000000 2876.176025 0.000000 0.902249 0.000000 0.431216 0.800000 0.800000 0.800000
4864.283691 0.000000 2848.049316 0.000000 0.999464 0.000000 -0.032746 0.803336 0.803336 0.803336
4888.642090 0.000000 2872.653564 0.000000 0.621499 0.000000 -0.783415 0.800000 0.800000 0.800000
4876.563477 0.000000 2862.581787 0.000000 0.884337 0.000000 0.466850 0.800000 0.800000 0.800000
4864.376465 0.000000 2869.610596 0.000000 0.800499 0.000000 0.599334 0.734538 0.734538 0.734538
4870.037598 0.000000 2872.051270 0.000000 0.199103 0.000000 0.979979 0.660417 0.660417 0.660417
4893.457520 0.000000 2854.340332 0.000000 0.032061 0.000000 0.999486 0.800000 0.800000 0.800000
4889.623535 0.000000 2851.584961 0.000000 0.067379 0.000000 0.997727 0.800000 0.800000 0.800000
4878.919434 0.000000 2866.425293 0.000000 0.832654 0.000000 -0.553793 0.859782 0.859782 0.859782
4871.435547 0.000000 2861.242920 0.000000 0.411642 0.000000 0.911345 0.800000 0.800000 0.800000
4886.871094 0.000000 2850.226807 0.000000 0.990991 0.000000 0.133929 0.786317 0.786317 0.786317
4873.628906 0.000000 2872.382568 0.000000 0.340895 0.000000 -0.940101 0.800000 0.800000 0.800000
4865.025391 0.000000 2850.308105 0.000000 0.138686 0.000000 0.990336 0.654172 0.654172 0.654172
4882.509766 0.000000 2848.299805 0.000000 0.876804 0.000000 0.480848 0.748905 0.748905 0.748905
4886.658203 0.000000 2874.260254 0.000000 0.710386 0.000000 -0.703812 0.879526 0.879526 0.879526
4871.046387 0.000000 2864.044922 0.000000 0.510246 0.000000 -0.860029 0.800000 0.800000 0.800000
4873.145508 0.000000 2865.366455 0.000000 0.889948 0.000000 0.456062 0.751763 0.751763 0.751763
4880.650391 0.000000 2850.273926 0.000000 0.977462 0.000000 0.211113 0.800000 0.800000 0.800000
4877.791992 0.000000 2864.420166 0.000000 0.685921 0.000000 0.727676 0.716992 0.716992 0.716992
4887.167480 0.000000 2848.006104 0.000000 0.998335 0.000000 0.057676 0.800000 0.800000 0.800000
4875.083984 0.000000 2863.786377 0.000000 0.999734 0.000000 -0.023044 0.800000 0.800000 0.800000
4876.975586 0.000000 2867.061279 0.000000 0.937518 0.000000 0.347936 0.763802 0.763802 0.763802
4879.729492 0.000000 2868.479248 0.000000 0.433157 0.000000 0.901319 0.685632 0.685632 0.685632
4894.257324 0.000000 2876.641602 0.000000 0.985029 0.000000 -0.172388 0.800000 0.800000 0.800000
4895.967773 0.000000 2875.734619 0.000000 0.709887 0.000000 0.704315 0.800000 0.800000 0.800000
4888.457520 0.000000 2874.521484 0.000000 0.845874 0.000000 -0.533382 0.857305 0.857305 0.857305
4890.509277 0.000000 2877.638428 0.000000 0.235519 0.000000 -0.971870 0.800000 0.800000 0.800000
4889.143555 0.000000 2853.324707 0.000000 0.066751 0.000000 -0.997770 0.800000 0.800000 0.800000
4864.004883 0.000000 2867.935791 0.000000 0.718015 0.000000 0.696028 0.800000 0.800000 0.800000
4886.077148 0.000000 2853.829590 0.000000 0.513280 0.000000 -0.858221 0.905098 0.905098 0.905098
4891.117676 0.000000 2875.958008 0.000000 0.903205 0.000000 0.429210 0.800000 0.800000 0.800000
4894.117676 0.000000 2856.686279 0.000000 0.885541 0.000000 0.464561 0.800000 0.800000 0.800000
4888.497559 0.000000 2850.423584 0.000000 0.787651 0.000000 -0.616122 0.800000 0.800000 0.800000
4875.397949 0.000000 2866.927979 0.000000 0.709309 0.000000 0.704898 0.800000 0.800000 0.800000
4872.959473 0.000000 2861.562500 0.000000 0.374013 0.000000 0.927423 0.800000 0.800000 0.800000
4881.091309 0.000000 2869.431396 0.000000 0.996198 0.000000 -0.087117 0.808885 0.808885 0.808885
4878.894531 0.000000 2849.264160 0.000000 0.949302 0.000000 0.314366 0.767427 0.767427 0.767427
4889.779297 0.000000 2873.736328 0.000000 0.215119 0.000000 -0.976588 0.800000 0.800000 0.800000
4892.145996 0.000000 2855.353516 0.000000 0.994371 0.000000 -0.105955 0.800000 0.800000 0.800000
4865.874023 0.000000 2848.103760 0.000000 0.810787 0.000000 0.585341 0.736307 0.736307 0.736307
4883.326660 0.000000 2849.689453 0.000000 0.880494 0.000000 -0.474058 0.850308 0.850308 0.850308
4887.679199 0.000000 2875.816162 0.000000 0.531446 0.000000 0.847092 0.697072 0.697072 0.697072
4895.259277 0.000000 2854.479492 0.000000 0.779330 0.000000 0.626613 0.731021 0.731021 0.731021
4874.563965 0.000000 2865.469971 0.000000 0.100828 0.000000 -0.994904 0.949712 0.949712 0.949712
4871.835938 0.000000 2862.676270 0.000000 0.366071 0.000000 -0.930587 0.800000 0.800000 0.800000
4878.810547 0.000000 2869.815674 0.000000 0.756542 0.000000 0.653945 0.727396 0.727396 0.727396
4880.202637 0.000000 2867.116699 0.000000 0.648484 0.000000 0.761229 0.711871 0.711871 0.711871
4870.634766 0.000000 2873.334229 0.000000 0.000710 0.000000 1.000000 0.640072 0.640072 0.640072
4886.941895 0.000000 2872.920410 0.000000 0.923059 0.000000 0.384659 0.759782 0.759782 0.759782
4881.957031 0.000000 2849.672363 0.000000 0.841532 0.000000 0.540207 0.741871 0.741871 0.741871
4869.086914 0.000000 2873.058594 0.000000 0.635574 0.000000 0.772040 0.710156 0.710156 0.710156
4877.372559 0.000000 2865.734375 0.000000 0.814003 0.000000 -0.580861 0.863131 0.863131 0.863131
4864.014160 0.000000 2849.380127 0.000000 0.205173 0.000000 -0.978726 0.938952 0.938952 0.938952
4876.396973 0.000000 2864.072266 0.000000 0.515459 0.000000 -0.856914 0.904839 0.904839 0.904839
4872.421387 0.000000 2864.206787 0.000000 0.968405 0.000000 -0.249384 0.825673 0.825673 0.825673
4864.030273 0.000000 2851.209229 0.000000 0.478642 0.000000 0.878010 0.690839 0.690839 0.690839
4887.512695 0.000000 2851.383301 0.000000 0.957780 0.000000 -0.287501 0.829704 0.829704 0.829704
4894.246094 0.000000 2855.346680 0.000000 0.175335 0.000000 0.984509 0.657952 0.657952 0.657952
4878.418945 0.000000 2867.584961 0.000000 0.809741 0.000000 -0.586787 0.863874 0.863874 0.863874
4881.287598 0.000000 2848.620117 0.000000 0.560361 0.000000 -0.828249 0.899412 0.899412 0.899412
4865.586426 0.000000 2869.688477 0.000000 0.544365 0.000000 -0.838849 0.901367 0.901367 0.901367
4865.883301 0.000000 2849.339111 0.000000 0.380439 0.000000 -0.924806 0.920247 0.920247 0.920247
4878.127441 0.000000 2848.128662 0.000000 0.665193 0.000000 0.746672 0.714128 0.714128 0.714128
4886.232422 0.000000 2852.700195 0.000000 0.998248 0.000000 -0.059164 0.806030 0.806030 0.806030
4880.021973 0.000000 2849.345947 0.000000 0.977929 0.000000 -0.208937 0.821440 0.821440 0.821440
4865.075684 0.000000 2851.623535 0.000000 0.323577 0.000000 -0.946202 0.926437 0.926437 0.926437
4887.828613 0.000000 2873.579346 0.000000 0.875517 0.000000 -0.483187 0.851367 0.851367 0.851367
4881.252441 0.000000 2866.900391 0.000000 0.995222 0.000000 0.097635 0.790039 0.790039 0.790039
4877.921387 0.000000 2866.627686 0.000000 0.517523 0.000000 0.855669 0.695407 0.695407 0.695407
4906.484375 0.000000 2877.530273 0.000000 0.999340 0.000000 -0.036322 0.800000 0.800000 0.800000
4896.554199 0.000000 2872.431396 0.000000 0.939168 0.000000 0.343459 0.800000 0.800000 0.800000
4913.943848 0.000000 2877.206299 0.000000 0.835195 0.000000 0.549954 0.800000 0.800000 0.800000
4915.599121 0.000000 2862.177734 0.000000 0.298557 0.000000 0.954392 0.800000 0.800000 0.800000
4900.527832 0.000000 2876.744873 0.000000 0.972869 0.000000 0.231358 0.800000 0.800000 0.800000
4925.731934 0.000000 2869.542725 0.000000 0.704162 0.000000 0.710039 0.719577 0.719577 0.719577
4924.482422 0.000000 2856.834229 0.000000 0.485424 0.000000 0.874279 0.800000 0.800000 0.800000
4922.376465 0.000000 2861.245605 0.000000 0.779579 0.000000 -0.626304 0.868939 0.868939 0.868939
4896.671875 0.000000 2878.357910 0.000000 0.998078 0.000000 -0.061966 0.800000 0.800000 0.800000
4903.165527 0.000000 2866.219238 0.000000 0.640584 0.000000 0.767889 0.800000 0.800000 0.800000
4909.865723 0.000000 2868.719238 0.000000 0.371877 0.000000 0.928282 0.800000 0.800000 0.800000
4926.641113 0.000000 2864.483887 0.000000 0.903097 0.000000 -0.429436 0.800000 0.800000 0.800000
4910.038574 0.000000 2876.374756 0.000000 0.504936 0.000000 0.863157 0.693915 0.693915 0.693915
4901.130859 0.000000 2858.842529 0.000000 0.322152 0.000000 0.946688 0.673410 0.673410 0.673410
4899.740234 0.000000 2873.515137 0.000000 0.922101 0.000000 -0.386949 0.800000 0.800000 0.800000
4907.187012 0.000000 2874.396729 0.000000 0.744350 0.000000 -0.667790 0.800000 0.800000 0.800000
4897.348145 0.000000 2875.392090 0.000000 0.833807 0.000000 -0.552057 0.859570 0.859570 0.859570
4914.849121 0.000000 2865.109375 0.000000 0.774280 0.000000 -0.632843 0.869796 0.869796 0.869796
4905.952637 0.000000 2867.477539 0.000000 0.242631 0.000000 -0.970119 0.800000 0.800000 0.800000
4924.780273 0.000000 2859.672607 0.000000 0.966607 0.000000 -0.256264 0.826397 0.826397 0.826397
4924.861816 0.000000 2866.855713 0.000000 0.686314 0.000000 0.727305 0.717047 0.717047 0.717047
4919.791016 0.000000 2860.426270 0.000000 0.851727 0.000000 0.523986 0.800000 0.800000 0.800000
4922.168945 0.000000 2858.525146 0.000000 0.124040 0.000000 0.992277 0.800000 0.800000 0.800000
4912.231445 0.000000 2874.878662 0.000000 0.969072 0.000000 -0.246779 0.800000 0.800000 0.800000
4902.243652 0.000000 2868.651855 0.000000 0.476687 0.000000 0.879073 0.800000 0.800000 0.800000
4927.065430 0.000000 2858.366455 0.000000 0.756533 0.000000 0.653956 0.800000 0.800000 0.800000
4903.435547 0.000000 2861.242920 0.000000 0.998361 0.000000 0.057222 0.794168 0.794168 0.794168
4899.061523 0.000000 2878.539795 0.000000 0.543182 0.000000 -0.839615 0.901510 0.901510 0.901510
4927.092773 0.000000 2867.585693 0.000000 0.656895 0.000000 -0.753982 0.886998 0.886998 0.886998
4924.428223 0.000000 2864.609863 0.000000 0.565326 0.000000 0.824867 0.800000 0.800000 0.800000
4913.758789 0.000000 2863.165527 0.000000 0.282024 0.000000 0.959407 0.800000 0.800000 0.800000
4901.709473 0.000000 2874.366455 0.000000 0.979091 0.000000 -0.203425 0.800000 0.800000 0.800000
4907.643066 0.000000 2868.648682 0.000000 0.201614 0.000000 -0.979465 0.939322 0.939322 0.939322
4912.981445 0.000000 2865.918213 0.000000 0.892954 0.000000 0.450149 0.800000 0.800000 0.800000
4912.003418 0.000000 2876.838623 0.000000 0.864516 0.000000 0.502606 0.800000 0.800000 0.800000
4909.203125 0.000000 2874.517822 0.000000 0.555867 0.000000 -0.831271 0.899964 0.899964 0.899964
4907.981445 0.000000 2876.212646 0.000000 0.467943 0.000000 -0.883759 0.800000 0.800000 0.800000
4904.087402 0.000000 2867.890625 0.000000 0.854440 0.000000 0.519551 0.800000 0.800000 0.800000
4901.654297 0.000000 2860.635742 0.000000 0.752282 0.000000 -0.658842 0.873265 0.873265 0.873265
4908.975586 0.000000 2867.061279 0.000000 0.804426 0.000000 0.594053 0.800000 0.800000 0.800000
4899.270996 0.000000 2875.270264 0.000000 0.950710 0.000000 0.310083 0.767886 0.767886 0.767886
4898.083984 0.000000 2877.022705 0.000000 0.147611 0.000000 0.989045 0.655091 0.655091 0.655091
4897.845215 0.000000 2873.649414 0.000000 0.908807 0.000000 0.417218 0.800000 0.800000 0.800000
4903.079590 0.000000 2859.499023 0.000000 0.030582 0.000000 -0.999532 0.800000 0.800000 0.800000
4918.490234 0.000000 2859.251465 0.000000 0.515046 0.000000 0.857163 0.800000 0.800000 0.800000
4906.096680 0.000000 2869.395020 0.000000 0.149961 0.000000 -0.988692 0.944667 0.944667 0.944667
4920.723633 0.000000 2861.872314 0.000000 0.705509 0.000000 -0.708701 0.880230 0.880230 0.880230
4922.873535 0.000000 2856.301270 0.000000 0.940255 0.000000 0.340472 0.800000 0.800000 0.800000
4925.941895 0.000000 2860.884521 0.000000 0.666616 0.000000 -0.745401 0.885677 0.885677 0.885677
4897.921387 0.000000 2879.779297 0.000000 0.615038 0.000000 0.788498 0.800000 0.800000 0.800000
4926.117676 0.000000 2856.686279 0.000000 0.563155 0.000000 -0.826351 0.800000 0.800000 0.800000
4910.753906 0.000000 2874.092041 0.000000 0.858622 0.000000 -0.512609 0.854823 0.854823 0.854823
4926.498047 0.000000 2866.087158 0.000000 0.842707 0.000000 -0.538373 0.857907 0.857907 0.857907
4921.364258 0.000000 2859.963867 0.000000 0.083802 0.000000 0.996482 0.648546 0.648546 0.648546
4923.810547 0.000000 2858.312012 0.000000 0.365105 0.000000 0.930966 0.800000 0.800000 0.800000
4908.059082 0.000000 2877.845215 0.000000 0.947936 0.000000 -0.318461 0.833013 0.833013 0.833013
4896.011230 0.000000 2874.099121 0.000000 0.142140 0.000000 -0.989847 0.945473 0.945473 0.945473
4923.181152 0.000000 2859.855957 0.000000 0.518411 0.000000 0.855131 0.800000 0.800000 0.800000
4925.436035 0.000000 2858.161133 0.000000 0.949832 0.000000 0.312760 0.767599 0.767599 0.767599
4896.507812 0.000000 2876.714355 0.000000 0.513188 0.000000 0.858276 0.694891 0.694891 0.694891
4907.397949 0.000000 2866.927979 0.000000 0.459018 0.000000 -0.888427 0.800000 0.800000 0.800000
4927.348633 0.000000 2869.332031 0.000000 0.315326 0.000000 0.948983 0.672676 0.672676 0.672676
4898.620605 0.000000 2872.326416 0.000000 0.444803 0.000000 -0.895628 0.800000 0.800000 0.800000
4915.564453 0.000000 2863.751953 0.000000 0.559353 0.000000 -0.828930 0.800000 0.800000 0.800000
4924.158203 0.000000 2861.040771 0.000000 0.725917 0.000000 0.687783 0.722747 0.722747 0.722747
4920.501953 0.000000 2858.781738 0.000000 0.916689 0.000000 0.399601 0.758128 0.758128 0.758128
4925.738281 0.000000 2868.068359 0.000000 0.713860 0.000000 -0.700288 0.879022 0.879022 0.879022
4906.637207 0.000000 2875.684570 0.000000 0.715564 0.000000 -0.698547 0.800000 0.800000 0.800000
4913.493652 0.000000 2864.543945 0.000000 0.168027 0.000000 0.985782 0.800000 0.800000 0.800000
4912.260254 0.000000 2862.614258 0.000000 0.232288 0.000000 0.972647 0.800000 0.800000 0.800000
4927.893066 0.000000 2866.377686 0.000000 0.705076 0.000000 -0.709131 0.880292 0.880292 0.880292
4900.357910 0.000000 2860.328613 0.000000 0.881643 0.000000 -0.471917 0.850060 0.850060 0.850060
4911.054199 0.000000 2875.533447 0.000000 0.360769 0.000000 0.932655 0.677595 0.677595 0.677595
4899.286133 0.000000 2876.708008 0.000000 0.318783 0.000000 0.947828 0.673048 0.673048 0.673048
4909.199707 0.000000 2877.354492 0.000000 0.992484 0.000000 0.122372 0.787504 0.787504 0.787504
4900.772949 0.000000 2861.454590 0.000000 0.983028 0.000000 0.183453 0.781207 0.781207 0.781207
4924.766113 0.000000 2868.839355 0.000000 0.822558 0.000000 -0.568681 0.861615 0.861615 0.861615
4908.156738 0.000000 2875.048340 0.000000 0.671937 0.000000 -0.740608 0.884948 0.884948 0.884948
4909.116211 0.000000 2875.683594 0.000000 0.968811 0.000000 -0.247802 0.825507 0.825507 0.825507
4911.463379 0.000000 2877.862549 0.000000 0.528602 0.000000 0.848870 0.696731 0.696731 0.696731
4923.335449 0.000000 2861.829834 0.000000 0.995342 0.000000 0.096402 0.790165 0.790165 0.790165
4898.347168 0.000000 2874.658203 0.000000 0.998398 0.000000 0.056577 0.794234 0.794234 0.794234
4914.479004 0.000000 2864.052490 0.000000 0.224816 0.000000 0.974401 0.663097 0.663097 0.663097
4898.405762 0.000000 2875.977051 0.000000 0.818020 0.000000 0.575190 0.737577 0.737577 0.737577
4901.999512 0.000000 2859.575684 0.000000 0.775630 0.000000 -0.631187 0.869578 0.869578 0.869578
4898.985352 0.000000 2879.981689 0.000000 0.333838 0.000000 -0.942630 0.925330 0.925330 0.925330
4924.407227 0.000000 2867.804199 0.000000 0.042877 0.000000 0.999080 0.644369 0.644369 0.644369
4906.607422 0.000000 2868.354004 0.000000 0.957128 0.000000 0.289666 0.770066 0.770066 0.770066
4907.118652 0.000000 2869.644043 0.000000 0.569273 0.000000 -0.822149 0.898312 0.898312 0.898312
4921.358398 0.000000 2861.051758 0.000000 0.916483 0.000000 0.400073 0.758075 0.758075 0.758075
4902.679199 0.000000 2860.460205 0.000000 0.743660 0.000000 0.668558 0.725412 0.725412 0.725412
4955.341797 0.000000 2842.027100 0.000000 0.416855 0.000000 0.908973 0.800000 0.800000 0.800000
4929.204102 0.000000 2834.668457 0.000000 0.555587 0.000000 -0.831458 0.899998 0.899998 0.899998
4949.732422 0.000000 2834.201904 0.000000 0.376695 0.000000 -0.926338 0.920659 0.920659 0.920659
4928.671875 0.000000 2846.357910 0.000000 0.588584 0.000000 0.808436 0.800000 0.800000 0.800000
4956.450684 0.000000 2845.061768 0.000000 0.873788 0.000000 0.486307 0.748270 0.748270 0.748270
4948.494629 0.000000 2837.132324 0.000000 0.999198 0.000000 -0.040037 0.804079 0.804079 0.804079
4929.348145 0.000000 2843.392090 0.000000 0.343876 0.000000 -0.939015 0.800000 0.800000 0.800000
4946.849121 0.000000 2833.109375 0.000000 0.674824 0.000000 -0.737979 0.800000 0.800000 0.800000
4928.376465 0.000000 2837.610596 0.000000 0.982346 0.000000 -0.187073 0.819168 0.819168 0.819168
4957.382812 0.000000 2840.181885 0.000000 0.858741 0.000000 -0.512410 0.800000 0.800000 0.800000
4946.436035 0.000000 2838.401123 0.000000 0.970653 0.000000 -0.240486 0.800000 0.800000 0.800000
4931.061523 0.000000 2846.539795 0.000000 0.508474 0.000000 -0.861077 0.800000 0.800000 0.800000
4949.036621 0.000000 2832.032227 0.000000 0.798148 0.000000 0.602461 0.800000 0.800000 0.800000
4928.028809 0.000000 2832.788818 0.000000 0.452291 0.000000 0.891870 0.687806 0.687806 0.687806
4947.724609 0.000000 2835.055664 0.000000 0.817725 0.000000 0.575608 0.737525 0.737525 0.737525
4954.509277 0.000000 2845.638428 0.000000 0.313699 0.000000 -0.949523 0.800000 0.800000 0.800000
4931.270996 0.000000 2843.270264 0.000000 0.910507 0.000000 -0.413494 0.800000 0.800000 0.800000
4948.191895 0.000000 2838.934570 0.000000 0.837348 0.000000 0.546670 0.741086 0.741086 0.741086
4930.083984 0.000000 2845.022705 0.000000 0.042697 0.000000 -0.999088 0.955650 0.955650 0.955650
4956.776367 0.000000 2843.307861 0.000000 0.363346 0.000000 -0.931654 0.922123 0.922123 0.922123
4928.004883 0.000000 2835.935791 0.000000 0.916662 0.000000 -0.399663 0.841879 0.841879 0.841879
4955.117676 0.000000 2843.958008 0.000000 0.915402 0.000000 -0.402542 0.800000 0.800000 0.800000
4929.921387 0.000000 2847.779297 0.000000 0.240247 0.000000 -0.970712 0.800000 0.800000 0.800000
4928.011230 0.000000 2842.099121 0.000000 0.452605 0.000000 -0.891711 0.800000 0.800000 0.800000
4946.892578 0.000000 2836.878662 0.000000 0.441486 0.000000 0.897268 0.800000 0.800000 0.800000
4948.361816 0.000000 2833.452881 0.000000 0.067090 0.000000 0.997747 0.800000 0.800000 0.800000
4928.507812 0.000000 2844.714355 0.000000 0.975353 0.000000 -0.220651 0.822662 0.822662 0.822662
4956.964844 0.000000 2841.731445 0.000000 0.639639 0.000000 0.768676 0.800000 0.800000 0.800000
4946.357422 0.000000 2834.541748 0.000000 0.800861 0.000000 0.598850 0.734600 0.734600 0.734600
4955.973145 0.000000 2840.618896 0.000000 0.109995 0.000000 -0.993932 0.800000 0.800000 0.800000
4946.957031 0.000000 2839.748535 0.000000 0.996757 0.000000 -0.080472 0.800000 0.800000 0.800000
4949.469238 0.000000 2838.285645 0.000000 0.440573 0.000000 -0.897717 0.913528 0.913528 0.913528
4948.835449 0.000000 2835.808838 0.000000 0.426089 0.000000 -0.904681 0.915165 0.915165 0.915165
4957.592773 0.000000 2845.815186 0.000000 0.068394 0.000000 0.997658 0.646972 0.646972 0.646972
4931.286133 0.000000 2844.708008 0.000000 0.998096 0.000000 0.061676 0.793714 0.793714 0.793714
4929.259277 0.000000 2832.361816 0.000000 0.967769 0.000000 -0.251838 0.825931 0.825931 0.825931
4929.345215 0.000000 2835.899170 0.000000 0.897603 0.000000 -0.440806 0.846498 0.846498 0.846498
4928.962891 0.000000 2833.491211 0.000000 0.359048 0.000000 -0.933319 0.922592 0.922592 0.922592
4928.060059 0.000000 2834.225586 0.000000 0.999992 0.000000 -0.003939 0.800401 0.800401 0.800401
4948.726562 0.000000 2834.587402 0.000000 0.998403 0.000000 0.056498 0.794242 0.794242 0.794242
4949.750000 0.000000 2835.192139 0.000000 0.259683 0.000000 -0.965694 0.933242 0.933242 0.933242
4970.484375 0.000000 2845.530273 0.000000 0.913765 0.000000 -0.406243 0.800000 0.800000 0.800000
4965.415527 0.000000 2830.626709 0.000000 0.964399 0.000000 -0.264452 0.827261 0.827261 0.827261
4977.537598 0.000000 2835.930664 0.000000 0.630869 0.000000 -0.775889 0.800000 0.800000 0.800000
4980.977051 0.000000 2816.686279 0.000000 0.495709 0.000000 0.868489 0.800000 0.800000 0.800000
4977.943848 0.000000 2845.206299 0.000000 0.930256 0.000000 0.366912 0.800000 0.800000 0.800000
4988.178223 0.000000 2819.823975 0.000000 0.994964 0.000000 -0.100234 0.810227 0.810227 0.810227
4989.731934 0.000000 2837.542725 0.000000 0.744822 0.000000 -0.667263 0.800000 0.800000 0.800000
4981.732422 0.000000 2834.201904 0.000000 0.016366 0.000000 0.999866 0.641667 0.641667 0.641667
4982.327148 0.000000 2844.509033 0.000000 0.936693 0.000000 -0.350153 0.836438 0.836438 0.836438
4985.162598 0.000000 2816.856934 0.000000 0.880907 0.000000 0.473289 0.749781 0.749781 0.749781
4990.083984 0.000000 2816.082275 0.000000 0.515974 0.000000 0.856604 0.800000 0.800000 0.800000
4974.038574 0.000000 2844.374756 0.000000 0.896841 0.000000 -0.442353 0.846674 0.846674 0.846674
4985.304199 0.000000 2844.176025 0.000000 0.295432 0.000000 0.955364 0.670548 0.670548 0.670548
4973.127930 0.000000 2847.200928 0.000000 0.385512 0.000000 -0.922703 0.800000 0.800000 0.800000
4980.023926 0.000000 2842.748535 0.000000 0.994389 0.000000 0.105787 0.800000 0.800000 0.800000
4990.919922 0.000000 2818.828125 0.000000 0.974092 0.000000 0.226150 0.800000 0.800000 0.800000
4983.703125 0.000000 2847.002441 0.000000 0.077613 0.000000 -0.996984 0.800000 0.800000 0.800000
4976.231445 0.000000 2842.878662 0.000000 0.057884 0.000000 -0.998323 0.800000 0.800000 0.800000
4987.650391 0.000000 2817.134521 0.000000 0.566877 0.000000 0.823802 0.800000 0.800000 0.800000
4967.435547 0.000000 2829.242920 0.000000 0.932914 0.000000 0.360100 0.762478 0.762478 0.762478
4986.883789 0.000000 2839.619141 0.000000 0.217686 0.000000 -0.976019 0.800000 0.800000 0.800000
4987.518555 0.000000 2836.823730 0.000000 0.828007 0.000000 0.560719 0.800000 0.800000 0.800000
4982.658203 0.000000 2842.260254 0.000000 0.112870 0.000000 -0.993610 0.800000 0.800000 0.800000
4983.750977 0.000000 2833.126953 0.000000 0.999922 0.000000 -0.012513 0.800000 0.800000 0.800000
4981.036621 0.000000 2832.032227 0.000000 1.000000 0.000000 -0.000628 0.800000 0.800000 0.800000
4979.724609 0.000000 2835.055664 0.000000 0.356744 0.000000 0.934202 0.677156 0.677156 0.677156
4983.167480 0.000000 2816.006104 0.000000 0.201287 0.000000 -0.979532 0.939356 0.939356 0.939356
4991.026367 0.000000 2839.029541 0.000000 0.170100 0.000000 0.985427 0.657411 0.657411 0.657411
4976.003418 0.000000 2844.838623 0.000000 0.988098 0.000000 -0.153827 0.800000 0.800000 0.800000
4973.203125 0.000000 2842.517822 0.000000 0.936152 0.000000 -0.351594 0.800000 0.800000 0.800000
4971.981445 0.000000 2844.212646 0.000000 0.673606 0.000000 0.739090 0.800000 0.800000 0.800000
4963.633789 0.000000 2831.782227 0.000000 0.385934 0.000000 0.922526 0.800000 0.800000 0.800000
4970.798828 0.000000 2847.410156 0.000000 0.909127 0.000000 0.416520 0.800000 0.800000 0.800000
4965.654297 0.000000 2828.635742 0.000000 0.542116 0.000000 -0.840303 0.800000 0.800000 0.800000
4989.178223 0.000000 2818.146973 0.000000 0.398933 0.000000 0.916980 0.681798 0.681798 0.681798
4991.353027 0.000000 2840.887939 0.000000 0.870381 0.000000 0.492379 0.800000 0.800000 0.800000
4988.264160 0.000000 2838.555176 0.000000 0.628627 0.000000 -0.777707 0.890758 0.890758 0.890758
4982.073730 0.000000 2846.197998 0.000000 0.906247 0.000000 -0.422749 0.800000 0.800000 0.800000
4983.804688 0.000000 2845.324463 0.000000 0.972942 0.000000 -0.231049 0.823749 0.823749 0.823749
4974.753906 0.000000 2842.092041 0.000000 0.708118 0.000000 0.706094 0.720146 0.720146 0.720146
4963.822754 0.000000 2830.171875 0.000000 0.529243 0.000000 -0.848470 0.800000 0.800000 0.800000
4972.059082 0.000000 2845.845215 0.000000 0.907576 0.000000 0.419888 0.755862 0.755862 0.755862
4978.892578 0.000000 2836.878662 0.000000 0.665767 0.000000 0.746160 0.800000 0.800000 0.800000
4985.196777 0.000000 2846.529053 0.000000 0.992023 0.000000 0.126059 0.787125 0.787125 0.787125
4980.361816 0.000000 2833.452881 0.000000 0.457914 0.000000 -0.888996 0.800000 0.800000 0.800000
4991.113281 0.000000 2817.236084 0.000000 0.959373 0.000000 -0.282141 0.800000 0.800000 0.800000
4977.091309 0.000000 2837.431396 0.000000 0.803141 0.000000 0.595790 0.800000 0.800000 0.800000
4991.348633 0.000000 2837.332031 0.000000 0.232650 0.000000 0.972560 0.800000 0.800000 0.800000
4978.357422 0.000000 2834.541748 0.000000 0.004545 0.000000 -0.999990 0.959537 0.959537 0.959537
4981.407227 0.000000 2843.354492 0.000000 0.984962 0.000000 0.172769 0.800000 0.800000 0.800000
4982.315430 0.000000 2832.722656 0.000000 0.655734 0.000000 0.754992 0.800000 0.800000 0.800000
4983.679199 0.000000 2843.816162 0.000000 0.600985 0.000000 -0.799261 0.800000 0.800000 0.800000
4967.835938 0.000000 2830.676270 0.000000 0.542136 0.000000 -0.840291 0.901637 0.901637 0.901637
4989.738281 0.000000 2836.068359 0.000000 0.539606 0.000000 -0.841918 0.800000 0.800000 0.800000
4986.745117 0.000000 2838.209717 0.000000 0.513475 0.000000 0.858105 0.800000 0.800000 0.800000
4980.835449 0.000000 2835.808838 0.000000 0.819091 0.000000 -0.573663 0.862233 0.862233 0.862233
4975.054199 0.000000 2843.533447 0.000000 0.245399 0.000000 -0.969422 0.934746 0.934746 0.934746
4983.670410 0.000000 2817.208496 0.000000 0.685461 0.000000 -0.728110 0.883072 0.883072 0.883072
4966.646484 0.000000 2830.228516 0.000000 0.781492 0.000000 0.623915 0.731373 0.731373 0.731373
4973.199707 0.000000 2845.354492 0.000000 0.764552 0.000000 -0.644562 0.871347 0.871347 0.871347
4984.748047 0.000000 2847.691162 0.000000 0.958663 0.000000 -0.284543 0.829389 0.829389 0.829389
4989.463379 0.000000 2838.744873 0.000000 0.852905 0.000000 0.522066 0.744052 0.744052 0.744052
4982.172852 0.000000 2816.721680 0.000000 0.872549 0.000000 0.488527 0.748011 0.748011 0.748011
4978.739258 0.000000 2835.721924 0.000000 0.176267 0.000000 -0.984342 0.941951 0.941951 0.941951
4975.463379 0.000000 2845.862549 0.000000 0.767918 0.000000 -0.640549 0.870814 0.870814 0.870814
4984.335449 0.000000 2816.097656 0.000000 0.616932 0.000000 0.787016 0.707720 0.707720 0.707720
4980.726562 0.000000 2834.587402 0.000000 0.095485 0.000000 0.995431 0.649741 0.649741 0.649741
4966.143066 0.000000 2831.448486 0.000000 0.325673 0.000000 0.945482 0.673789 0.673789 0.673789
4979.310059 0.000000 2834.081787 0.000000 0.702780 0.000000 0.711408 0.719379 0.719379 0.719379
4974.141113 0.000000 2843.011719 0.000000 0.997222 0.000000 0.074489 0.792406 0.792406 0.792406
4988.448242 0.000000 2839.631104 0.000000 0.757398 0.000000 0.652953 0.727530 0.727530 0.727530
4964.638672 0.000000 2831.474609 0.000000 0.391605 0.000000 0.920133 0.680986 0.680986 0.680986
4975.002930 0.000000 2844.711182 0.000000 0.928927 0.000000 -0.370262 0.838634 0.838634 0.838634
4985.379883 0.000000 2817.908447 0.000000 0.418340 0.000000 0.908291 0.683964 0.683964 0.683964
4981.750000 0.000000 2835.192139 0.000000 0.571769 0.000000 -0.820415 0.898002 0.898002 0.898002
4954.323242 0.000000 2865.666016 0.000000 0.910910 0.000000 0.412605 0.756678 0.756678 0.756678
4941.843750 0.000000 2859.939941 0.000000 0.869428 0.000000 0.494059 0.800000 0.800000 0.800000
4936.544922 0.000000 2870.044678 0.000000 0.013161 0.000000 0.999913 0.800000 0.800000 0.800000
4949.732422 0.000000 2866.201904 0.000000 0.815146 0.000000 -0.579256 0.800000 0.800000 0.800000
4953.397461 0.000000 2869.802979 0.000000 0.515428 0.000000 -0.856933 0.800000 0.800000 0.800000
4940.250000 0.000000 2856.074219 0.000000 0.687733 0.000000 0.725964 0.717246 0.717246 0.717246
4953.162598 0.000000 2848.856934 0.000000 0.918732 0.000000 -0.394881 0.800000 0.800000 0.800000
4941.865723 0.000000 2868.719238 0.000000 0.091993 0.000000 0.995760 0.800000 0.800000 0.800000
4935.398926 0.000000 2878.481201 0.000000 0.980803 0.000000 -0.194999 0.819991 0.819991 0.819991
4948.494629 0.000000 2869.132324 0.000000 0.797644 0.000000 -0.603129 0.800000 0.800000 0.800000
4943.378906 0.000000 2856.535889 0.000000 0.997712 0.000000 0.067602 0.793109 0.793109 0.793109
4939.484863 0.000000 2870.695068 0.000000 0.969455 0.000000 -0.245271 0.800000 0.800000 0.800000
4951.703125 0.000000 2879.002441 0.000000 0.349447 0.000000 -0.936956 0.800000 0.800000 0.800000
4944.231445 0.000000 2874.878662 0.000000 0.700894 0.000000 0.713265 0.800000 0.800000 0.800000
4952.240723 0.000000 2867.334961 0.000000 0.583830 0.000000 0.811876 0.703503 0.703503 0.703503
4939.578125 0.000000 2858.613770 0.000000 0.021072 0.000000 -0.999778 0.800000 0.800000 0.800000
4955.650391 0.000000 2849.134521 0.000000 0.502145 0.000000 0.864784 0.693586 0.693586 0.693586
4953.623535 0.000000 2851.584961 0.000000 0.630611 0.000000 -0.776100 0.800000 0.800000 0.800000
4950.832031 0.000000 2869.917725 0.000000 0.738230 0.000000 0.674549 0.800000 0.800000 0.800000
4942.919434 0.000000 2866.425293 0.000000 0.653106 0.000000 0.757266 0.800000 0.800000 0.800000
4937.628906 0.000000 2872.382568 0.000000 0.221014 0.000000 -0.975271 0.800000 0.800000 0.800000
4953.318848 0.000000 2863.447021 0.000000 0.737870 0.000000 0.674943 0.800000 0.800000 0.800000
4955.518555 0.000000 2868.823730 0.000000 0.186633 0.000000 0.982430 0.659122 0.659122 0.659122
4941.603516 0.000000 2857.754395 0.000000 0.296558 0.000000 0.955015 0.670668 0.670668 0.670668
4947.724609 0.000000 2867.055664 0.000000 0.452237 0.000000 0.891898 0.800000 0.800000 0.800000
4933.139648 0.000000 2878.875000 0.000000 0.956105 0.000000 0.293026 0.769708 0.769708 0.769708
4939.643066 0.000000 2868.648682 0.000000 0.714110 0.000000 -0.700034 0.800000 0.800000 0.800000
4950.207520 0.000000 2868.081299 0.000000 0.330381 0.000000 0.943848 0.800000 0.800000 0.800000
4941.335449 0.000000 2870.562012 0.000000 0.634753 0.000000 -0.772715 0.889953 0.889953 0.889953
4940.975586 0.000000 2867.061279 0.000000 0.141793 0.000000 0.989896 0.800000 0.800000 0.800000
4954.123535 0.000000 2867.565674 0.000000 0.467738 0.000000 -0.883867 0.910422 0.910422 0.910422
4943.729492 0.000000 2868.479248 0.000000 0.051827 0.000000 0.998656 0.645281 0.645281 0.645281
4939.870605 0.000000 2872.630127 0.000000 0.331273 0.000000 0.943535 0.800000 0.800000 0.800000
4955.062012 0.000000 2862.943848 0.000000 0.684509 0.000000 -0.729005 0.800000 0.800000 0.800000
4950.073730 0.000000 2878.197998 0.000000 0.989008 0.000000 0.147862 0.800000 0.800000 0.800000
4938.096680 0.000000 2869.395020 0.000000 0.635112 0.000000 0.772420 0.800000 0.800000 0.800000
4942.753906 0.000000 2874.092041 0.000000 0.589724 0.000000 -0.807605 0.800000 0.800000 0.800000
4954.376465 0.000000 2850.136230 0.000000 0.452267 0.000000 -0.891882 0.912197 0.912197 0.912197
4946.892578 0.000000 2868.878662 0.000000 0.699942 0.000000 0.714200 0.800000 0.800000 0.800000
4952.497559 0.000000 2850.423584 0.000000 0.372445 0.000000 -0.928054 0.800000 0.800000 0.800000
4953.196777 0.000000 2878.529053 0.000000 0.997973 0.000000 -0.063633 0.806486 0.806486 0.806486
4952.071777 0.000000 2868.897217 0.000000 0.639099 0.000000 -0.769125 0.800000 0.800000 0.800000
4937.908203 0.000000 2870.894043 0.000000 0.960169 0.000000 0.279419 0.800000 0.800000 0.800000
4946.357422 0.000000 2866.541748 0.000000 0.923175 0.000000 -0.384381 0.800000 0.800000 0.800000
4954.921387 0.000000 2864.373291 0.000000 0.994713 0.000000 0.102697 0.789521 0.789521 0.789521
4938.532227 0.000000 2859.669922 0.000000 0.907367 0.000000 0.420340 0.800000 0.800000 0.800000
4939.354492 0.000000 2857.208496 0.000000 0.174574 0.000000 -0.984644 0.942126 0.942126 0.942126
4955.739258 0.000000 2865.905029 0.000000 0.644186 0.000000 -0.764869 0.888703 0.888703 0.888703
4952.910156 0.000000 2865.944336 0.000000 0.568880 0.000000 0.822420 0.800000 0.800000 0.800000
4942.810547 0.000000 2869.815674 0.000000 0.890030 0.000000 -0.455901 0.848219 0.848219 0.848219
4954.546875 0.000000 2848.310791 0.000000 0.923778 0.000000 0.382929 0.759973 0.759973 0.759973
4955.451660 0.000000 2867.346436 0.000000 0.983591 0.000000 0.180412 0.781522 0.781522 0.781522
4955.796387 0.000000 2850.440674 0.000000 0.845556 0.000000 -0.533887 0.857366 0.857366 0.857366
4934.367676 0.000000 2879.286377 0.000000 0.597871 0.000000 0.801592 0.705276 0.705276 0.705276
4954.353027 0.000000 2869.057861 0.000000 0.849754 0.000000 0.527180 0.743440 0.743440 0.743440
4940.409668 0.000000 2857.769043 0.000000 0.048571 0.000000 -0.998820 0.955051 0.955051 0.955051
4941.011230 0.000000 2856.827881 0.000000 0.048867 0.000000 -0.998805 0.955021 0.955021 0.955021
4953.312988 0.000000 2866.892578 0.000000 0.999113 0.000000 0.042106 0.795710 0.795710 0.795710
4935.385742 0.000000 2879.638184 0.000000 0.932270 0.000000 0.361764 0.762296 0.762296 0.762296
4972.263672 0.000000 2851.783203 0.000000 0.853996 0.000000 -0.520279 0.855735 0.855735 0.855735
4960.082520 0.000000 2852.540039 0.000000 0.305825 0.000000 0.952088 0.800000 0.800000 0.800000
4961.204102 0.000000 2866.668457 0.000000 0.677025 0.000000 0.735960 0.715754 0.715754 0.715754
4972.028809 0.000000 2865.442139 0.000000 0.110715 0.000000 -0.993852 0.948699 0.948699 0.948699
4985.162598 0.000000 2848.856934 0.000000 0.489739 0.000000 0.871869 0.800000 0.800000 0.800000
4975.844238 0.000000 2864.104248 0.000000 0.162359 0.000000 -0.986732 0.943389 0.943389 0.943389
4964.062012 0.000000 2852.120361 0.000000 0.919829 0.000000 -0.392319 0.800000 0.800000 0.800000
4969.208008 0.000000 2863.121582 0.000000 0.982705 0.000000 -0.185180 0.800000 0.800000 0.800000
4961.764648 0.000000 2863.229736 0.000000 0.391015 0.000000 -0.920384 0.800000 0.800000 0.800000
4978.562500 0.000000 2851.029297 0.000000 0.988390 0.000000 -0.151939 0.815536 0.815536 0.815536
4980.494629 0.000000 2869.132324 0.000000 0.789615 0.000000 0.613603 0.800000 0.800000 0.800000
4973.245605 0.000000 2848.947510 0.000000 0.336648 0.000000 0.941630 0.800000 0.800000 0.800000
4972.563477 0.000000 2862.581787 0.000000 0.021899 0.000000 -0.999760 0.957769 0.957769 0.957769
4980.769531 0.000000 2852.682129 0.000000 0.447354 0.000000 0.894357 0.687243 0.687243 0.687243
4987.650391 0.000000 2849.134521 0.000000 0.577900 0.000000 -0.816108 0.897239 0.897239 0.897239
4974.919434 0.000000 2866.425293 0.000000 0.439175 0.000000 -0.898402 0.800000 0.800000 0.800000
4967.435547 0.000000 2861.242920 0.000000 0.753909 0.000000 0.656979 0.800000 0.800000 0.800000
4962.277344 0.000000 2853.824951 0.000000 0.398512 0.000000 -0.917163 0.918249 0.918249 0.918249
4978.436035 0.000000 2870.401123 0.000000 0.787455 0.000000 -0.616372 0.800000 0.800000 0.800000
4961.025391 0.000000 2850.308105 0.000000 0.479304 0.000000 -0.877649 0.800000 0.800000 0.800000
4970.662598 0.000000 2861.113281 0.000000 0.313803 0.000000 -0.949488 0.800000 0.800000 0.800000
4978.509766 0.000000 2848.299805 0.000000 0.185786 0.000000 -0.982590 0.800000 0.800000 0.800000
4960.028809 0.000000 2864.788818 0.000000 0.967485 0.000000 -0.252929 0.826046 0.826046 0.826046
4974.720215 0.000000 2862.146729 0.000000 0.038614 0.000000 -0.999254 0.800000 0.800000 0.800000
4976.650391 0.000000 2850.273926 0.000000 0.995554 0.000000 0.094192 0.790391 0.790391 0.790391
4973.791992 0.000000 2864.420166 0.000000 0.170950 0.000000 0.985280 0.657499 0.657499 0.657499
4980.492676 0.000000 2850.628906 0.000000 0.479385 0.000000 -0.877605 0.800000 0.800000 0.800000
4963.633789 0.000000 2863.782227 0.000000 0.819946 0.000000 -0.572441 0.800000 0.800000 0.800000
4962.145996 0.000000 2851.895508 0.000000 0.887415 0.000000 0.460971 0.751200 0.751200 0.751200
4971.083984 0.000000 2863.786377 0.000000 0.269883 0.000000 0.962893 0.667835 0.667835 0.667835
4974.166504 0.000000 2850.606445 0.000000 0.103510 0.000000 -0.994628 0.800000 0.800000 0.800000
4964.704590 0.000000 2850.037598 0.000000 0.809816 0.000000 0.586684 0.800000 0.800000 0.800000
4962.294922 0.000000 2865.083252 0.000000 0.185390 0.000000 0.982665 0.800000 0.800000 0.800000
4980.191895 0.000000 2870.934570 0.000000 0.993728 0.000000 -0.111823 0.800000 0.800000 0.800000
4960.004883 0.000000 2867.935791 0.000000 0.740597 0.000000 -0.671950 0.875054 0.875054 0.875054
4962.927246 0.000000 2866.993652 0.000000 0.102367 0.000000 0.994747 0.650445 0.650445 0.650445
4963.822754 0.000000 2862.171875 0.000000 0.970906 0.000000 -0.239461 0.800000 0.800000 0.800000
4972.138184 0.000000 2850.131348 0.000000 0.208096 0.000000 -0.978108 0.938647 0.938647 0.938647
4964.737305 0.000000 2853.629395 0.000000 0.414668 0.000000 0.909973 0.800000 0.800000 0.800000
4978.892578 0.000000 2868.878662 0.000000 0.997336 0.000000 -0.072947 0.800000 0.800000 0.800000
4963.110840 0.000000 2850.621338 0.000000 0.567518 0.000000 0.823361 0.701471 0.701471 0.701471
4981.934570 0.000000 2851.570801 0.000000 0.699962 0.000000 0.714180 0.800000 0.800000 0.800000
4979.023438 0.000000 2852.612061 0.000000 0.316368 0.000000 0.948637 0.800000 0.800000 0.800000
4968.959473 0.000000 2861.562500 0.000000 0.341680 0.000000 0.939816 0.675519 0.675519 0.675519
4974.894531 0.000000 2849.264160 0.000000 0.806110 0.000000 0.591765 0.800000 0.800000 0.800000
4979.326660 0.000000 2849.689453 0.000000 0.429337 0.000000 -0.903144 0.800000 0.800000 0.800000
4970.563965 0.000000 2865.469971 0.000000 0.954906 0.000000 -0.296908 0.800000 0.800000 0.800000
4978.957031 0.000000 2871.748535 0.000000 0.999032 0.000000 0.043992 0.800000 0.800000 0.800000
4960.883789 0.000000 2853.877930 0.000000 0.669688 0.000000 -0.742642 0.800000 0.800000 0.800000
4981.469238 0.000000 2870.285645 0.000000 0.837880 0.000000 0.545855 0.800000 0.800000 0.800000
4973.372559 0.000000 2865.734375 0.000000 0.991352 0.000000 -0.131232 0.813406 0.813406 0.813406
4986.546875 0.000000 2848.310791 0.000000 0.989135 0.000000 -0.147011 0.815029 0.815029 0.815029
4970.486328 0.000000 2862.545654 0.000000 0.990709 0.000000 -0.136001 0.813896 0.813896 0.813896
4972.396973 0.000000 2864.072266 0.000000 0.535177 0.000000 -0.844740 0.902478 0.902478 0.902478
4973.787109 0.000000 2863.050293 0.000000 0.999047 0.000000 -0.043640 0.804447 0.804447 0.804447
4974.968750 0.000000 2865.061523 0.000000 0.793710 0.000000 0.608296 0.733393 0.733393 0.733393
4979.900879 0.000000 2851.723389 0.000000 0.656140 0.000000 -0.754639 0.887100 0.887100 0.887100
4961.259277 0.000000 2864.361816 0.000000 0.093911 0.000000 -0.995581 0.950420 0.950420 0.950420
4961.345215 0.000000 2867.899170 0.000000 0.949120 0.000000 -0.314914 0.832632 0.832632 0.832632
4968.173340 0.000000 2860.257080 0.000000 0.995175 0.000000 -0.098119 0.810010 0.810010 0.810010
4969.652344 0.000000 2860.473633 0.000000 0.992555 0.000000 -0.121796 0.812437 0.812437 0.812437
4960.060059 0.000000 2866.225586 0.000000 0.963171 0.000000 0.268888 0.772270 0.772270 0.772270
4975.919434 0.000000 2865.617432 0.000000 0.391329 0.000000 0.920251 0.680955 0.680955 0.680955
4864.155762 0.000000 2891.875977 0.000000 0.999101 0.000000 -0.042390 0.800000 0.800000 0.800000
4885.732422 0.000000 2898.201904 0.000000 0.749939 0.000000 -0.661507 0.873626 0.873626 0.873626
4866.336914 0.000000 2888.425049 0.000000 0.751253 0.000000 -0.660015 0.873424 0.873424 0.873424
4873.208008 0.000000 2895.121582 0.000000 0.967656 0.000000 -0.252274 0.800000 0.800000 0.800000
4869.130859 0.000000 2890.842529 0.000000 0.906065 0.000000 0.423138 0.800000 0.800000 0.800000
4884.494629 0.000000 2901.132324 0.000000 0.741018 0.000000 0.671485 0.800000 0.800000 0.800000
4873.434570 0.000000 2886.829834 0.000000 0.245825 0.000000 0.969314 0.800000 0.800000 0.800000
4867.005859 0.000000 2892.672852 0.000000 0.461750 0.000000 0.887010 0.800000 0.800000 0.800000
4886.832031 0.000000 2901.917725 0.000000 0.968565 0.000000 0.248761 0.774393 0.774393 0.774393
4871.435547 0.000000 2893.242920 0.000000 0.782602 0.000000 0.622523 0.731555 0.731555 0.731555
4864.325195 0.000000 2887.180420 0.000000 0.171758 0.000000 0.985139 0.800000 0.800000 0.800000
4864.261719 0.000000 2889.458252 0.000000 0.111095 0.000000 0.993810 0.651339 0.651339 0.651339
4887.750977 0.000000 2897.126953 0.000000 0.322382 0.000000 -0.946610 0.800000 0.800000 0.800000
4885.036621 0.000000 2896.032227 0.000000 0.967989 0.000000 0.250994 0.800000 0.800000 0.800000
4875.557129 0.000000 2885.922363 0.000000 0.999716 0.000000 -0.023825 0.802427 0.802427 0.802427
4866.225586 0.000000 2890.607422 0.000000 0.840133 0.000000 -0.542381 0.858393 0.858393 0.858393
4886.207520 0.000000 2900.081299 0.000000 0.825625 0.000000 -0.564219 0.861063 0.861063 0.861063
4873.917480 0.000000 2884.967041 0.000000 0.244106 0.000000 0.969749 0.665118 0.665118 0.665118
4869.654297 0.000000 2892.635742 0.000000 0.782985 0.000000 -0.622041 0.800000 0.800000 0.800000
4871.079590 0.000000 2891.499023 0.000000 0.346769 0.000000 -0.937951 0.800000 0.800000 0.800000
4877.895508 0.000000 2884.516357 0.000000 0.100854 0.000000 0.994901 0.800000 0.800000 0.800000
4867.722656 0.000000 2889.774902 0.000000 0.462933 0.000000 0.886393 0.689025 0.689025 0.689025
4877.904297 0.000000 2887.838867 0.000000 0.277009 0.000000 0.960867 0.800000 0.800000 0.800000
4884.361816 0.000000 2897.452881 0.000000 0.246755 0.000000 -0.969078 0.800000 0.800000 0.800000
4874.641602 0.000000 2887.788330 0.000000 0.724165 0.000000 0.689627 0.722488 0.722488 0.722488
4867.596680 0.000000 2891.260742 0.000000 0.911424 0.000000 0.411469 0.756805 0.756805 0.756805
4886.315430 0.000000 2896.722656 0.000000 0.862803 0.000000 0.505540 0.800000 0.800000 0.800000
4871.835938 0.000000 2894.676270 0.000000 0.216042 0.000000 0.976384 0.662181 0.662181 0.662181
4865.761230 0.000000 2887.131836 0.000000 0.467637 0.000000 -0.883920 0.800000 0.800000 0.800000
4884.835449 0.000000 2899.808838 0.000000 0.408845 0.000000 -0.912604 0.917098 0.917098 0.917098
4886.931152 0.000000 2898.842529 0.000000 0.683111 0.000000 -0.730314 0.883400 0.883400 0.883400
4865.032715 0.000000 2888.412842 0.000000 0.497037 0.000000 -0.867729 0.907015 0.907015 0.907015
4865.638672 0.000000 2889.505859 0.000000 0.790702 0.000000 -0.612202 0.867109 0.867109 0.867109
4874.381348 0.000000 2886.115723 0.000000 0.981481 0.000000 -0.191560 0.819633 0.819633 0.819633
4875.381348 0.000000 2884.752441 0.000000 0.979501 0.000000 0.201438 0.779340 0.779340 0.779340
4875.533203 0.000000 2887.116943 0.000000 0.159511 0.000000 0.987196 0.656317 0.656317 0.656317
4884.726562 0.000000 2898.587402 0.000000 0.863156 0.000000 -0.504937 0.853915 0.853915 0.853915
4887.870117 0.000000 2898.181396 0.000000 0.986414 0.000000 -0.164280 0.816810 0.816810 0.816810
4885.750000 0.000000 2899.192139 0.000000 0.856553 0.000000 0.516059 0.744768 0.744768 0.744768
4901.415527 0.000000 2894.626709 0.000000 0.340189 0.000000 -0.940357 0.924643 0.924643 0.924643
4909.843750 0.000000 2891.939941 0.000000 0.915450 0.000000 -0.402433 0.842187 0.842187 0.842187
4897.764648 0.000000 2895.229736 0.000000 0.159019 0.000000 0.987276 0.800000 0.800000 0.800000
4900.081543 0.000000 2897.710693 0.000000 0.999513 0.000000 0.031219 0.800000 0.800000 0.800000
4899.005859 0.000000 2892.672852 0.000000 0.206948 0.000000 0.978352 0.800000 0.800000 0.800000
4907.578125 0.000000 2890.613770 0.000000 0.573440 0.000000 -0.819248 0.897795 0.897795 0.897795
4906.662598 0.000000 2893.113281 0.000000 0.938469 0.000000 -0.345364 0.835918 0.835918 0.835918
4899.633789 0.000000 2895.782227 0.000000 0.494204 0.000000 -0.869346 0.907347 0.907347 0.907347
4907.083984 0.000000 2895.786377 0.000000 0.801824 0.000000 -0.597560 0.800000 0.800000 0.800000
4896.115234 0.000000 2893.962158 0.000000 0.404525 0.000000 0.914527 0.800000 0.800000 0.800000
4898.294922 0.000000 2897.083252 0.000000 0.298730 0.000000 -0.954338 0.800000 0.800000 0.800000
4901.654297 0.000000 2892.635742 0.000000 0.613877 0.000000 -0.789402 0.800000 0.800000 0.800000
4901.330566 0.000000 2896.375732 0.000000 0.665133 0.000000 -0.746725 0.800000 0.800000 0.800000
4908.354980 0.000000 2892.842285 0.000000 0.683479 0.000000 0.729970 0.800000 0.800000 0.800000
4899.822754 0.000000 2894.171875 0.000000 0.824590 0.000000 -0.565730 0.861250 0.861250 0.861250
4897.540527 0.000000 2893.268799 0.000000 0.996212 0.000000 -0.086961 0.800000 0.800000 0.800000
4906.532227 0.000000 2891.669922 0.000000 0.923451 0.000000 -0.383715 0.840114 0.840114 0.840114
4906.082031 0.000000 2890.364990 0.000000 0.937975 0.000000 -0.346702 0.836064 0.836064 0.836064
4908.575195 0.000000 2891.492920 0.000000 0.952311 0.000000 -0.305129 0.831584 0.831584 0.831584
4898.471680 0.000000 2894.085205 0.000000 0.117648 0.000000 0.993055 0.652011 0.652011 0.652011
4907.518555 0.000000 2893.961670 0.000000 0.305145 0.000000 0.952306 0.671586 0.671586 0.671586
4907.599609 0.000000 2891.942139 0.000000 0.082014 0.000000 0.996631 0.648363 0.648363 0.648363
4898.784668 0.000000 2895.055420 0.000000 0.885233 0.000000 -0.465148 0.849280 0.849280 0.849280
4940.263672 0.000000 2883.783203 0.000000 0.967639 0.000000 -0.252339 0.800000 0.800000 0.800000
4934.333008 0.000000 2880.647461 0.000000 0.879919 0.000000 0.475123 0.800000 0.800000 0.800000
4944.116699 0.000000 2880.205811 0.000000 0.318313 0.000000 -0.947986 0.800000 0.800000 0.800000
4953.162598 0.000000 2880.856934 0.000000 0.878489 0.000000 0.477763 0.800000 0.800000 0.800000
4950.982422 0.000000 2894.966064 0.000000 0.036359 0.000000 0.999339 0.800000 0.800000 0.800000
4946.562500 0.000000 2883.029297 0.000000 0.746163 0.000000 -0.665764 0.874206 0.874206 0.874206
4943.524902 0.000000 2884.001709 0.000000 0.718009 0.000000 -0.696033 0.800000 0.800000 0.800000
4951.791016 0.000000 2892.426270 0.000000 0.909758 0.000000 0.415138 0.800000 0.800000 0.800000
4953.318848 0.000000 2895.447021 0.000000 0.599896 0.000000 -0.800078 0.894467 0.894467 0.894467
4946.509766 0.000000 2880.299805 0.000000 0.969088 0.000000 -0.246716 0.800000 0.800000 0.800000
4944.650391 0.000000 2882.273926 0.000000 0.887142 0.000000 -0.461496 0.848860 0.848860 0.848860
4951.167480 0.000000 2880.006104 0.000000 0.598501 0.000000 0.801122 0.705356 0.705356 0.705356
4948.492676 0.000000 2882.628906 0.000000 0.612444 0.000000 0.790514 0.800000 0.800000 0.800000
4942.166504 0.000000 2882.606445 0.000000 0.717672 0.000000 0.696381 0.721534 0.721534 0.721534
4941.895508 0.000000 2884.516357 0.000000 0.479138 0.000000 -0.877740 0.800000 0.800000 0.800000
4952.723633 0.000000 2893.872314 0.000000 0.948378 0.000000 0.317143 0.767128 0.767128 0.767128
4940.138184 0.000000 2882.131348 0.000000 0.078670 0.000000 -0.996901 0.800000 0.800000 0.800000
4949.934570 0.000000 2883.570801 0.000000 0.919530 0.000000 0.393020 0.800000 0.800000 0.800000
4942.894531 0.000000 2881.264160 0.000000 0.245617 0.000000 -0.969367 0.800000 0.800000 0.800000
4935.791016 0.000000 2880.097900 0.000000 0.032766 0.000000 -0.999463 0.800000 0.800000 0.800000
4947.326660 0.000000 2881.689453 0.000000 0.347296 0.000000 0.937756 0.800000 0.800000 0.800000
4952.029297 0.000000 2895.808350 0.000000 0.999030 0.000000 -0.044042 0.804488 0.804488 0.804488
4951.670410 0.000000 2881.208496 0.000000 0.882368 0.000000 0.470560 0.750097 0.750097 0.750097
4947.900879 0.000000 2883.723389 0.000000 0.238203 0.000000 -0.971215 0.935501 0.935501 0.935501
4943.434570 0.000000 2882.596191 0.000000 0.460848 0.000000 0.887479 0.688785 0.688785 0.688785
4944.936035 0.000000 2883.445801 0.000000 0.179302 0.000000 -0.983794 0.941637 0.941637 0.941637
4942.518555 0.000000 2883.654053 0.000000 0.059474 0.000000 -0.998230 0.953938 0.953938 0.953938
4945.604492 0.000000 2882.648193 0.000000 0.848082 0.000000 -0.529865 0.856882 0.856882 0.856882
5009.537598 0.000000 2835.930664 0.000000 0.441580 0.000000 0.897222 0.686586 0.686586 0.686586
4992.554199 0.000000 2840.431396 0.000000 0.160044 0.000000 -0.987110 0.943628 0.943628 0.943628
5020.178223 0.000000 2819.823975 0.000000 0.571953 0.000000 -0.820287 0.897980 0.897980 0.897980
4998.346191 0.000000 2823.327637 0.000000 0.888847 0.000000 -0.458204 0.800000 0.800000 0.800000
4993.204102 0.000000 2834.668457 0.000000 0.972914 0.000000 0.231167 0.800000 0.800000 0.800000
5023.539551 0.000000 2846.021240 0.000000 0.801116 0.000000 -0.598509 0.865357 0.865357 0.865357
4992.155762 0.000000 2827.875977 0.000000 0.505572 0.000000 -0.862784 0.800000 0.800000 0.800000
5018.406738 0.000000 2847.556152 0.000000 0.466090 0.000000 -0.884737 0.800000 0.800000 0.800000
5015.378418 0.000000 2820.744873 0.000000 0.485190 0.000000 -0.874409 0.800000 0.800000 0.800000
4999.854980 0.000000 2842.123535 0.000000 0.525816 0.000000 -0.850598 0.800000 0.800000 0.800000
5017.162598 0.000000 2816.856934 0.000000 0.757488 0.000000 -0.652849 0.800000 0.800000 0.800000
4994.336914 0.000000 2824.425049 0.000000 0.872872 0.000000 0.487950 0.748078 0.748078 0.748078
4996.062012 0.000000 2820.120361 0.000000 0.017133 0.000000 0.999853 0.641745 0.641745 0.641745
5000.367188 0.000000 2819.822510 0.000000 0.690539 0.000000 0.723296 0.800000 0.800000 0.800000
4995.740234 0.000000 2841.515137 0.000000 0.001068 0.000000 0.999999 0.800000 0.800000 0.800000
5010.562500 0.000000 2819.029297 0.000000 0.575941 0.000000 -0.817491 0.800000 0.800000 0.800000
4999.398926 0.000000 2846.481201 0.000000 0.999283 0.000000 -0.037859 0.800000 0.800000 0.800000
5020.450684 0.000000 2845.061768 0.000000 0.972689 0.000000 -0.232112 0.800000 0.800000 0.800000
4996.081543 0.000000 2833.710693 0.000000 0.580883 0.000000 -0.813987 0.800000 0.800000 0.800000
5001.434570 0.000000 2822.829834 0.000000 0.921160 0.000000 0.389185 0.759282 0.759282 0.759282
5017.304199 0.000000 2844.176025 0.000000 0.221267 0.000000 -0.975213 0.800000 0.800000 0.800000
5016.642090 0.000000 2840.653564 0.000000 0.970059 0.000000 -0.242867 0.800000 0.800000 0.800000
5008.020020 0.000000 2838.546631 0.000000 0.999955 0.000000 0.009487 0.799034 0.799034 0.799034
5012.769531 0.000000 2820.682129 0.000000 0.450533 0.000000 0.892760 0.687605 0.687605 0.687605
5019.650391 0.000000 2817.134521 0.000000 0.946663 0.000000 -0.322225 0.800000 0.800000 0.800000
5017.623535 0.000000 2819.584961 0.000000 0.942306 0.000000 -0.334754 0.834769 0.834769 0.834769
4999.332031 0.000000 2825.655518 0.000000 0.933487 0.000000 -0.358611 0.800000 0.800000 0.800000
5014.871094 0.000000 2818.226807 0.000000 0.447993 0.000000 0.894037 0.800000 0.800000 0.800000
4994.277344 0.000000 2821.824951 0.000000 0.699867 0.000000 -0.714273 0.800000 0.800000 0.800000
4998.773926 0.000000 2844.194336 0.000000 0.991676 0.000000 0.128759 0.786848 0.786848 0.786848
4998.252930 0.000000 2820.941162 0.000000 0.448033 0.000000 -0.894017 0.912680 0.912680 0.912680
5001.793945 0.000000 2825.081787 0.000000 0.695619 0.000000 -0.718411 0.881642 0.881642 0.881642
5021.576172 0.000000 2847.152344 0.000000 0.169351 0.000000 -0.985556 0.800000 0.800000 0.800000
4992.028809 0.000000 2832.788818 0.000000 0.663454 0.000000 0.748217 0.800000 0.800000 0.800000
4996.117676 0.000000 2823.164795 0.000000 0.334827 0.000000 0.942280 0.674777 0.674777 0.674777
5003.557129 0.000000 2821.922363 0.000000 0.983398 0.000000 -0.181461 0.800000 0.800000 0.800000
5001.177734 0.000000 2843.820068 0.000000 0.570846 0.000000 -0.821057 0.800000 0.800000 0.800000
4994.142578 0.000000 2838.898682 0.000000 0.661341 0.000000 -0.750085 0.800000 0.800000 0.800000
4998.559082 0.000000 2818.764648 0.000000 0.107494 0.000000 -0.994206 0.800000 0.800000 0.800000
4997.709473 0.000000 2842.366455 0.000000 0.986630 0.000000 -0.162977 0.816675 0.816675 0.816675
5011.724609 0.000000 2835.055664 0.000000 0.435588 0.000000 -0.900146 0.914093 0.914093 0.914093
5019.449219 0.000000 2821.934570 0.000000 0.996733 0.000000 -0.080766 0.808236 0.808236 0.808236
4996.347656 0.000000 2835.973389 0.000000 0.292241 0.000000 0.956345 0.670208 0.670208 0.670208
5012.492676 0.000000 2818.628906 0.000000 0.983917 0.000000 0.178625 0.781707 0.781707 0.781707
5002.798828 0.000000 2847.410156 0.000000 0.960134 0.000000 0.279540 0.800000 0.800000 0.800000
4992.115234 0.000000 2829.962158 0.000000 0.958227 0.000000 -0.286007 0.829545 0.829545 0.829545
5001.917480 0.000000 2820.967041 0.000000 0.234521 0.000000 -0.972111 0.935887 0.935887 0.935887
4994.294922 0.000000 2833.083252 0.000000 0.561639 0.000000 -0.827382 0.899255 0.899255 0.899255
5022.257324 0.000000 2844.641602 0.000000 0.118487 0.000000 -0.992956 0.800000 0.800000 0.800000
5021.178223 0.000000 2818.146973 0.000000 0.910096 0.000000 -0.414398 0.843522 0.843522 0.843522
5018.509277 0.000000 2845.638428 0.000000 0.699585 0.000000 -0.714549 0.881078 0.881078 0.881078
4995.270996 0.000000 2843.270264 0.000000 0.144728 0.000000 -0.989472 0.800000 0.800000 0.800000
5000.558105 0.000000 2847.885986 0.000000 0.883775 0.000000 0.467912 0.750402 0.750402 0.750402
4999.676270 0.000000 2822.117432 0.000000 0.980343 0.000000 0.197302 0.800000 0.800000 0.800000
4993.845215 0.000000 2841.649414 0.000000 0.127843 0.000000 -0.991794 0.946942 0.946942 0.946942
5017.143555 0.000000 2821.324707 0.000000 0.104415 0.000000 -0.994534 0.949345 0.949345 0.949345
4999.988770 0.000000 2823.927002 0.000000 0.824886 0.000000 -0.565299 0.800000 0.800000 0.800000
4997.330566 0.000000 2832.375732 0.000000 0.999993 0.000000 0.003709 0.800000 0.800000 0.800000
4992.004883 0.000000 2835.935791 0.000000 0.583385 0.000000 -0.812195 0.800000 0.800000 0.800000
5001.528320 0.000000 2842.108643 0.000000 0.121303 0.000000 -0.992616 0.800000 0.800000 0.800000
4995.722656 0.000000 2825.774902 0.000000 0.584464 0.000000 -0.811419 0.896418 0.896418 0.896418
5014.077148 0.000000 2821.829590 0.000000 0.072657 0.000000 -0.997357 0.800000 0.800000 0.800000
4994.927246 0.000000 2834.993652 0.000000 0.587679 0.000000 -0.809094 0.896013 0.896013 0.896013
5015.334961 0.000000 2839.612305 0.000000 0.653937 0.000000 -0.756549 0.887397 0.887397 0.887397
5000.767090 0.000000 2845.485840 0.000000 0.307515 0.000000 -0.951543 0.928161 0.928161 0.928161
5019.964844 0.000000 2846.674805 0.000000 0.991033 0.000000 0.133619 0.800000 0.800000 0.800000
4997.578125 0.000000 2834.815186 0.000000 0.760855 0.000000 0.648922 0.728070 0.728070 0.728070
5018.376465 0.000000 2818.136230 0.000000 0.484087 0.000000 0.875020 0.691472 0.691472 0.691472
4996.737305 0.000000 2821.629395 0.000000 0.667893 0.000000 -0.744257 0.885503 0.885503 0.885503
5021.770508 0.000000 2820.048828 0.000000 0.001714 0.000000 0.999999 0.640175 0.640175 0.640175
5010.892578 0.000000 2836.878662 0.000000 0.901021 0.000000 0.433775 0.800000 0.800000 0.800000
5016.497559 0.000000 2818.423584 0.000000 0.291119 0.000000 -0.956687 0.929911 0.929911 0.929911
5013.934570 0.000000 2819.570801 0.000000 0.944064 0.000000 -0.329763 0.834230 0.834230 0.834230
4993.540527 0.000000 2829.268799 0.000000 0.218347 0.000000 -0.975871 0.937579 0.937579 0.937579
5011.023438 0.000000 2820.612061 0.000000 0.474558 0.000000 0.880224 0.800000 0.800000 0.800000
4998.028809 0.000000 2845.604980 0.000000 0.137011 0.000000 0.990570 0.654000 0.654000 0.654000
5017.196777 0.000000 2846.529053 0.000000 0.086982 0.000000 0.996210 0.800000 0.800000 0.800000
5002.641602 0.000000 2823.788330 0.000000 0.999644 0.000000 0.026698 0.800000 0.800000 0.800000
5009.091309 0.000000 2837.431396 0.000000 0.758595 0.000000 -0.651563 0.872284 0.872284 0.872284
5023.603027 0.000000 2847.537109 0.000000 0.223452 0.000000 -0.974715 0.937046 0.937046 0.937046
5017.779297 0.000000 2841.736328 0.000000 0.044472 0.000000 -0.999011 0.800000 0.800000 0.800000
4994.620605 0.000000 2840.326416 0.000000 0.714350 0.000000 -0.699788 0.800000 0.800000 0.800000
5009.191406 0.000000 2839.458984 0.000000 0.492111 0.000000 -0.870533 0.907592 0.907592 0.907592
5010.357422 0.000000 2834.541748 0.000000 0.343482 0.000000 -0.939159 0.924286 0.924286 0.924286
5017.465820 0.000000 2839.266846 0.000000 0.180703 0.000000 -0.983538 0.941492 0.941492 0.941492
5001.497559 0.000000 2846.781494 0.000000 0.032521 0.000000 -0.999471 0.956687 0.956687 0.956687
5018.816895 0.000000 2820.487061 0.000000 0.097641 0.000000 -0.995222 0.950038 0.950038 0.950038
4992.016113 0.000000 2839.053955 0.000000 0.852024 0.000000 0.523503 0.743880 0.743880 0.743880
5008.202637 0.000000 2835.116699 0.000000 0.809308 0.000000 -0.587385 0.863950 0.863950 0.863950
5020.769531 0.000000 2821.133789 0.000000 0.751431 0.000000 -0.659811 0.873396 0.873396 0.873396
5000.696289 0.000000 2825.940674 0.000000 0.427223 0.000000 0.904146 0.684963 0.684963 0.684963
5016.114258 0.000000 2838.451904 0.000000 0.292912 0.000000 -0.956139 0.929720 0.929720 0.929720
5000.614258 0.000000 2821.144775 0.000000 0.494931 0.000000 0.868932 0.692738 0.692738 0.692738
5019.796387 0.000000 2818.440674 0.000000 0.476176 0.000000 -0.879350 0.909447 0.909447 0.909447
4995.919434 0.000000 2824.485107 0.000000 0.834978 0.000000 -0.550283 0.859354 0.859354 0.859354
4997.899414 0.000000 2822.165039 0.000000 0.986327 0.000000 -0.164800 0.816863 0.816863 0.816863
5016.590820 0.000000 2820.245117 0.000000 0.988476 0.000000 0.151378 0.784521 0.784521 0.784521
5018.244629 0.000000 2821.833008 0.000000 0.662617 0.000000 0.748959 0.713777 0.713777 0.713777
5018.880859 0.000000 2819.221680 0.000000 0.866738 0.000000 -0.498764 0.853188 0.853188 0.853188
4997.238770 0.000000 2823.684326 0.000000 0.881434 0.000000 -0.472307 0.850105 0.850105 0.850105
5022.655762 0.000000 2846.851562 0.000000 0.322559 0.000000 0.946550 0.673454 0.673454 0.673454
5014.396973 0.000000 2838.999512 0.000000 0.986302 0.000000 -0.164951 0.816879 0.816879 0.816879
4996.425781 0.000000 2834.773682 0.000000 0.267516 0.000000 0.963553 0.667585 0.667585 0.667585
4995.355957 0.000000 2832.875732 0.000000 0.826012 0.000000 -0.563652 0.860993 0.860993 0.860993
4997.468750 0.000000 2835.907471 0.000000 0.991614 0.000000 0.129238 0.786799 0.786799 0.786799
4994.520996 0.000000 2832.034668 0.000000 0.849327 0.000000 0.527867 0.743357 0.743357 0.743357
4997.125977 0.000000 2820.578369 0.000000 0.433709 0.000000 -0.901053 0.914305 0.914305 0.914305
4995.014648 0.000000 2833.877197 0.000000 0.995899 0.000000 -0.090471 0.809228 0.809228 0.809228
4999.298340 0.000000 2821.118164 0.000000 0.842530 0.000000 0.538649 0.742059 0.742059 0.742059
5000.348633 0.000000 2822.935303 0.000000 0.513971 0.000000 -0.857808 0.905016 0.905016 0.905016
4995.313477 0.000000 2835.947998 0.000000 0.539427 0.000000 0.842032 0.698035 0.698035 0.698035
5019.714355 0.000000 2820.912109 0.000000 0.035084 0.000000 -0.999384 0.956426 0.956426 0.956426
5037.880859 0.000000 2840.671875 0.000000 0.907221 0.000000 0.420654 0.800000 0.800000 0.800000
5024.671875 0.000000 2846.357910 0.000000 0.887764 0.000000 -0.460298 0.848722 0.848722 0.848722
5031.165527 0.000000 2834.219238 0.000000 0.007179 0.000000 -0.999974 0.800000 0.800000 0.800000
5037.865723 0.000000 2836.719238 0.000000 0.071974 0.000000 -0.997407 0.800000 0.800000 0.800000
5035.484863 0.000000 2838.695068 0.000000 0.899683 0.000000 0.436544 0.800000 0.800000 0.800000
5033.952637 0.000000 2835.477539 0.000000 0.863169 0.000000 -0.504914 0.853912 0.853912 0.853912
5040.231445 0.000000 2842.878662 0.000000 0.758155 0.000000 0.652074 0.727648 0.727648 0.727648
5027.061523 0.000000 2846.539795 0.000000 0.980806 0.000000 0.194985 0.800000 0.800000 0.800000
5031.046387 0.000000 2832.044922 0.000000 0.337413 0.000000 -0.941357 0.924943 0.924943 0.924943
5033.145508 0.000000 2833.366455 0.000000 0.809177 0.000000 0.587565 0.800000 0.800000 0.800000
5035.643066 0.000000 2836.648682 0.000000 0.143846 0.000000 -0.989600 0.945297 0.945297 0.945297
5037.203125 0.000000 2842.517822 0.000000 0.597835 0.000000 -0.801619 0.800000 0.800000 0.800000
5032.087402 0.000000 2835.890625 0.000000 0.942173 0.000000 -0.335127 0.834809 0.834809 0.834809
5037.335449 0.000000 2838.562012 0.000000 0.545963 0.000000 -0.837809 0.901172 0.901172 0.901172
5034.096680 0.000000 2837.395020 0.000000 0.648766 0.000000 -0.760988 0.888091 0.888091 0.888091
5025.921387 0.000000 2847.779297 0.000000 0.918189 0.000000 -0.396143 0.841488 0.841488 0.841488
5038.753906 0.000000 2842.092041 0.000000 0.884630 0.000000 0.466294 0.750588 0.750588 0.750588
5024.507812 0.000000 2844.714355 0.000000 0.944685 0.000000 -0.327980 0.800000 0.800000 0.800000
5035.397949 0.000000 2834.927979 0.000000 0.165729 0.000000 -0.986171 0.800000 0.800000 0.800000
5038.604980 0.000000 2839.373779 0.000000 0.986928 0.000000 0.161164 0.800000 0.800000 0.800000
5041.061035 0.000000 2843.989990 0.000000 0.996180 0.000000 -0.087329 0.808907 0.808907 0.808907
5032.728027 0.000000 2834.652588 0.000000 0.498062 0.000000 -0.867141 0.906894 0.906894 0.906894
5039.054199 0.000000 2843.533447 0.000000 0.863181 0.000000 0.504894 0.746090 0.746090 0.746090
5030.367676 0.000000 2833.197266 0.000000 0.002014 0.000000 -0.999998 0.959795 0.959795 0.959795
5036.877930 0.000000 2839.821777 0.000000 0.994815 0.000000 0.101698 0.789623 0.789623 0.789623
5024.025879 0.000000 2847.399658 0.000000 0.996187 0.000000 0.087243 0.791102 0.791102 0.791102
5033.800293 0.000000 2834.327148 0.000000 0.955572 0.000000 0.294757 0.769524 0.769524 0.769524
5025.792480 0.000000 2846.077881 0.000000 0.984827 0.000000 0.173542 0.782233 0.782233 0.782233
5039.092285 0.000000 2841.016113 0.000000 0.909557 0.000000 0.415579 0.756345 0.756345 0.756345
5041.781738 0.000000 2842.156982 0.000000 0.438166 0.000000 0.898894 0.686199 0.686199 0.686199
5039.773438 0.000000 2841.833740 0.000000 0.981706 0.000000 -0.190404 0.819513 0.819513 0.819513
5034.607422 0.000000 2836.354004 0.000000 0.176046 0.000000 -0.984382 0.941974 0.941974 0.941974
5035.118652 0.000000 2837.644043 0.000000 0.826466 0.000000 -0.562987 0.860911 0.860911 0.860911
5038.141113 0.000000 2843.011719 0.000000 0.909760 0.000000 0.415134 0.756395 0.756395 0.756395
5005.880859 0.000000 2872.671875 0.000000 0.995447 0.000000 0.095321 0.790276 0.790276 0.790276
5020.482422 0.000000 2856.834229 0.000000 0.443817 0.000000 0.896118 0.800000 0.800000 0.800000
4999.854980 0.000000 2874.123535 0.000000 0.861284 0.000000 0.508124 0.800000 0.800000 0.800000
4999.165527 0.000000 2866.219238 0.000000 0.910736 0.000000 -0.412989 0.800000 0.800000 0.800000
5002.342773 0.000000 2848.170410 0.000000 0.994884 0.000000 0.101022 0.800000 0.800000 0.800000
5003.484863 0.000000 2870.695068 0.000000 0.355197 0.000000 0.934792 0.676988 0.676988 0.676988
4996.081543 0.000000 2865.710693 0.000000 0.939581 0.000000 0.342326 0.800000 0.800000 0.800000
5020.780273 0.000000 2859.672607 0.000000 0.934992 0.000000 -0.354669 0.836930 0.836930 0.836930
4998.037598 0.000000 2872.051270 0.000000 0.819679 0.000000 -0.572823 0.800000 0.800000 0.800000
5018.168945 0.000000 2858.525146 0.000000 0.814342 0.000000 0.580385 0.800000 0.800000 0.800000
5023.065430 0.000000 2858.366455 0.000000 0.413221 0.000000 0.910631 0.683391 0.683391 0.683391
5000.483398 0.000000 2849.546875 0.000000 0.491232 0.000000 0.871029 0.800000 0.800000 0.800000
4992.028809 0.000000 2864.788818 0.000000 0.826175 0.000000 -0.563414 0.860964 0.860964 0.860964
4997.709473 0.000000 2874.366455 0.000000 0.030421 0.000000 0.999537 0.643099 0.643099 0.643099
5003.643066 0.000000 2868.648682 0.000000 0.584779 0.000000 -0.811193 0.800000 0.800000 0.800000
4996.347656 0.000000 2867.973389 0.000000 0.992372 0.000000 -0.123278 0.812589 0.812589 0.812589
4994.294922 0.000000 2865.083252 0.000000 0.979053 0.000000 0.203603 0.779115 0.779115 0.779115
5005.335449 0.000000 2870.562012 0.000000 0.913405 0.000000 0.407052 0.800000 0.800000 0.800000
5003.870605 0.000000 2872.630127 0.000000 0.825985 0.000000 0.563692 0.800000 0.800000 0.800000
4997.330566 0.000000 2864.375732 0.000000 0.377781 0.000000 0.925895 0.800000 0.800000 0.800000
5002.096680 0.000000 2869.395020 0.000000 0.998112 0.000000 0.061422 0.800000 0.800000 0.800000
4994.927246 0.000000 2866.993652 0.000000 0.233881 0.000000 -0.972265 0.800000 0.800000 0.800000
5022.117676 0.000000 2856.686279 0.000000 0.781693 0.000000 -0.623664 0.800000 0.800000 0.800000
4997.578125 0.000000 2866.815186 0.000000 0.635031 0.000000 -0.772487 0.889916 0.889916 0.889916
5019.810547 0.000000 2858.312012 0.000000 0.437434 0.000000 0.899250 0.800000 0.800000 0.800000
5019.181152 0.000000 2859.855957 0.000000 0.354140 0.000000 0.935192 0.800000 0.800000 0.800000
5021.436035 0.000000 2858.161133 0.000000 0.922175 0.000000 -0.386773 0.840451 0.840451 0.840451
5003.919434 0.000000 2848.139404 0.000000 0.631223 0.000000 0.775602 0.800000 0.800000 0.800000
5022.194336 0.000000 2859.467773 0.000000 0.803131 0.000000 0.595803 0.734987 0.734987 0.734987
4996.631836 0.000000 2875.337646 0.000000 0.850376 0.000000 -0.526176 0.856440 0.856440 0.856440
5002.798340 0.000000 2871.840576 0.000000 0.937014 0.000000 0.349293 0.763655 0.763655 0.763655
4996.425781 0.000000 2866.773682 0.000000 0.657819 0.000000 -0.753176 0.886873 0.886873 0.886873
4996.633301 0.000000 2874.156982 0.000000 0.388458 0.000000 0.921466 0.680638 0.680638 0.680638
4997.468750 0.000000 2867.907471 0.000000 0.951882 0.000000 0.306463 0.768273 0.768273 0.768273
5037.843750 0.000000 2859.939941 0.000000 0.980990 0.000000 0.194056 0.780107 0.780107 0.780107
5036.250000 0.000000 2856.074219 0.000000 0.929859 0.000000 -0.367915 0.838377 0.838377 0.838377
5026.336914 0.000000 2856.425049 0.000000 0.993258 0.000000 -0.115926 0.800000 0.800000 0.800000
5027.067383 0.000000 2849.031982 0.000000 0.615073 0.000000 0.788471 0.800000 0.800000 0.800000
5039.378906 0.000000 2856.535889 0.000000 0.884950 0.000000 0.465686 0.800000 0.800000 0.800000
5024.283691 0.000000 2848.049316 0.000000 0.478243 0.000000 0.878228 0.690792 0.690792 0.690792
5024.325195 0.000000 2855.180420 0.000000 0.996300 0.000000 0.085948 0.800000 0.800000 0.800000
5024.261719 0.000000 2857.458252 0.000000 0.992748 0.000000 -0.120213 0.800000 0.800000 0.800000
5028.117676 0.000000 2855.164795 0.000000 0.047295 0.000000 0.998881 0.800000 0.800000 0.800000
5039.610840 0.000000 2858.665527 0.000000 0.775324 0.000000 0.631563 0.730372 0.730372 0.730372
5037.603516 0.000000 2857.754395 0.000000 1.000000 0.000000 -0.000641 0.800065 0.800065 0.800065
5027.722656 0.000000 2857.774902 0.000000 0.014857 0.000000 0.999890 0.800000 0.800000 0.800000
5037.904297 0.000000 2855.838867 0.000000 0.825132 0.000000 0.564941 0.800000 0.800000 0.800000
5034.641602 0.000000 2855.788330 0.000000 0.975039 0.000000 0.222036 0.800000 0.800000 0.800000
5025.874023 0.000000 2848.103760 0.000000 0.770763 0.000000 0.637122 0.729640 0.729640 0.729640
5035.354492 0.000000 2857.208496 0.000000 0.995012 0.000000 -0.099759 0.810178 0.810178 0.810178
5025.761230 0.000000 2855.131836 0.000000 0.051628 0.000000 0.998666 0.800000 0.800000 0.800000
5024.014160 0.000000 2849.380127 0.000000 0.177083 0.000000 0.984196 0.658133 0.658133 0.658133
5038.331055 0.000000 2858.801514 0.000000 0.994415 0.000000 0.105542 0.789230 0.789230 0.789230
5025.883301 0.000000 2849.339111 0.000000 0.727805 0.000000 -0.685785 0.876973 0.876973 0.876973
5036.409668 0.000000 2857.769043 0.000000 0.522801 0.000000 -0.852455 0.903964 0.903964 0.903964
5037.011230 0.000000 2856.827881 0.000000 0.385682 0.000000 0.922632 0.680331 0.680331 0.680331
5038.849121 0.000000 2859.700928 0.000000 0.565544 0.000000 -0.824718 0.898773 0.898773 0.898773
5056.554199 0.000000 2840.431396 0.000000 0.609807 0.000000 0.792550 0.800000 0.800000 0.800000
5076.977051 0.000000 2816.686279 0.000000 0.710475 0.000000 0.703723 0.800000 0.800000 0.800000
5069.843750 0.000000 2827.939941 0.000000 0.157924 0.000000 -0.987451 0.800000 0.800000 0.800000
5062.346191 0.000000 2823.327637 0.000000 0.845428 0.000000 0.534090 0.800000 0.800000 0.800000
5056.155762 0.000000 2827.875977 0.000000 0.404758 0.000000 -0.914424 0.800000 0.800000 0.800000
5065.063965 0.000000 2827.399170 0.000000 0.793328 0.000000 -0.608795 0.866671 0.866671 0.866671
5058.336914 0.000000 2824.425049 0.000000 0.639529 0.000000 -0.768767 0.889321 0.889321 0.889321
5061.130859 0.000000 2826.842529 0.000000 0.911323 0.000000 -0.411692 0.843220 0.843220 0.843220
5059.740234 0.000000 2841.515137 0.000000 0.994743 0.000000 0.102406 0.800000 0.800000 0.800000
5074.562500 0.000000 2819.029297 0.000000 0.128078 0.000000 -0.991764 0.800000 0.800000 0.800000
5077.226562 0.000000 2823.274658 0.000000 0.965941 0.000000 0.258762 0.800000 0.800000 0.800000
5057.348145 0.000000 2843.392090 0.000000 0.766633 0.000000 0.642086 0.728982 0.728982 0.728982
5068.563477 0.000000 2830.581787 0.000000 0.506717 0.000000 -0.862112 0.800000 0.800000 0.800000
5076.769531 0.000000 2820.682129 0.000000 0.408577 0.000000 0.912724 0.682872 0.682872 0.682872
5067.578125 0.000000 2826.613770 0.000000 0.998813 0.000000 -0.048714 0.804964 0.804964 0.804964
5063.332031 0.000000 2825.655518 0.000000 0.601550 0.000000 -0.798835 0.894256 0.894256 0.894256
5066.662598 0.000000 2829.113281 0.000000 0.969459 0.000000 -0.245252 0.800000 0.800000 0.800000
5074.509766 0.000000 2816.299805 0.000000 0.964793 0.000000 0.263011 0.800000 0.800000 0.800000
5056.261719 0.000000 2825.458252 0.000000 0.925470 0.000000 0.378821 0.800000 0.800000 0.800000
5065.793945 0.000000 2825.081787 0.000000 0.997778 0.000000 -0.066634 0.806792 0.806792 0.806792
5060.117676 0.000000 2823.164795 0.000000 0.512942 0.000000 -0.858423 0.800000 0.800000 0.800000
5070.720215 0.000000 2830.146729 0.000000 0.926984 0.000000 -0.375100 0.800000 0.800000 0.800000
5058.225586 0.000000 2826.607422 0.000000 0.647888 0.000000 -0.761736 0.800000 0.800000 0.800000
5061.709473 0.000000 2842.366455 0.000000 0.007890 0.000000 -0.999969 0.959196 0.959196 0.959196
5087.087891 0.000000 2821.014648 0.000000 0.331858 0.000000 0.943329 0.800000 0.800000 0.800000
5076.492676 0.000000 2818.628906 0.000000 0.335153 0.000000 0.942164 0.674812 0.674812 0.674812
5061.167480 0.000000 2824.859375 0.000000 0.284884 0.000000 0.958562 0.669426 0.669426 0.669426
5059.270996 0.000000 2843.270264 0.000000 0.967829 0.000000 0.251610 0.774093 0.774093 0.774093
5063.676270 0.000000 2822.117432 0.000000 0.619330 0.000000 -0.785131 0.800000 0.800000 0.800000
5057.845215 0.000000 2841.649414 0.000000 0.439128 0.000000 -0.898424 0.800000 0.800000 0.800000
5063.988770 0.000000 2823.927002 0.000000 0.532890 0.000000 0.846184 0.800000 0.800000 0.800000
5068.354980 0.000000 2828.842285 0.000000 0.655723 0.000000 -0.755002 0.887156 0.887156 0.887156
5075.713379 0.000000 2822.036133 0.000000 0.247608 0.000000 -0.968860 0.800000 0.800000 0.800000
5059.722656 0.000000 2825.774902 0.000000 0.142488 0.000000 0.989796 0.654563 0.654563 0.654563
5056.011230 0.000000 2842.099121 0.000000 0.994664 0.000000 0.103170 0.789472 0.789472 0.789472
5071.291992 0.000000 2828.641113 0.000000 0.970631 0.000000 0.240572 0.775253 0.775253 0.775253
5077.934570 0.000000 2819.570801 0.000000 0.925856 0.000000 -0.377877 0.839471 0.839471 0.839471
5075.023438 0.000000 2820.612061 0.000000 0.993238 0.000000 0.116093 0.800000 0.800000 0.800000
5058.620605 0.000000 2840.326416 0.000000 0.973256 0.000000 0.229723 0.800000 0.800000 0.800000
5075.326660 0.000000 2817.689453 0.000000 0.629061 0.000000 0.777356 0.800000 0.800000 0.800000
5059.596680 0.000000 2827.260742 0.000000 0.388755 0.000000 0.921341 0.800000 0.800000 0.800000
5066.532227 0.000000 2827.669922 0.000000 0.986028 0.000000 -0.166578 0.817047 0.817047 0.817047
5067.354492 0.000000 2825.208496 0.000000 0.209154 0.000000 -0.977883 0.800000 0.800000 0.800000
5064.696289 0.000000 2825.940674 0.000000 0.431601 0.000000 -0.902064 0.914544 0.914544 0.914544
5069.573730 0.000000 2829.404297 0.000000 0.239275 0.000000 -0.970952 0.935389 0.935389 0.935389
5060.631836 0.000000 2843.337646 0.000000 0.993743 0.000000 -0.111690 0.811400 0.811400 0.811400
5066.082031 0.000000 2826.364990 0.000000 0.928432 0.000000 0.371503 0.761230 0.761230 0.761230
5062.040527 0.000000 2825.920654 0.000000 0.981044 0.000000 0.193784 0.780136 0.780136 0.780136
5059.919434 0.000000 2824.485107 0.000000 0.722239 0.000000 -0.691644 0.877796 0.877796 0.877796
5062.417480 0.000000 2824.681641 0.000000 0.826494 0.000000 -0.562946 0.860906 0.860906 0.860906
5058.347168 0.000000 2842.658203 0.000000 0.406694 0.000000 0.913565 0.682662 0.682662 0.682662
5058.405762 0.000000 2843.977051 0.000000 0.942410 0.000000 0.334459 0.765263 0.765263 0.765263
5067.599609 0.000000 2827.942139 0.000000 0.633665 0.000000 0.773608 0.709904 0.709904 0.709904
5058.749023 0.000000 2825.401123 0.000000 0.890049 0.000000 -0.455865 0.848214 0.848214 0.848214
5098.484375 0.000000 2845.530273 0.000000 0.397659 0.000000 0.917533 0.800000 0.800000 0.800000
5088.082520 0.000000 2820.540039 0.000000 0.307706 0.000000 0.951481 0.671860 0.671860 0.671860
5119.616699 0.000000 2828.839844 0.000000 0.433306 0.000000 -0.901247 0.800000 0.800000 0.800000
5097.063965 0.000000 2827.399170 0.000000 0.962832 0.000000 -0.270102 0.827858 0.827858 0.827858
5109.732422 0.000000 2834.201904 0.000000 0.056158 0.000000 -0.998422 0.800000 0.800000 0.800000
5088.671875 0.000000 2846.357910 0.000000 0.842376 0.000000 -0.538890 0.800000 0.800000 0.800000
5101.865723 0.000000 2836.719238 0.000000 0.933143 0.000000 0.359507 0.800000 0.800000 0.800000
5118.641113 0.000000 2832.483887 0.000000 0.448289 0.000000 0.893889 0.800000 0.800000 0.800000
5110.982422 0.000000 2830.966064 0.000000 0.837366 0.000000 -0.546643 0.800000 0.800000 0.800000
5095.398926 0.000000 2846.481201 0.000000 0.961224 0.000000 -0.275768 0.800000 0.800000 0.800000
5099.484863 0.000000 2838.695068 0.000000 0.108359 0.000000 -0.994112 0.800000 0.800000 0.800000
5101.127930 0.000000 2847.200928 0.000000 0.980055 0.000000 0.198728 0.800000 0.800000 0.800000
5106.849121 0.000000 2833.109375 0.000000 0.623100 0.000000 -0.782142 0.891479 0.891479 0.891479
5116.823242 0.000000 2830.420410 0.000000 0.353953 0.000000 0.935263 0.800000 0.800000 0.800000
5103.855469 0.000000 2846.975342 0.000000 0.942552 0.000000 -0.334061 0.800000 0.800000 0.800000
5095.435547 0.000000 2829.242920 0.000000 0.351171 0.000000 0.936311 0.800000 0.800000 0.800000
5090.277344 0.000000 2821.824951 0.000000 0.914585 0.000000 0.404394 0.757594 0.757594 0.757594
5088.325195 0.000000 2823.180420 0.000000 0.425119 0.000000 0.905138 0.684726 0.684726 0.684726
5089.025391 0.000000 2818.308105 0.000000 0.299278 0.000000 0.954166 0.670959 0.670959 0.670959
5091.061523 0.000000 2846.539795 0.000000 0.328534 0.000000 0.944492 0.674097 0.674097 0.674097
5094.773926 0.000000 2844.194336 0.000000 0.509452 0.000000 -0.860499 0.905551 0.905551 0.905551
5111.750977 0.000000 2833.126953 0.000000 0.998989 0.000000 0.044964 0.800000 0.800000 0.800000
5109.036621 0.000000 2832.032227 0.000000 0.937510 0.000000 0.347958 0.763800 0.763800 0.763800
5116.428223 0.000000 2832.609863 0.000000 0.999922 0.000000 0.012478 0.800000 0.800000 0.800000
5107.724609 0.000000 2835.055664 0.000000 0.999987 0.000000 -0.005000 0.800509 0.800509 0.800509
5093.139648 0.000000 2846.875000 0.000000 0.930892 0.000000 0.365294 0.800000 0.800000 0.800000
5099.643066 0.000000 2836.648682 0.000000 0.023350 0.000000 0.999727 0.800000 0.800000 0.800000
5099.981445 0.000000 2844.212646 0.000000 0.998201 0.000000 -0.059957 0.800000 0.800000 0.800000
5090.145996 0.000000 2819.895508 0.000000 0.434801 0.000000 0.900527 0.800000 0.800000 0.800000
5098.798828 0.000000 2847.410156 0.000000 0.883266 0.000000 -0.468872 0.849709 0.849709 0.849709
5101.335449 0.000000 2838.562012 0.000000 0.760707 0.000000 0.649095 0.728047 0.728047 0.728047
5118.666016 0.000000 2830.618164 0.000000 0.370321 0.000000 -0.928904 0.921359 0.921359 0.921359
5096.558105 0.000000 2847.885986 0.000000 0.176720 0.000000 -0.984261 0.800000 0.800000 0.800000
5095.079590 0.000000 2827.499023 0.000000 0.881910 0.000000 0.471417 0.749998 0.749998 0.749998
5098.096680 0.000000 2837.395020 0.000000 0.575966 0.000000 -0.817474 0.800000 0.800000 0.800000
5102.353027 0.000000 2846.017090 0.000000 0.156008 0.000000 0.987756 0.800000 0.800000 0.800000
5096.767090 0.000000 2845.485840 0.000000 0.994545 0.000000 -0.104305 0.810644 0.810644 0.810644
5089.921387 0.000000 2847.779297 0.000000 0.962916 0.000000 -0.269800 0.800000 0.800000 0.800000
5091.110840 0.000000 2818.621338 0.000000 0.968952 0.000000 0.247247 0.800000 0.800000 0.800000
5094.028809 0.000000 2845.604980 0.000000 0.994174 0.000000 -0.107785 0.811000 0.811000 0.811000
5108.361816 0.000000 2833.452881 0.000000 0.155136 0.000000 -0.987893 0.944134 0.944134 0.944134
5096.959473 0.000000 2829.562500 0.000000 0.999026 0.000000 0.044129 0.795504 0.795504 0.795504
5102.526855 0.000000 2847.822021 0.000000 0.603848 0.000000 -0.797100 0.800000 0.800000 0.800000
5106.357422 0.000000 2834.541748 0.000000 0.961484 0.000000 0.274860 0.771638 0.771638 0.771638
5110.315430 0.000000 2832.722656 0.000000 0.019141 0.000000 -0.999817 0.800000 0.800000 0.800000
5097.497559 0.000000 2846.781494 0.000000 0.148786 0.000000 0.988869 0.800000 0.800000 0.800000
5119.893066 0.000000 2831.368408 0.000000 0.269858 0.000000 0.962900 0.667833 0.667833 0.667833
5109.054199 0.000000 2830.586914 0.000000 0.576582 0.000000 0.817039 0.702596 0.702596 0.702596
5089.761230 0.000000 2823.131836 0.000000 0.986762 0.000000 -0.162178 0.816593 0.816593 0.816593
5088.883789 0.000000 2821.877930 0.000000 0.481529 0.000000 -0.876430 0.908826 0.908826 0.908826
5088.030273 0.000000 2819.209229 0.000000 0.184456 0.000000 0.982841 0.658897 0.658897 0.658897
5091.484375 0.000000 2821.298584 0.000000 0.903151 0.000000 -0.429324 0.845199 0.845199 0.845199
5100.877930 0.000000 2839.821777 0.000000 0.986041 0.000000 0.166502 0.782961 0.782961 0.782961
5096.173340 0.000000 2828.257080 0.000000 0.813206 0.000000 -0.581976 0.863270 0.863270 0.863270
5097.652344 0.000000 2828.473633 0.000000 0.959779 0.000000 0.280756 0.771013 0.771013 0.771013
5089.318848 0.000000 2820.719482 0.000000 0.911855 0.000000 0.410512 0.756912 0.756912 0.756912
5096.029297 0.000000 2826.837891 0.000000 0.661506 0.000000 -0.749940 0.886374 0.886374 0.886374
5099.062500 0.000000 2846.404053 0.000000 0.839774 0.000000 0.542935 0.741540 0.741540 0.741540
5091.066895 0.000000 2820.306396 0.000000 0.973265 0.000000 0.229686 0.776394 0.776394 0.776394
5109.374023 0.000000 2833.182617 0.000000 0.985569 0.000000 -0.169276 0.817326 0.817326 0.817326
5060.120117 0.000000 2870.085205 0.000000 0.987125 0.000000 -0.159952 0.816363 0.816363 0.816363
5086.641113 0.000000 2864.483887 0.000000 0.012472 0.000000 -0.999922 0.958730 0.958730 0.958730
5065.208008 0.000000 2863.121582 0.000000 0.794808 0.000000 -0.606861 0.800000 0.800000 0.800000
5078.982422 0.000000 2862.966064 0.000000 0.798367 0.000000 0.602171 0.800000 0.800000 0.800000
5056.376465 0.000000 2869.610596 0.000000 0.999320 0.000000 0.036870 0.800000 0.800000 0.800000
5084.823242 0.000000 2862.420410 0.000000 0.383806 0.000000 -0.923414 0.919876 0.919876 0.919876
5072.020020 0.000000 2870.546631 0.000000 0.937617 0.000000 0.347671 0.763831 0.763831 0.763831
5079.791016 0.000000 2860.426270 0.000000 0.541373 0.000000 -0.840782 0.901729 0.901729 0.901729
5062.243652 0.000000 2868.651855 0.000000 0.999849 0.000000 0.017402 0.800000 0.800000 0.800000
5063.435547 0.000000 2861.242920 0.000000 0.845558 0.000000 0.533883 0.800000 0.800000 0.800000
5074.436035 0.000000 2870.401123 0.000000 0.732070 0.000000 -0.681230 0.876337 0.876337 0.876337
5058.416992 0.000000 2868.593750 0.000000 0.940192 0.000000 -0.340646 0.800000 0.800000 0.800000
5084.428223 0.000000 2864.609863 0.000000 0.908531 0.000000 0.417817 0.756095 0.756095 0.756095
5077.673828 0.000000 2861.217529 0.000000 0.662914 0.000000 0.748695 0.713818 0.713818 0.713818
5063.046387 0.000000 2864.044922 0.000000 0.675570 0.000000 -0.737296 0.800000 0.800000 0.800000
5058.142578 0.000000 2870.898682 0.000000 0.960249 0.000000 -0.279143 0.828816 0.828816 0.828816
5086.666016 0.000000 2862.618164 0.000000 0.117189 0.000000 0.993110 0.800000 0.800000 0.800000
5063.875488 0.000000 2871.829834 0.000000 0.667039 0.000000 -0.745023 0.800000 0.800000 0.800000
5062.708496 0.000000 2870.405273 0.000000 0.974301 0.000000 0.225252 0.800000 0.800000 0.800000
5060.044922 0.000000 2871.831055 0.000000 0.352912 0.000000 0.935656 0.676739 0.676739 0.676739
5078.490234 0.000000 2859.251465 0.000000 0.056127 0.000000 0.998424 0.800000 0.800000 0.800000
5080.723633 0.000000 2861.872314 0.000000 0.901456 0.000000 0.432870 0.800000 0.800000 0.800000
5081.364258 0.000000 2859.963867 0.000000 0.958761 0.000000 0.284214 0.800000 0.800000 0.800000
5074.892578 0.000000 2868.878662 0.000000 0.706723 0.000000 0.707491 0.719945 0.719945 0.719945
5064.959473 0.000000 2861.562500 0.000000 0.967376 0.000000 -0.253345 0.800000 0.800000 0.800000
5073.091309 0.000000 2869.431396 0.000000 0.765105 0.000000 -0.643906 0.800000 0.800000 0.800000
5070.604980 0.000000 2871.373779 0.000000 0.367710 0.000000 0.929940 0.800000 0.800000 0.800000
5073.191406 0.000000 2871.458984 0.000000 0.392782 0.000000 -0.919632 0.918884 0.918884 0.918884
5080.501953 0.000000 2858.781738 0.000000 0.950767 0.000000 -0.309907 0.800000 0.800000 0.800000
5063.835938 0.000000 2862.676270 0.000000 0.002321 0.000000 -0.999997 0.959764 0.959764 0.959764
5087.893066 0.000000 2863.368408 0.000000 0.131657 0.000000 -0.991295 0.800000 0.800000 0.800000
5077.054199 0.000000 2862.586914 0.000000 0.122280 0.000000 0.992496 0.652487 0.652487 0.652487
5074.957031 0.000000 2871.748535 0.000000 0.266177 0.000000 0.963924 0.667443 0.667443 0.667443
5056.016113 0.000000 2871.053955 0.000000 0.272814 0.000000 0.962067 0.800000 0.800000 0.800000
5061.325195 0.000000 2870.790527 0.000000 0.994654 0.000000 -0.103267 0.810537 0.810537 0.810537
5076.307129 0.000000 2860.844971 0.000000 0.752014 0.000000 0.659147 0.726694 0.726694 0.726694
5079.010742 0.000000 2861.567139 0.000000 0.609159 0.000000 -0.793048 0.893282 0.893282 0.893282
5085.599609 0.000000 2863.562744 0.000000 0.380821 0.000000 0.924649 0.679795 0.679795 0.679795
5061.084473 0.000000 2869.206543 0.000000 0.813760 0.000000 -0.581201 0.863173 0.863173 0.863173
5085.554199 0.000000 2865.221191 0.000000 0.347744 0.000000 0.937590 0.676177 0.676177 0.676177
5062.646484 0.000000 2862.228516 0.000000 0.917183 0.000000 -0.398465 0.841746 0.841746 0.841746
5087.518066 0.000000 2865.259277 0.000000 0.935377 0.000000 0.353651 0.763181 0.763181 0.763181
5078.530273 0.000000 2860.387695 0.000000 0.697518 0.000000 -0.716567 0.881372 0.881372 0.881372
5062.143066 0.000000 2863.448486 0.000000 0.668036 0.000000 -0.744129 0.885483 0.885483 0.885483
5073.366211 0.000000 2870.480957 0.000000 0.201076 0.000000 -0.979576 0.939378 0.939378 0.939378
5100.263672 0.000000 2851.783203 0.000000 0.271813 0.000000 -0.962350 0.931961 0.931961 0.931961
5088.082520 0.000000 2852.540039 0.000000 0.625533 0.000000 0.780197 0.800000 0.800000 0.800000
5105.537598 0.000000 2867.930664 0.000000 0.902678 0.000000 0.430317 0.754689 0.754689 0.754689
5116.178223 0.000000 2851.823975 0.000000 0.924076 0.000000 -0.382208 0.800000 0.800000 0.800000
5104.116699 0.000000 2848.205811 0.000000 0.382995 0.000000 0.923750 0.800000 0.800000 0.800000
5109.732422 0.000000 2866.201904 0.000000 0.538458 0.000000 -0.842652 0.800000 0.800000 0.800000
5113.397461 0.000000 2869.802979 0.000000 0.184827 0.000000 0.982771 0.800000 0.800000 0.800000
5092.062012 0.000000 2852.120361 0.000000 0.910718 0.000000 0.413029 0.800000 0.800000 0.800000
5098.342773 0.000000 2848.170410 0.000000 0.214693 0.000000 0.976682 0.662040 0.662040 0.662040
5118.641113 0.000000 2864.483887 0.000000 0.067165 0.000000 -0.997742 0.800000 0.800000 0.800000
5091.067383 0.000000 2849.031982 0.000000 0.872386 0.000000 0.488817 0.747977 0.747977 0.747977
5108.494629 0.000000 2869.132324 0.000000 0.485840 0.000000 0.874048 0.691676 0.691676 0.691676
5088.283691 0.000000 2848.049316 0.000000 0.089782 0.000000 -0.995961 0.800000 0.800000 0.800000
5106.849121 0.000000 2865.109375 0.000000 0.925784 0.000000 0.378053 0.800000 0.800000 0.800000
5101.245605 0.000000 2848.947510 0.000000 0.967523 0.000000 -0.252782 0.826031 0.826031 0.826031
5116.861816 0.000000 2866.855713 0.000000 0.177453 0.000000 -0.984129 0.800000 0.800000 0.800000
5112.240723 0.000000 2867.334961 0.000000 0.740508 0.000000 -0.672048 0.800000 0.800000 0.800000
5115.650391 0.000000 2849.134521 0.000000 0.006858 0.000000 -0.999976 0.800000 0.800000 0.800000
5110.832031 0.000000 2869.917725 0.000000 0.433684 0.000000 0.901065 0.800000 0.800000 0.800000
5090.277344 0.000000 2853.824951 0.000000 0.189944 0.000000 0.981795 0.659466 0.659466 0.659466
5106.436035 0.000000 2870.401123 0.000000 0.468960 0.000000 0.883220 0.800000 0.800000 0.800000
5089.025391 0.000000 2850.308105 0.000000 0.845809 0.000000 0.533485 0.800000 0.800000 0.800000
5119.092773 0.000000 2867.585693 0.000000 0.371287 0.000000 -0.928518 0.921253 0.921253 0.921253
5099.557129 0.000000 2853.922363 0.000000 0.637942 0.000000 0.770084 0.710469 0.710469 0.710469
5098.519531 0.000000 2850.410156 0.000000 0.489136 0.000000 -0.872208 0.800000 0.800000 0.800000
5107.724609 0.000000 2867.055664 0.000000 0.983968 0.000000 0.178346 0.800000 0.800000 0.800000
5104.650391 0.000000 2850.273926 0.000000 0.979076 0.000000 0.203496 0.800000 0.800000 0.800000
5104.981445 0.000000 2865.918213 0.000000 0.999225 0.000000 -0.039366 0.800000 0.800000 0.800000
5110.207520 0.000000 2868.081299 0.000000 0.997596 0.000000 -0.069293 0.800000 0.800000 0.800000
5090.145996 0.000000 2851.895508 0.000000 0.994128 0.000000 0.108213 0.788956 0.788956 0.788956
5102.166504 0.000000 2850.606445 0.000000 0.540027 0.000000 -0.841648 0.901892 0.901892 0.901892
5092.704590 0.000000 2850.037598 0.000000 0.565809 0.000000 0.824536 0.800000 0.800000 0.800000
5117.178223 0.000000 2850.146973 0.000000 0.729579 0.000000 0.683896 0.800000 0.800000 0.800000
5108.191895 0.000000 2870.934570 0.000000 0.993272 0.000000 -0.115803 0.800000 0.800000 0.800000
5092.504395 0.000000 2848.043457 0.000000 0.944094 0.000000 0.329678 0.800000 0.800000 0.800000
5101.895508 0.000000 2852.516357 0.000000 0.535819 0.000000 0.844333 0.697599 0.697599 0.697599
5118.498047 0.000000 2866.087158 0.000000 0.965683 0.000000 0.259722 0.773238 0.773238 0.773238
5100.138184 0.000000 2850.131348 0.000000 0.811221 0.000000 -0.584739 0.863617 0.863617 0.863617
5114.376465 0.000000 2850.136230 0.000000 0.626390 0.000000 0.779510 0.800000 0.800000 0.800000
5092.737305 0.000000 2853.629395 0.000000 0.698174 0.000000 -0.715928 0.800000 0.800000 0.800000
5106.892578 0.000000 2868.878662 0.000000 0.548840 0.000000 -0.835927 0.900822 0.900822 0.900822
5091.110840 0.000000 2850.621338 0.000000 0.240088 0.000000 -0.970751 0.935304 0.935304 0.935304
5101.904297 0.000000 2855.838867 0.000000 0.684378 0.000000 -0.729127 0.800000 0.800000 0.800000
5112.071777 0.000000 2868.897217 0.000000 0.768728 0.000000 0.639576 0.800000 0.800000 0.800000
5098.641602 0.000000 2855.788330 0.000000 0.923483 0.000000 -0.383640 0.800000 0.800000 0.800000
5105.091309 0.000000 2869.431396 0.000000 0.952511 0.000000 0.304503 0.800000 0.800000 0.800000
5102.894531 0.000000 2849.264160 0.000000 0.537153 0.000000 -0.843485 0.902240 0.902240 0.902240
5099.919434 0.000000 2848.139404 0.000000 0.997515 0.000000 0.070450 0.792818 0.792818 0.792818
5089.874023 0.000000 2848.103760 0.000000 0.477372 0.000000 -0.878701 0.800000 0.800000 0.800000
5106.357422 0.000000 2866.541748 0.000000 0.894055 0.000000 0.447957 0.800000 0.800000 0.800000
5106.957031 0.000000 2871.748535 0.000000 0.963310 0.000000 -0.268392 0.800000 0.800000 0.800000
5105.493652 0.000000 2864.543945 0.000000 0.180988 0.000000 -0.983485 0.800000 0.800000 0.800000
5088.883789 0.000000 2853.877930 0.000000 0.689291 0.000000 -0.724485 0.800000 0.800000 0.800000
5109.469238 0.000000 2870.285645 0.000000 0.997344 0.000000 -0.072833 0.800000 0.800000 0.800000
5104.202637 0.000000 2867.116699 0.000000 0.878058 0.000000 -0.478554 0.850828 0.850828 0.850828
5110.931152 0.000000 2866.842529 0.000000 0.542139 0.000000 -0.840289 0.901637 0.901637 0.901637
5119.893066 0.000000 2866.377686 0.000000 0.999918 0.000000 0.012832 0.798693 0.798693 0.798693
5100.697754 0.000000 2853.199951 0.000000 0.239702 0.000000 0.970847 0.664656 0.664656 0.664656
5091.484375 0.000000 2853.298584 0.000000 0.901381 0.000000 -0.433026 0.845617 0.845617 0.845617
5099.196289 0.000000 2849.218994 0.000000 0.222173 0.000000 0.975007 0.662821 0.662821 0.662821
5103.434570 0.000000 2850.596191 0.000000 0.530489 0.000000 -0.847692 0.903043 0.903043 0.903043
5102.127441 0.000000 2848.128662 0.000000 0.037365 0.000000 -0.999302 0.956193 0.956193 0.956193
5101.387695 0.000000 2851.471680 0.000000 0.650756 0.000000 -0.759287 0.887825 0.887825 0.887825
5109.672852 0.000000 2869.126953 0.000000 0.058864 0.000000 -0.998266 0.954001 0.954001 0.954001
5099.381348 0.000000 2852.752441 0.000000 0.124521 0.000000 -0.992217 0.947283 0.947283 0.947283
5107.563477 0.000000 2869.904053 0.000000 0.377010 0.000000 0.926209 0.679375 0.679375 0.679375
5107.785645 0.000000 2868.209229 0.000000 0.057354 0.000000 0.998354 0.645845 0.645845 0.645845
5090.025879 0.000000 2850.772217 0.000000 0.987252 0.000000 0.159165 0.783718 0.783718 0.783718
5102.518555 0.000000 2851.654053 0.000000 0.508164 0.000000 -0.861260 0.905704 0.905704 0.905704
5118.142090 0.000000 2867.118652 0.000000 0.416503 0.000000 0.909134 0.683758 0.683758 0.683758
5091.066895 0.000000 2852.306396 0.000000 0.982132 0.000000 0.188192 0.780716 0.780716 0.780716
5105.252441 0.000000 2866.900391 0.000000 0.328862 0.000000 -0.944378 0.925867 0.925867 0.925867
5091.711914 0.000000 2849.823486 0.000000 0.912149 0.000000 -0.409858 0.843015 0.843015 0.843015
5020.178223 0.000000 2883.823975 0.000000 0.924138 0.000000 -0.382060 0.800000 0.800000 0.800000
5022.919922 0.000000 2882.828125 0.000000 0.983055 0.000000 -0.183312 0.800000 0.800000 0.800000
5023.087891 0.000000 2885.014648 0.000000 0.636172 0.000000 -0.771547 0.889765 0.889765 0.889765
5021.178223 0.000000 2882.146973 0.000000 0.941445 0.000000 -0.337167 0.800000 0.800000 0.800000
5021.770508 0.000000 2884.048828 0.000000 0.873264 0.000000 -0.487248 0.851840 0.851840 0.851840
5020.769531 0.000000 2885.133789 0.000000 0.966330 0.000000 0.257305 0.773493 0.773493 0.773493
5043.599121 0.000000 2894.177734 0.000000 0.181239 0.000000 0.983439 0.658563 0.658563 0.658563
5049.397461 0.000000 2901.802979 0.000000 0.997822 0.000000 -0.065966 0.800000 0.800000 0.800000
5041.770996 0.000000 2890.510742 0.000000 0.734589 0.000000 -0.678513 0.875960 0.875960 0.875960
5039.378906 0.000000 2888.535889 0.000000 0.432924 0.000000 -0.901430 0.800000 0.800000 0.800000
5040.766113 0.000000 2893.274658 0.000000 0.857309 0.000000 0.514802 0.800000 0.800000 0.800000
5048.240723 0.000000 2899.334961 0.000000 0.141056 0.000000 0.990002 0.800000 0.800000 0.800000
5046.832031 0.000000 2901.917725 0.000000 0.113203 0.000000 0.993572 0.651556 0.651556 0.651556
5045.673828 0.000000 2893.217529 0.000000 0.796373 0.000000 0.604806 0.800000 0.800000 0.800000
5039.610840 0.000000 2890.665527 0.000000 0.851740 0.000000 -0.523964 0.800000 0.800000 0.800000
5041.758789 0.000000 2895.165527 0.000000 0.752124 0.000000 0.659021 0.800000 0.800000 0.800000
5043.041992 0.000000 2892.248291 0.000000 0.708837 0.000000 -0.705372 0.879750 0.879750 0.879750
5046.207520 0.000000 2900.081299 0.000000 0.968827 0.000000 -0.247739 0.825500 0.825500 0.825500
5041.190918 0.000000 2888.794189 0.000000 0.813513 0.000000 -0.581547 0.800000 0.800000 0.800000
5048.071777 0.000000 2900.897217 0.000000 0.033517 0.000000 -0.999438 0.800000 0.800000 0.800000
5040.795410 0.000000 2891.719482 0.000000 0.243630 0.000000 0.969868 0.665068 0.665068 0.665068
5043.564453 0.000000 2895.751953 0.000000 0.900001 0.000000 0.435888 0.754059 0.754059 0.754059
5042.180176 0.000000 2893.686035 0.000000 0.523958 0.000000 -0.851744 0.903826 0.903826 0.903826
5045.054199 0.000000 2894.586914 0.000000 0.265571 0.000000 0.964091 0.800000 0.800000 0.800000
5040.260254 0.000000 2894.614258 0.000000 0.234500 0.000000 0.972116 0.800000 0.800000 0.800000
5046.931152 0.000000 2898.842529 0.000000 0.697312 0.000000 -0.716767 0.881401 0.881401 0.881401
5047.870117 0.000000 2898.181396 0.000000 0.988625 0.000000 0.150401 0.784622 0.784622 0.784622
5042.801270 0.000000 2894.927979 0.000000 0.362500 0.000000 0.931984 0.677785 0.677785 0.677785
5043.145996 0.000000 2893.259766 0.000000 0.956828 0.000000 -0.290653 0.830039 0.830039 0.830039
5034.484375 0.000000 2941.530273 0.000000 0.394716 0.000000 0.918803 0.681330 0.681330 0.681330
5031.854980 0.000000 2938.123535 0.000000 0.981924 0.000000 -0.189278 0.800000 0.800000 0.800000
5037.127930 0.000000 2943.200928 0.000000 0.879905 0.000000 0.475150 0.749566 0.749566 0.749566
5039.855469 0.000000 2942.975342 0.000000 0.999002 0.000000 -0.044672 0.800000 0.800000 0.800000
5030.773926 0.000000 2940.194336 0.000000 0.077584 0.000000 0.996986 0.800000 0.800000 0.800000
5033.177734 0.000000 2939.820068 0.000000 0.809249 0.000000 0.587465 0.800000 0.800000 0.800000
5035.981445 0.000000 2940.212646 0.000000 0.986984 0.000000 -0.160818 0.816452 0.816452 0.816452
5034.798828 0.000000 2943.410156 0.000000 0.498812 0.000000 -0.866710 0.906806 0.906806 0.906806
5032.558105 0.000000 2943.885986 0.000000 0.835589 0.000000 -0.549355 0.800000 0.800000 0.800000
5033.528320 0.000000 2938.108643 0.000000 0.033542 0.000000 0.999437 0.800000 0.800000 0.800000
5038.353027 0.000000 2942.017090 0.000000 0.010593 0.000000 0.999944 0.800000 0.800000 0.800000
5032.767090 0.000000 2941.485840 0.000000 0.066325 0.000000 0.997798 0.646761 0.646761 0.646761
5030.028809 0.000000 2941.604980 0.000000 0.498327 0.000000 -0.866989 0.800000 0.800000 0.800000
5038.526855 0.000000 2943.822021 0.000000 0.096609 0.000000 0.995322 0.800000 0.800000 0.800000
5033.497559 0.000000 2942.781494 0.000000 0.484729 0.000000 0.874664 0.800000 0.800000 0.800000
5033.929688 0.000000 2940.601807 0.000000 0.985897 0.000000 -0.167353 0.817127 0.817127 0.817127
5032.256836 0.000000 2940.500977 0.000000 0.248415 0.000000 -0.968654 0.934429 0.934429 0.934429
5035.062500 0.000000 2942.404053 0.000000 0.045006 0.000000 0.998987 0.644586 0.644586 0.644586
5062.346191 0.000000 2887.327637 0.000000 0.396704 0.000000 0.917947 0.800000 0.800000 0.800000
5082.406738 0.000000 2911.556152 0.000000 0.816726 0.000000 0.577026 0.737348 0.737348 0.737348
5084.482422 0.000000 2888.834229 0.000000 0.148831 0.000000 -0.988863 0.800000 0.800000 0.800000
5087.594727 0.000000 2887.899170 0.000000 0.629113 0.000000 -0.777314 0.800000 0.800000 0.800000
5065.434570 0.000000 2886.829834 0.000000 0.047065 0.000000 -0.998892 0.955204 0.955204 0.955204
5085.457520 0.000000 2886.340332 0.000000 0.987929 0.000000 -0.154905 0.815842 0.815842 0.815842
5081.623535 0.000000 2883.584961 0.000000 0.057720 0.000000 0.998333 0.800000 0.800000 0.800000
5063.332031 0.000000 2889.655518 0.000000 0.663788 0.000000 -0.747921 0.886063 0.886063 0.886063
5078.871094 0.000000 2882.226807 0.000000 0.282867 0.000000 0.959159 0.669211 0.669211 0.669211
5062.252930 0.000000 2884.941162 0.000000 0.154526 0.000000 0.987989 0.800000 0.800000 0.800000
5065.793945 0.000000 2889.081787 0.000000 0.530886 0.000000 -0.847443 0.902995 0.902995 0.902995
5085.576172 0.000000 2911.152344 0.000000 0.270963 0.000000 0.962590 0.800000 0.800000 0.800000
5083.449219 0.000000 2885.934570 0.000000 0.963859 0.000000 -0.266411 0.800000 0.800000 0.800000
5079.167480 0.000000 2880.006104 0.000000 0.478393 0.000000 0.878146 0.800000 0.800000 0.800000
5076.492676 0.000000 2882.628906 0.000000 0.027806 0.000000 -0.999613 0.800000 0.800000 0.800000
5065.917480 0.000000 2884.967041 0.000000 0.950683 0.000000 0.310164 0.800000 0.800000 0.800000
5063.676270 0.000000 2886.117432 0.000000 0.923330 0.000000 -0.384009 0.800000 0.800000 0.800000
5063.988770 0.000000 2887.927002 0.000000 0.110287 0.000000 -0.993900 0.800000 0.800000 0.800000
5083.964844 0.000000 2910.674805 0.000000 0.909094 0.000000 0.416591 0.756232 0.756232 0.756232
5086.117676 0.000000 2888.686279 0.000000 0.230714 0.000000 -0.973022 0.936286 0.936286 0.936286
5085.770508 0.000000 2884.048828 0.000000 0.664865 0.000000 0.746964 0.800000 0.800000 0.800000
5080.497559 0.000000 2882.423584 0.000000 0.992733 0.000000 0.120339 0.800000 0.800000 0.800000
5077.934570 0.000000 2883.570801 0.000000 0.784472 0.000000 -0.620165 0.800000 0.800000 0.800000
5081.196777 0.000000 2910.529053 0.000000 0.973331 0.000000 -0.229404 0.823577 0.823577 0.823577
5084.145996 0.000000 2887.353516 0.000000 0.158274 0.000000 -0.987395 0.943810 0.943810 0.943810
5087.259277 0.000000 2886.479492 0.000000 0.644235 0.000000 -0.764828 0.800000 0.800000 0.800000
5082.816895 0.000000 2884.487061 0.000000 0.937324 0.000000 -0.348459 0.800000 0.800000 0.800000
5064.696289 0.000000 2889.940674 0.000000 0.248542 0.000000 0.968621 0.665585 0.665585 0.665585
5079.512695 0.000000 2883.383301 0.000000 0.984799 0.000000 0.173696 0.782217 0.782217 0.782217
5087.414062 0.000000 2889.229980 0.000000 0.668451 0.000000 0.743757 0.714574 0.714574 0.714574
5085.221191 0.000000 2887.917236 0.000000 0.752082 0.000000 0.659069 0.726704 0.726704 0.726704
5065.204102 0.000000 2888.077881 0.000000 0.849787 0.000000 -0.527125 0.856554 0.856554 0.856554
5064.183594 0.000000 2888.975586 0.000000 0.110282 0.000000 -0.993900 0.948744 0.948744 0.948744
5064.348633 0.000000 2886.935303 0.000000 0.601597 0.000000 -0.798800 0.894250 0.894250 0.894250
5082.937012 0.000000 2910.552979 0.000000 0.900999 0.000000 0.433822 0.754293 0.754293 0.754293
5084.426270 0.000000 2886.318115 0.000000 0.687554 0.000000 0.726133 0.717221 0.717221 0.717221
5115.341797 0.000000 2906.027100 0.000000 0.873221 0.000000 -0.487324 0.800000 0.800000 0.800000
5101.843750 0.000000 2891.939941 0.000000 0.291372 0.000000 -0.956610 0.929884 0.929884 0.929884
5096.544922 0.000000 2902.044678 0.000000 0.991979 0.000000 0.126404 0.800000 0.800000 0.800000
5119.539551 0.000000 2910.021240 0.000000 0.956823 0.000000 -0.290673 0.830041 0.830041 0.830041
5110.327148 0.000000 2908.509033 0.000000 0.854384 0.000000 -0.519642 0.855659 0.855659 0.855659
5100.250000 0.000000 2888.074219 0.000000 0.964136 0.000000 -0.265409 0.800000 0.800000 0.800000
5095.854980 0.000000 2906.123535 0.000000 0.295113 0.000000 -0.955462 0.929486 0.929486 0.929486
5097.208008 0.000000 2895.121582 0.000000 0.621633 0.000000 -0.783309 0.891670 0.891670 0.891670
5103.378906 0.000000 2888.535889 0.000000 0.693766 0.000000 -0.720200 0.881904 0.881904 0.881904
5113.304199 0.000000 2908.176025 0.000000 0.964774 0.000000 0.263081 0.772884 0.772884 0.772884
5097.952637 0.000000 2899.477539 0.000000 0.747213 0.000000 -0.664584 0.874045 0.874045 0.874045
5111.703125 0.000000 2911.002441 0.000000 0.772185 0.000000 -0.635398 0.800000 0.800000 0.800000
5094.037598 0.000000 2904.051270 0.000000 0.500836 0.000000 -0.865542 0.906568 0.906568 0.906568
5097.628906 0.000000 2904.382568 0.000000 0.089679 0.000000 0.995971 0.800000 0.800000 0.800000
5117.576172 0.000000 2911.152344 0.000000 0.572528 0.000000 0.819885 0.800000 0.800000 0.800000
5103.610840 0.000000 2890.665527 0.000000 0.477132 0.000000 -0.878832 0.909337 0.909337 0.909337
5101.603516 0.000000 2889.754395 0.000000 0.999317 0.000000 0.036964 0.800000 0.800000 0.800000
5097.145508 0.000000 2897.366455 0.000000 0.721420 0.000000 0.692497 0.800000 0.800000 0.800000
5096.087402 0.000000 2899.890625 0.000000 0.776898 0.000000 -0.629627 0.869374 0.869374 0.869374
5095.875488 0.000000 2903.829834 0.000000 0.713135 0.000000 0.701027 0.800000 0.800000 0.800000
5112.457520 0.000000 2906.521484 0.000000 0.258153 0.000000 0.966104 0.800000 0.800000 0.800000
5114.509277 0.000000 2909.638428 0.000000 0.953331 0.000000 -0.301928 0.800000 0.800000 0.800000
5094.708496 0.000000 2902.405273 0.000000 0.699956 0.000000 -0.714186 0.800000 0.800000 0.800000
5110.073730 0.000000 2910.197998 0.000000 0.446588 0.000000 0.894740 0.800000 0.800000 0.800000
5111.804688 0.000000 2909.324463 0.000000 0.974715 0.000000 -0.223450 0.822954 0.822954 0.822954
5115.117676 0.000000 2907.958008 0.000000 0.453761 0.000000 -0.891124 0.800000 0.800000 0.800000
5099.397949 0.000000 2898.927979 0.000000 0.562958 0.000000 0.826486 0.800000 0.800000 0.800000
5097.908203 0.000000 2902.894043 0.000000 0.090632 0.000000 0.995884 0.800000 0.800000 0.800000
5119.603027 0.000000 2911.537109 0.000000 0.677232 0.000000 -0.735770 0.884217 0.884217 0.884217
5095.835938 0.000000 2894.676270 0.000000 0.758649 0.000000 0.651500 0.800000 0.800000 0.800000
5094.634766 0.000000 2905.334229 0.000000 0.480625 0.000000 -0.876926 0.908931 0.908931 0.908931
5096.728027 0.000000 2898.652588 0.000000 0.294327 0.000000 -0.955705 0.929569 0.929569 0.929569
5100.575195 0.000000 2891.492920 0.000000 0.556038 0.000000 -0.831157 0.899943 0.899943 0.899943
5095.884766 0.000000 2907.482666 0.000000 0.999839 0.000000 0.017934 0.798173 0.798173 0.798173
5102.331055 0.000000 2890.801514 0.000000 0.131661 0.000000 0.991295 0.653450 0.653450 0.653450
5097.178223 0.000000 2900.533203 0.000000 0.978681 0.000000 -0.205384 0.821070 0.821070 0.821070
5102.879883 0.000000 2889.676514 0.000000 0.230365 0.000000 -0.973104 0.936323 0.936323 0.936323
5113.134766 0.000000 2909.312744 0.000000 0.432355 0.000000 -0.901704 0.914458 0.914458 0.914458
5118.655762 0.000000 2910.851562 0.000000 0.089768 0.000000 -0.995963 0.950844 0.950844 0.950844
5097.800293 0.000000 2898.327148 0.000000 0.758139 0.000000 0.652092 0.727645 0.727645 0.727645
5101.016113 0.000000 2890.558838 0.000000 0.891643 0.000000 0.452739 0.752143 0.752143 0.752143
5073.537598 0.000000 2931.930664 0.000000 0.463535 0.000000 -0.886079 0.910906 0.910906 0.910906
5069.843750 0.000000 2923.939941 0.000000 0.753988 0.000000 0.656888 0.726999 0.726999 0.726999
5077.711914 0.000000 2936.133057 0.000000 0.929027 0.000000 -0.370011 0.800000 0.800000 0.800000
5075.599121 0.000000 2926.177734 0.000000 0.152631 0.000000 0.988283 0.800000 0.800000 0.800000
5081.397461 0.000000 2933.802979 0.000000 0.017836 0.000000 -0.999841 0.958183 0.958183 0.958183
5068.250000 0.000000 2920.074219 0.000000 0.979156 0.000000 0.203107 0.779167 0.779167 0.779167
5081.162598 0.000000 2912.856934 0.000000 0.533310 0.000000 0.845920 0.800000 0.800000 0.800000
5086.641113 0.000000 2928.483887 0.000000 0.064722 0.000000 0.997903 0.800000 0.800000 0.800000
5077.226562 0.000000 2919.274658 0.000000 0.136035 0.000000 -0.990704 0.800000 0.800000 0.800000
5071.378906 0.000000 2920.535889 0.000000 0.758807 0.000000 0.651315 0.727750 0.727750 0.727750
5074.849121 0.000000 2929.109375 0.000000 0.274803 0.000000 0.961501 0.800000 0.800000 0.800000
5076.023926 0.000000 2938.748535 0.000000 0.844570 0.000000 -0.535445 0.800000 0.800000 0.800000
5084.861816 0.000000 2930.855713 0.000000 0.455688 0.000000 0.890139 0.688194 0.688194 0.688194
5080.240723 0.000000 2931.334961 0.000000 0.419948 0.000000 0.907548 0.684145 0.684145 0.684145
5070.137695 0.000000 2918.218262 0.000000 0.923623 0.000000 0.383302 0.800000 0.800000 0.800000
5083.650391 0.000000 2913.134521 0.000000 0.387095 0.000000 -0.922040 0.919513 0.919513 0.919513
5078.832031 0.000000 2933.917725 0.000000 0.116647 0.000000 -0.993173 0.800000 0.800000 0.800000
5070.919434 0.000000 2930.425293 0.000000 0.732282 0.000000 -0.681001 0.800000 0.800000 0.800000
5074.963867 0.000000 2920.413574 0.000000 0.107617 0.000000 -0.994192 0.800000 0.800000 0.800000
5083.518555 0.000000 2932.823730 0.000000 0.998703 0.000000 0.050920 0.800000 0.800000 0.800000
5087.092773 0.000000 2931.585693 0.000000 0.275035 0.000000 0.961434 0.800000 0.800000 0.800000
5084.428223 0.000000 2928.609863 0.000000 0.087486 0.000000 0.996166 0.800000 0.800000 0.800000
5067.557129 0.000000 2917.922363 0.000000 0.934180 0.000000 0.356802 0.800000 0.800000 0.800000
5071.610840 0.000000 2922.665527 0.000000 0.927014 0.000000 0.375026 0.760843 0.760843 0.760843
5069.603516 0.000000 2921.754395 0.000000 0.799807 0.000000 -0.600257 0.865579 0.865579 0.865579
5073.758789 0.000000 2927.165527 0.000000 0.707970 0.000000 -0.706242 0.800000 0.800000 0.800000
5075.724609 0.000000 2931.055664 0.000000 0.845770 0.000000 0.533548 0.800000 0.800000 0.800000
5072.981445 0.000000 2929.918213 0.000000 0.818168 0.000000 -0.574980 0.862397 0.862397 0.862397
5077.583008 0.000000 2921.347900 0.000000 0.952610 0.000000 0.304194 0.800000 0.800000 0.800000
5078.207520 0.000000 2932.081299 0.000000 0.290650 0.000000 -0.956830 0.800000 0.800000 0.800000
5082.123535 0.000000 2931.565674 0.000000 0.985037 0.000000 0.172344 0.782357 0.782357 0.782357
5071.729492 0.000000 2932.479248 0.000000 0.949487 0.000000 0.313806 0.800000 0.800000 0.800000
5071.989746 0.000000 2918.167480 0.000000 0.936941 0.000000 -0.349489 0.800000 0.800000 0.800000
5084.264160 0.000000 2934.555176 0.000000 0.493318 0.000000 0.869849 0.800000 0.800000 0.800000
5075.713379 0.000000 2918.036133 0.000000 0.131941 0.000000 -0.991258 0.946521 0.946521 0.946521
5069.895508 0.000000 2916.516357 0.000000 0.597119 0.000000 -0.802153 0.894820 0.894820 0.894820
5086.498047 0.000000 2930.087158 0.000000 0.918501 0.000000 0.395419 0.800000 0.800000 0.800000
5074.892578 0.000000 2932.878662 0.000000 0.389300 0.000000 -0.921111 0.800000 0.800000 0.800000
5069.904297 0.000000 2919.838867 0.000000 0.976400 0.000000 -0.215968 0.800000 0.800000 0.800000
5075.023438 0.000000 2916.612061 0.000000 0.655461 0.000000 0.755229 0.800000 0.800000 0.800000
5080.071777 0.000000 2932.897217 0.000000 0.352846 0.000000 -0.935681 0.923268 0.923268 0.923268
5073.091309 0.000000 2933.431396 0.000000 0.901344 0.000000 -0.433105 0.845626 0.845626 0.845626
5077.190430 0.000000 2937.591064 0.000000 0.949296 0.000000 0.314383 0.800000 0.800000 0.800000
5075.564453 0.000000 2927.751953 0.000000 0.694435 0.000000 -0.719555 0.800000 0.800000 0.800000
5074.357422 0.000000 2930.541748 0.000000 0.312593 0.000000 0.949887 0.800000 0.800000 0.800000
5077.407227 0.000000 2939.354492 0.000000 0.111762 0.000000 0.993735 0.800000 0.800000 0.800000
5073.493652 0.000000 2928.543945 0.000000 0.358711 0.000000 0.933449 0.677371 0.677371 0.677371
5072.260254 0.000000 2926.614258 0.000000 0.231182 0.000000 -0.972911 0.800000 0.800000 0.800000
5072.202637 0.000000 2931.116699 0.000000 0.035461 0.000000 -0.999371 0.956387 0.956387 0.956387
5082.546875 0.000000 2912.310791 0.000000 0.838452 0.000000 -0.544975 0.858708 0.858708 0.858708
5083.451660 0.000000 2931.346436 0.000000 0.181291 0.000000 -0.983430 0.941431 0.941431 0.941431
5075.870605 0.000000 2919.388916 0.000000 0.854458 0.000000 0.519521 0.744355 0.744355 0.744355
5068.697754 0.000000 2917.199951 0.000000 0.735673 0.000000 0.677337 0.724203 0.724203 0.724203
5068.575195 0.000000 2923.492920 0.000000 0.987421 0.000000 -0.158116 0.816173 0.816173 0.816173
5070.331055 0.000000 2922.801514 0.000000 0.795992 0.000000 0.605308 0.733776 0.733776 0.733776
5074.038574 0.000000 2919.535645 0.000000 0.133672 0.000000 -0.991026 0.946343 0.946343 0.946343
5070.879883 0.000000 2921.676514 0.000000 0.093623 0.000000 0.995608 0.649550 0.649550 0.649550
5068.409668 0.000000 2921.769043 0.000000 0.800200 0.000000 -0.599733 0.865513 0.865513 0.865513
5069.011230 0.000000 2920.827881 0.000000 0.736099 0.000000 0.676874 0.724267 0.724267 0.724267
5074.921387 0.000000 2918.860840 0.000000 0.875362 0.000000 -0.483468 0.851399 0.851399 0.851399
5081.312988 0.000000 2930.892578 0.000000 0.469092 0.000000 0.883149 0.689734 0.689734 0.689734
5070.180664 0.000000 2920.875488 0.000000 0.935738 0.000000 -0.352695 0.836715 0.836715 0.836715
5082.630859 0.000000 2930.649902 0.000000 0.148109 0.000000 -0.988971 0.944858 0.944858 0.944858
5073.252441 0.000000 2930.900391 0.000000 0.442371 0.000000 0.896832 0.686676 0.686676 0.686676
5114.323242 0.000000 2929.666016 0.000000 0.831188 0.000000 -0.555992 0.860052 0.860052 0.860052
5094.346191 0.000000 2919.327637 0.000000 0.352961 0.000000 0.935638 0.800000 0.800000 0.800000
5092.527832 0.000000 2940.744873 0.000000 0.237914 0.000000 -0.971286 0.800000 0.800000 0.800000
5088.155762 0.000000 2923.875977 0.000000 0.311468 0.000000 0.950257 0.800000 0.800000 0.800000
5104.116699 0.000000 2912.205811 0.000000 0.200352 0.000000 0.979724 0.660547 0.660547 0.660547
5109.732422 0.000000 2930.201904 0.000000 0.237748 0.000000 -0.971327 0.800000 0.800000 0.800000
5110.327148 0.000000 2940.509033 0.000000 0.987117 0.000000 -0.160001 0.800000 0.800000 0.800000
5113.397461 0.000000 2933.802979 0.000000 0.001764 0.000000 0.999998 0.800000 0.800000 0.800000
5118.083984 0.000000 2912.082275 0.000000 0.253036 0.000000 0.967457 0.800000 0.800000 0.800000
5093.130859 0.000000 2922.842529 0.000000 0.442365 0.000000 0.896835 0.800000 0.800000 0.800000
5106.562500 0.000000 2915.029297 0.000000 0.187981 0.000000 -0.982173 0.800000 0.800000 0.800000
5119.594727 0.000000 2919.899170 0.000000 0.417032 0.000000 -0.908892 0.800000 0.800000 0.800000
5108.494629 0.000000 2933.132324 0.000000 0.898108 0.000000 -0.439775 0.846381 0.846381 0.846381
5113.304199 0.000000 2940.176025 0.000000 0.398561 0.000000 0.917142 0.681757 0.681757 0.681757
5116.861816 0.000000 2930.855713 0.000000 0.894443 0.000000 -0.447182 0.800000 0.800000 0.800000
5091.005859 0.000000 2924.672852 0.000000 0.931233 0.000000 -0.364424 0.800000 0.800000 0.800000
5112.240723 0.000000 2931.334961 0.000000 0.835835 0.000000 -0.548981 0.859195 0.859195 0.859195
5110.832031 0.000000 2933.917725 0.000000 0.908700 0.000000 -0.417450 0.843864 0.843864 0.843864
5095.332031 0.000000 2921.655518 0.000000 0.412320 0.000000 -0.911039 0.800000 0.800000 0.800000
5106.436035 0.000000 2934.401123 0.000000 0.021391 0.000000 -0.999771 0.800000 0.800000 0.800000
5091.061523 0.000000 2942.539795 0.000000 0.745919 0.000000 0.666036 0.725757 0.725757 0.725757
5106.509766 0.000000 2912.299805 0.000000 0.975921 0.000000 0.218125 0.800000 0.800000 0.800000
5115.518555 0.000000 2932.823730 0.000000 0.999898 0.000000 0.014250 0.800000 0.800000 0.800000
5110.658203 0.000000 2938.260254 0.000000 0.999983 0.000000 0.005761 0.800000 0.800000 0.800000
5092.117676 0.000000 2919.164795 0.000000 0.841584 0.000000 -0.540127 0.800000 0.800000 0.800000
5116.428223 0.000000 2928.609863 0.000000 0.914084 0.000000 0.405524 0.800000 0.800000 0.800000
5090.225586 0.000000 2922.607422 0.000000 0.764486 0.000000 -0.644641 0.871358 0.871358 0.871358
5093.139648 0.000000 2942.875000 0.000000 0.884563 0.000000 0.466420 0.750574 0.750574 0.750574
5104.650391 0.000000 2914.273926 0.000000 0.737570 0.000000 -0.675270 0.875511 0.875511 0.875511
5110.207520 0.000000 2932.081299 0.000000 0.951301 0.000000 -0.308265 0.831919 0.831919 0.831919
5093.167480 0.000000 2920.859375 0.000000 0.335780 0.000000 -0.941940 0.925120 0.925120 0.925120
5088.115234 0.000000 2925.962158 0.000000 0.781210 0.000000 -0.624269 0.868673 0.868673 0.868673
5114.123535 0.000000 2931.565674 0.000000 0.836751 0.000000 -0.547583 0.859025 0.859025 0.859025
5105.451660 0.000000 2916.516113 0.000000 0.250971 0.000000 -0.967995 0.934160 0.934160 0.934160
5112.457520 0.000000 2938.521484 0.000000 0.802214 0.000000 0.597037 0.800000 0.800000 0.800000
5108.191895 0.000000 2934.934570 0.000000 0.962675 0.000000 -0.270660 0.827917 0.827917 0.827917
5095.676270 0.000000 2918.117432 0.000000 0.776714 0.000000 -0.629854 0.800000 0.800000 0.800000
5095.988770 0.000000 2919.927002 0.000000 0.565002 0.000000 -0.825090 0.800000 0.800000 0.800000
5095.079590 0.000000 2923.499023 0.000000 0.982135 0.000000 -0.188176 0.800000 0.800000 0.800000
5111.804688 0.000000 2941.324463 0.000000 0.748610 0.000000 0.663010 0.800000 0.800000 0.800000
5111.334961 0.000000 2935.612305 0.000000 0.204000 0.000000 -0.978971 0.939074 0.939074 0.939074
5118.117676 0.000000 2920.686279 0.000000 0.997674 0.000000 -0.068162 0.800000 0.800000 0.800000
5106.892578 0.000000 2932.878662 0.000000 0.616799 0.000000 0.787121 0.800000 0.800000 0.800000
5089.540527 0.000000 2925.268799 0.000000 0.548963 0.000000 0.835846 0.699193 0.699193 0.699193
5119.113281 0.000000 2913.236084 0.000000 0.986292 0.000000 -0.165008 0.800000 0.800000 0.800000
5112.071777 0.000000 2932.897217 0.000000 0.375114 0.000000 -0.926979 0.800000 0.800000 0.800000
5107.326660 0.000000 2913.689453 0.000000 0.998794 0.000000 0.049098 0.800000 0.800000 0.800000
5091.596680 0.000000 2923.260742 0.000000 0.983718 0.000000 0.179720 0.781594 0.781594 0.781594
5111.679199 0.000000 2939.816162 0.000000 0.392103 0.000000 -0.919921 0.800000 0.800000 0.800000
5119.259277 0.000000 2918.479492 0.000000 0.870818 0.000000 -0.491606 0.800000 0.800000 0.800000
5106.957031 0.000000 2935.748535 0.000000 0.471999 0.000000 -0.881599 0.800000 0.800000 0.800000
5114.921387 0.000000 2928.373291 0.000000 0.564521 0.000000 0.825419 0.701101 0.701101 0.701101
5115.739258 0.000000 2929.905029 0.000000 0.212513 0.000000 -0.977158 0.938187 0.938187 0.938187
5112.910156 0.000000 2929.944336 0.000000 0.638011 0.000000 0.770027 0.800000 0.800000 0.800000
5109.469238 0.000000 2934.285645 0.000000 0.799073 0.000000 0.601234 0.734296 0.734296 0.734296
5105.957031 0.000000 2913.672363 0.000000 0.715335 0.000000 -0.698782 0.878808 0.878808 0.878808
5115.451660 0.000000 2931.346436 0.000000 0.888299 0.000000 -0.459265 0.848604 0.848604 0.848604
5110.931152 0.000000 2930.842529 0.000000 0.999126 0.000000 -0.041803 0.804259 0.804259 0.804259
5105.287598 0.000000 2912.620117 0.000000 0.777644 0.000000 -0.628705 0.869253 0.869253 0.869253
5104.936035 0.000000 2915.445801 0.000000 0.342898 0.000000 0.939373 0.675651 0.675651 0.675651
5092.071777 0.000000 2943.393555 0.000000 0.126141 0.000000 -0.992012 0.947117 0.947117 0.947117
5104.258301 0.000000 2916.982910 0.000000 0.987366 0.000000 -0.158456 0.816209 0.816209 0.816209
5109.672852 0.000000 2933.126953 0.000000 0.999010 0.000000 0.044489 0.795467 0.795467 0.795467
5113.134766 0.000000 2941.312744 0.000000 0.205492 0.000000 -0.978659 0.938919 0.938919 0.938919
5111.353516 0.000000 2932.050049 0.000000 0.976343 0.000000 0.216227 0.777800 0.777800 0.777800
5088.476562 0.000000 2924.928223 0.000000 0.999646 0.000000 0.026613 0.797289 0.797289 0.797289
5090.985352 0.000000 2943.981689 0.000000 0.545446 0.000000 -0.838146 0.901235 0.901235 0.901235
5108.637207 0.000000 2935.955566 0.000000 0.130278 0.000000 -0.991478 0.946692 0.946692 0.946692
5111.870117 0.000000 2930.181396 0.000000 0.801972 0.000000 -0.597362 0.865211 0.865211 0.865211
5113.312988 0.000000 2930.892578 0.000000 0.976506 0.000000 -0.215489 0.822123 0.822123 0.822123
5093.531738 0.000000 2943.937012 0.000000 0.197462 0.000000 -0.980311 0.939754 0.939754 0.939754
5114.630859 0.000000 2930.649902 0.000000 0.535270 0.000000 -0.844681 0.902467 0.902467 0.902467
5105.604492 0.000000 2914.648193 0.000000 0.092878 0.000000 -0.995677 0.950526 0.950526 0.950526
5023.539551 0.000000 2974.021240 0.000000 0.615133 0.000000 0.788423 0.800000 0.800000 0.800000
5018.406738 0.000000 2975.556152 0.000000 0.125774 0.000000 -0.992059 0.947155 0.947155 0.947155
5020.450684 0.000000 2973.061768 0.000000 0.936559 0.000000 -0.350511 0.800000 0.800000 0.800000
5022.431152 0.000000 2970.654297 0.000000 0.250222 0.000000 0.968189 0.800000 0.800000 0.800000
5016.642090 0.000000 2968.653564 0.000000 0.056219 0.000000 -0.998418 0.954271 0.954271 0.954271
5018.883789 0.000000 2967.619141 0.000000 0.259971 0.000000 0.965616 0.800000 0.800000 0.800000
5021.576172 0.000000 2975.152344 0.000000 0.364132 0.000000 -0.931347 0.922037 0.922037 0.922037
5023.026367 0.000000 2967.029541 0.000000 0.817310 0.000000 0.576199 0.800000 0.800000 0.800000
5023.967773 0.000000 2971.734619 0.000000 0.195511 0.000000 0.980702 0.800000 0.800000 0.800000
5018.509277 0.000000 2973.638428 0.000000 0.885131 0.000000 0.465342 0.800000 0.800000 0.800000
5023.353027 0.000000 2968.887939 0.000000 0.574626 0.000000 0.818416 0.702353 0.702353 0.702353
5019.964844 0.000000 2974.674805 0.000000 0.786634 0.000000 -0.617420 0.867783 0.867783 0.867783
5023.603027 0.000000 2975.537109 0.000000 0.794986 0.000000 -0.606628 0.800000 0.800000 0.800000
5017.779297 0.000000 2969.736328 0.000000 0.589583 0.000000 -0.807708 0.895774 0.895774 0.895774
5017.465820 0.000000 2967.266846 0.000000 0.997861 0.000000 -0.065377 0.806664 0.806664 0.806664
5019.973145 0.000000 2968.618896 0.000000 0.723784 0.000000 -0.690027 0.800000 0.800000 0.800000
5018.745117 0.000000 2966.209717 0.000000 0.227876 0.000000 -0.973690 0.800000 0.800000 0.800000
5016.114258 0.000000 2966.451904 0.000000 0.560841 0.000000 -0.827924 0.899353 0.899353 0.899353
5020.437500 0.000000 2975.939209 0.000000 0.999649 0.000000 0.026495 0.797301 0.797301 0.797301
5022.168457 0.000000 2969.344971 0.000000 0.456967 0.000000 -0.889484 0.911659 0.911659 0.911659
5022.491699 0.000000 2968.056396 0.000000 0.998373 0.000000 0.057026 0.794188 0.794188 0.794188
5047.498535 0.000000 2953.706787 0.000000 0.944829 0.000000 0.327565 0.766007 0.766007 0.766007
5029.415527 0.000000 2958.626709 0.000000 0.986488 0.000000 0.163836 0.800000 0.800000 0.800000
5024.554199 0.000000 2968.431396 0.000000 0.722467 0.000000 -0.691405 0.877763 0.877763 0.877763
5032.544922 0.000000 2966.044678 0.000000 0.916185 0.000000 -0.400755 0.800000 0.800000 0.800000
5037.880859 0.000000 2968.671875 0.000000 0.446195 0.000000 0.894936 0.687111 0.687111 0.687111
5053.731934 0.000000 2965.542725 0.000000 0.999008 0.000000 -0.044528 0.800000 0.800000 0.800000
5052.482422 0.000000 2952.834229 0.000000 0.493751 0.000000 0.869604 0.692600 0.692600 0.692600
5033.063965 0.000000 2955.399170 0.000000 0.969169 0.000000 0.246396 0.800000 0.800000 0.800000
5031.165527 0.000000 2962.219238 0.000000 0.989547 0.000000 -0.144213 0.800000 0.800000 0.800000
5034.342773 0.000000 2944.170410 0.000000 0.921169 0.000000 -0.389163 0.800000 0.800000 0.800000
5029.130859 0.000000 2954.842529 0.000000 0.920706 0.000000 -0.390257 0.840836 0.840836 0.840836
5049.733887 0.000000 2951.046875 0.000000 0.792242 0.000000 0.610207 0.800000 0.800000 0.800000
5045.226562 0.000000 2951.274658 0.000000 0.556647 0.000000 0.830749 0.700132 0.700132 0.700132
5055.594727 0.000000 2951.899170 0.000000 0.753794 0.000000 -0.657111 0.800000 0.800000 0.800000
5044.781250 0.000000 2955.220459 0.000000 0.978290 0.000000 -0.207243 0.800000 0.800000 0.800000
5025.348145 0.000000 2971.392090 0.000000 0.899265 0.000000 -0.437405 0.800000 0.800000 0.800000
5037.245605 0.000000 2944.947510 0.000000 0.923638 0.000000 0.383267 0.759936 0.759936 0.759936
5033.952637 0.000000 2963.477539 0.000000 0.978979 0.000000 0.203960 0.800000 0.800000 0.800000
5052.780273 0.000000 2955.672607 0.000000 0.954153 0.000000 -0.299319 0.800000 0.800000 0.800000
5052.861816 0.000000 2962.855713 0.000000 0.443954 0.000000 0.896049 0.686856 0.686856 0.686856
5027.005859 0.000000 2956.672852 0.000000 0.460602 0.000000 -0.887607 0.800000 0.800000 0.800000
5050.168945 0.000000 2954.525146 0.000000 0.999497 0.000000 -0.031699 0.803229 0.803229 0.803229
5044.769531 0.000000 2948.682129 0.000000 0.638124 0.000000 -0.769933 0.800000 0.800000 0.800000
5030.243652 0.000000 2964.651855 0.000000 0.214587 0.000000 -0.976705 0.937971 0.937971 0.937971
5055.065430 0.000000 2954.366455 0.000000 0.935469 0.000000 0.353408 0.800000 0.800000 0.800000
5031.435547 0.000000 2957.242920 0.000000 0.997552 0.000000 -0.069925 0.807128 0.807128 0.807128
5051.518555 0.000000 2964.823730 0.000000 0.705352 0.000000 0.708857 0.800000 0.800000 0.800000
5055.092773 0.000000 2963.585693 0.000000 0.728874 0.000000 -0.684648 0.800000 0.800000 0.800000
5026.225586 0.000000 2954.607422 0.000000 0.320585 0.000000 -0.947220 0.800000 0.800000 0.800000
5035.643066 0.000000 2964.648682 0.000000 0.295111 0.000000 -0.955463 0.929486 0.929486 0.929486
5047.807617 0.000000 2951.713135 0.000000 0.709206 0.000000 0.705002 0.800000 0.800000 0.800000
5028.347656 0.000000 2963.973389 0.000000 0.166039 0.000000 -0.986119 0.800000 0.800000 0.800000
5045.583008 0.000000 2953.347900 0.000000 0.646840 0.000000 -0.762625 0.800000 0.800000 0.800000
5032.087402 0.000000 2963.890625 0.000000 0.164972 0.000000 0.986298 0.800000 0.800000 0.800000
5029.654297 0.000000 2956.635742 0.000000 0.343926 0.000000 -0.938997 0.924238 0.924238 0.924238
5037.335449 0.000000 2966.562012 0.000000 0.070877 0.000000 0.997485 0.800000 0.800000 0.800000
5050.123535 0.000000 2963.565674 0.000000 0.999573 0.000000 -0.029228 0.800000 0.800000 0.800000
5031.875488 0.000000 2967.829834 0.000000 0.173378 0.000000 0.984855 0.800000 0.800000 0.800000
5049.255859 0.000000 2952.843994 0.000000 0.779815 0.000000 -0.626010 0.868900 0.868900 0.868900
5025.845215 0.000000 2969.649414 0.000000 0.204423 0.000000 0.978883 0.660970 0.660970 0.660970
5030.708496 0.000000 2966.405273 0.000000 0.616613 0.000000 0.787266 0.800000 0.800000 0.800000
5031.079590 0.000000 2955.499023 0.000000 0.017060 0.000000 -0.999854 0.958262 0.958262 0.958262
5043.713379 0.000000 2950.036133 0.000000 0.658116 0.000000 0.752916 0.800000 0.800000 0.800000
5046.490234 0.000000 2955.251465 0.000000 0.892695 0.000000 -0.450660 0.800000 0.800000 0.800000
5034.096680 0.000000 2965.395020 0.000000 0.766818 0.000000 0.641865 0.729011 0.729011 0.729011
5050.873535 0.000000 2952.301270 0.000000 0.996241 0.000000 -0.086622 0.808834 0.808834 0.808834
5054.117676 0.000000 2952.686279 0.000000 0.306733 0.000000 0.951796 0.671755 0.671755 0.671755
5029.578125 0.000000 2962.815186 0.000000 0.013074 0.000000 0.999915 0.800000 0.800000 0.800000
5054.498047 0.000000 2962.087158 0.000000 0.987763 0.000000 -0.155965 0.800000 0.800000 0.800000
5049.364258 0.000000 2955.963867 0.000000 0.999798 0.000000 -0.020102 0.802048 0.802048 0.802048
5051.810547 0.000000 2954.312012 0.000000 0.070049 0.000000 -0.997544 0.952859 0.952859 0.952859
5024.011230 0.000000 2970.099121 0.000000 0.675768 0.000000 -0.737115 0.800000 0.800000 0.800000
5051.181152 0.000000 2955.855957 0.000000 0.996473 0.000000 -0.083911 0.808557 0.808557 0.808557
5053.436035 0.000000 2954.161133 0.000000 0.971855 0.000000 0.235579 0.800000 0.800000 0.800000
5035.397949 0.000000 2962.927979 0.000000 0.851815 0.000000 -0.523842 0.800000 0.800000 0.800000
5032.959473 0.000000 2957.562500 0.000000 0.227138 0.000000 -0.973863 0.800000 0.800000 0.800000
5033.908203 0.000000 2966.894043 0.000000 0.991584 0.000000 -0.129465 0.800000 0.800000 0.800000
5038.894531 0.000000 2945.264160 0.000000 0.674596 0.000000 -0.738187 0.800000 0.800000 0.800000
5055.348633 0.000000 2965.332031 0.000000 0.362110 0.000000 -0.932135 0.922258 0.922258 0.922258
5035.919434 0.000000 2944.139404 0.000000 0.999999 0.000000 0.001190 0.800000 0.800000 0.800000
5038.604980 0.000000 2967.373779 0.000000 0.590091 0.000000 0.807337 0.800000 0.800000 0.800000
5047.832031 0.000000 2950.217773 0.000000 0.971318 0.000000 0.237786 0.800000 0.800000 0.800000
5027.596680 0.000000 2955.260742 0.000000 0.442321 0.000000 0.896857 0.800000 0.800000 0.800000
5048.501953 0.000000 2954.781738 0.000000 0.465562 0.000000 -0.885015 0.910673 0.910673 0.910673
5046.393555 0.000000 2952.138184 0.000000 0.286049 0.000000 -0.958215 0.930451 0.930451 0.930451
5055.259277 0.000000 2950.479492 0.000000 0.396122 0.000000 -0.918198 0.800000 0.800000 0.800000
5031.835938 0.000000 2958.676270 0.000000 0.801547 0.000000 -0.597931 0.800000 0.800000 0.800000
5024.016113 0.000000 2967.053955 0.000000 0.946915 0.000000 -0.321484 0.800000 0.800000 0.800000
5053.738281 0.000000 2964.068359 0.000000 0.004878 0.000000 -0.999988 0.800000 0.800000 0.800000
5028.357910 0.000000 2956.328613 0.000000 0.188231 0.000000 0.982125 0.659288 0.659288 0.659288
5031.460938 0.000000 2965.181396 0.000000 0.738216 0.000000 -0.674564 0.875414 0.875414 0.875414
5033.178223 0.000000 2964.533203 0.000000 0.274729 0.000000 -0.961522 0.931652 0.931652 0.931652
5028.772949 0.000000 2957.454590 0.000000 0.924078 0.000000 -0.382205 0.839947 0.839947 0.839947
5055.414062 0.000000 2953.229980 0.000000 0.519524 0.000000 -0.854456 0.904355 0.904355 0.904355
5050.727051 0.000000 2953.462891 0.000000 0.329428 0.000000 -0.944181 0.925806 0.925806 0.925806
5044.878418 0.000000 2950.163330 0.000000 0.402443 0.000000 -0.915445 0.917812 0.917812 0.917812
5039.092285 0.000000 2969.016113 0.000000 0.579941 0.000000 0.814659 0.703016 0.703016 0.703016
5029.999512 0.000000 2955.575684 0.000000 0.925682 0.000000 -0.378302 0.839517 0.839517 0.839517
5039.773438 0.000000 2969.833740 0.000000 0.478577 0.000000 0.878045 0.690831 0.690831 0.690831
5030.679199 0.000000 2956.460205 0.000000 0.563973 0.000000 -0.825793 0.898967 0.898967 0.898967
5024.785156 0.000000 2969.436523 0.000000 0.289959 0.000000 -0.957039 0.930035 0.930035 0.930035
5030.034668 0.000000 2965.639893 0.000000 0.905165 0.000000 0.425060 0.755281 0.755281 0.755281
5025.644043 0.000000 2968.505371 0.000000 0.164267 0.000000 -0.986416 0.943192 0.943192 0.943192
5022.083984 0.000000 2976.082275 0.000000 0.712428 0.000000 -0.701745 0.800000 0.800000 0.800000
5019.650391 0.000000 2977.134521 0.000000 0.216839 0.000000 -0.976207 0.800000 0.800000 0.800000
5023.113281 0.000000 2977.236084 0.000000 0.091509 0.000000 -0.995804 0.800000 0.800000 0.800000
5061.415527 0.000000 2958.626709 0.000000 0.991891 0.000000 0.127091 0.800000 0.800000 0.800000
5068.263672 0.000000 2947.783203 0.000000 0.291510 0.000000 -0.956568 0.929870 0.929870 0.929870
5076.977051 0.000000 2944.686279 0.000000 0.251401 0.000000 0.967883 0.800000 0.800000 0.800000
5062.346191 0.000000 2951.327637 0.000000 0.666123 0.000000 0.745842 0.714255 0.714255 0.714255
5081.162598 0.000000 2944.856934 0.000000 0.769960 0.000000 0.638092 0.729512 0.729512 0.729512
5066.342773 0.000000 2944.170410 0.000000 0.424628 0.000000 0.905368 0.684670 0.684670 0.684670
5065.208008 0.000000 2959.121582 0.000000 0.310836 0.000000 0.950464 0.672195 0.672195 0.672195
5057.764648 0.000000 2959.229736 0.000000 0.508527 0.000000 -0.861046 0.800000 0.800000 0.800000
5065.434570 0.000000 2950.829834 0.000000 0.351060 0.000000 -0.936353 0.800000 0.800000 0.800000
5068.563477 0.000000 2958.581787 0.000000 0.672497 0.000000 -0.740100 0.884871 0.884871 0.884871
5059.005859 0.000000 2956.672852 0.000000 0.193169 0.000000 0.981165 0.800000 0.800000 0.800000
5063.332031 0.000000 2953.655518 0.000000 0.862565 0.000000 0.505946 0.745966 0.745966 0.745966
5063.435547 0.000000 2957.242920 0.000000 0.944245 0.000000 -0.329245 0.800000 0.800000 0.800000
5056.325195 0.000000 2951.180420 0.000000 0.098612 0.000000 0.995126 0.650061 0.650061 0.650061
5066.662598 0.000000 2957.113281 0.000000 0.184986 0.000000 0.982741 0.658952 0.658952 0.658952
5056.261719 0.000000 2953.458252 0.000000 0.950115 0.000000 -0.311899 0.800000 0.800000 0.800000
5065.793945 0.000000 2953.081787 0.000000 0.943101 0.000000 0.332507 0.765474 0.765474 0.765474
5064.483398 0.000000 2945.546875 0.000000 0.983522 0.000000 -0.180790 0.800000 0.800000 0.800000
5070.720215 0.000000 2958.146729 0.000000 0.966436 0.000000 0.256909 0.800000 0.800000 0.800000
5066.519531 0.000000 2946.410156 0.000000 0.244811 0.000000 -0.969571 0.800000 0.800000 0.800000
5079.167480 0.000000 2944.006104 0.000000 0.270802 0.000000 0.962635 0.667932 0.667932 0.667932
5059.633789 0.000000 2959.782227 0.000000 0.978585 0.000000 0.205842 0.800000 0.800000 0.800000
5067.083984 0.000000 2959.786377 0.000000 0.967110 0.000000 -0.254358 0.826196 0.826196 0.826196
5070.166504 0.000000 2946.606445 0.000000 0.964200 0.000000 0.265178 0.772662 0.772662 0.772662
5056.115234 0.000000 2957.962158 0.000000 0.312357 0.000000 -0.949965 0.800000 0.800000 0.800000
5061.654297 0.000000 2956.635742 0.000000 0.870559 0.000000 -0.492064 0.852402 0.852402 0.852402
5063.676270 0.000000 2950.117432 0.000000 0.290660 0.000000 -0.956826 0.929960 0.929960 0.929960
5063.988770 0.000000 2951.927002 0.000000 0.935526 0.000000 -0.353258 0.836776 0.836776 0.836776
5068.354980 0.000000 2956.842285 0.000000 0.654765 0.000000 0.755833 0.712714 0.712714 0.712714
5059.822754 0.000000 2958.171875 0.000000 0.512254 0.000000 -0.858834 0.800000 0.800000 0.800000
5068.138184 0.000000 2946.131348 0.000000 0.752928 0.000000 0.658103 0.726835 0.726835 0.726835
5071.291992 0.000000 2956.641113 0.000000 0.021374 0.000000 0.999772 0.800000 0.800000 0.800000
5057.540527 0.000000 2957.268799 0.000000 0.847247 0.000000 0.531199 0.800000 0.800000 0.800000
5064.959473 0.000000 2957.562500 0.000000 0.960732 0.000000 0.277478 0.800000 0.800000 0.800000
5067.919434 0.000000 2944.139404 0.000000 0.149669 0.000000 -0.988736 0.944697 0.944697 0.944697
5063.835938 0.000000 2958.676270 0.000000 0.998431 0.000000 0.055990 0.794294 0.794294 0.794294
5057.761230 0.000000 2951.131836 0.000000 0.905675 0.000000 0.423973 0.755403 0.755403 0.755403
5064.696289 0.000000 2953.940674 0.000000 0.125484 0.000000 -0.992096 0.947185 0.947185 0.947185
5066.486328 0.000000 2958.545654 0.000000 0.937097 0.000000 0.349070 0.763679 0.763679 0.763679
5069.573730 0.000000 2957.404297 0.000000 0.746702 0.000000 0.665159 0.725876 0.725876 0.725876
5060.357910 0.000000 2956.328613 0.000000 0.801727 0.000000 -0.597690 0.865253 0.865253 0.865253
5069.787109 0.000000 2959.050293 0.000000 0.842817 0.000000 -0.538200 0.857886 0.857886 0.857886
5062.040527 0.000000 2953.920654 0.000000 0.293999 0.000000 -0.955806 0.929604 0.929604 0.929604
5079.670410 0.000000 2945.208496 0.000000 0.580654 0.000000 0.814150 0.703105 0.703105 0.703105
5062.417480 0.000000 2952.681641 0.000000 0.544860 0.000000 0.838527 0.698693 0.698693 0.698693
5062.646484 0.000000 2958.228516 0.000000 0.071870 0.000000 -0.997414 0.952673 0.952673 0.952673
5071.434570 0.000000 2946.596191 0.000000 0.998567 0.000000 0.053517 0.794546 0.794546 0.794546
5069.387695 0.000000 2947.471680 0.000000 0.921975 0.000000 -0.387249 0.840504 0.840504 0.840504
5062.143066 0.000000 2959.448486 0.000000 0.646856 0.000000 -0.762612 0.888347 0.888347 0.888347
5094.333008 0.000000 2944.647461 0.000000 0.999131 0.000000 -0.041688 0.804248 0.804248 0.804248
5091.067383 0.000000 2945.031982 0.000000 0.247272 0.000000 0.968946 0.800000 0.800000 0.800000
5094.559082 0.000000 2946.764648 0.000000 0.908516 0.000000 -0.417850 0.800000 0.800000 0.800000
5092.704590 0.000000 2946.037598 0.000000 0.895814 0.000000 -0.444429 0.800000 0.800000 0.800000
5092.504395 0.000000 2944.043457 0.000000 0.455058 0.000000 -0.890462 0.911878 0.911878 0.911878
5095.791016 0.000000 2944.097900 0.000000 0.104456 0.000000 0.994530 0.650659 0.650659 0.650659
5095.198242 0.000000 2945.578369 0.000000 0.942415 0.000000 -0.334445 0.834736 0.834736 0.834736
5093.865723 0.000000 2945.739502 0.000000 0.993811 0.000000 -0.111088 0.811339 0.811339 0.811339
5093.050781 0.000000 2945.009277 0.000000 0.646953 0.000000 0.762530 0.711666 0.711666 0.711666
5182.431152 0.000000 2618.654297 0.000000 0.561162 0.000000 -0.827706 0.800000 0.800000 0.800000
5183.967773 0.000000 2619.734619 0.000000 0.500731 0.000000 -0.865603 0.800000 0.800000 0.800000
5183.353027 0.000000 2616.887939 0.000000 0.699578 0.000000 -0.714556 0.800000 0.800000 0.800000
5184.554199 0.000000 2616.431396 0.000000 0.500088 0.000000 -0.865975 0.906656 0.906656 0.906656
5192.544922 0.000000 2614.044678 0.000000 0.952157 0.000000 -0.305609 0.800000 0.800000 0.800000
5191.854980 0.000000 2618.123535 0.000000 0.999160 0.000000 -0.040977 0.800000 0.800000 0.800000
5187.740234 0.000000 2617.515137 0.000000 0.876462 0.000000 -0.481471 0.800000 0.800000 0.800000
5185.348145 0.000000 2619.392090 0.000000 0.996135 0.000000 0.087839 0.791041 0.791041 0.791041
5190.037598 0.000000 2616.051270 0.000000 0.679727 0.000000 -0.733465 0.883871 0.883871 0.883871
5193.628906 0.000000 2616.382568 0.000000 0.947261 0.000000 0.320462 0.766772 0.766772 0.766772
5187.061523 0.000000 2622.539795 0.000000 0.807348 0.000000 0.590076 0.735711 0.735711 0.735711
5193.177734 0.000000 2619.820068 0.000000 0.096579 0.000000 -0.995325 0.800000 0.800000 0.800000
5191.875488 0.000000 2615.829834 0.000000 0.407035 0.000000 0.913413 0.800000 0.800000 0.800000
5187.270996 0.000000 2619.270264 0.000000 0.684619 0.000000 -0.728902 0.883190 0.883190 0.883190
5186.083984 0.000000 2621.022705 0.000000 0.159135 0.000000 -0.987257 0.943721 0.943721 0.943721
5185.845215 0.000000 2617.649414 0.000000 0.997921 0.000000 0.064453 0.793430 0.793430 0.793430
5190.708496 0.000000 2614.405273 0.000000 0.999659 0.000000 -0.026118 0.800000 0.800000 0.800000
5193.528320 0.000000 2618.108643 0.000000 0.551725 0.000000 -0.834026 0.800000 0.800000 0.800000
5184.011230 0.000000 2618.099121 0.000000 0.998663 0.000000 0.051703 0.794731 0.794731 0.794731
5184.507812 0.000000 2620.714355 0.000000 0.677283 0.000000 -0.735723 0.800000 0.800000 0.800000
5193.908203 0.000000 2614.894043 0.000000 0.636496 0.000000 0.771280 0.800000 0.800000 0.800000
5186.620605 0.000000 2616.326416 0.000000 0.987054 0.000000 0.160390 0.800000 0.800000 0.800000
5190.634766 0.000000 2617.334229 0.000000 0.120238 0.000000 -0.992745 0.947723 0.947723 0.947723
5192.457520 0.000000 2616.977539 0.000000 0.380592 0.000000 0.924743 0.679769 0.679769 0.679769
5187.286133 0.000000 2620.708008 0.000000 0.760664 0.000000 -0.649146 0.871960 0.871960 0.871960
5184.161133 0.000000 2619.270996 0.000000 0.830695 0.000000 -0.556728 0.860142 0.860142 0.860142
5186.347168 0.000000 2618.658203 0.000000 0.254838 0.000000 -0.966984 0.933753 0.933753 0.933753
5186.405762 0.000000 2619.977051 0.000000 0.715338 0.000000 0.698778 0.721193 0.721193 0.721193
5186.985352 0.000000 2623.981689 0.000000 0.405825 0.000000 -0.913951 0.917435 0.917435 0.917435
5184.996094 0.000000 2618.453613 0.000000 0.933999 0.000000 -0.357275 0.837214 0.837214 0.837214
5179.341797 0.000000 2650.027100 0.000000 0.711489 0.000000 -0.702698 0.879367 0.879367 0.879367
5181.731934 0.000000 2645.542725 0.000000 0.203125 0.000000 -0.979153 0.939165 0.939165 0.939165
5180.861816 0.000000 2642.855713 0.000000 0.981050 0.000000 0.193753 0.800000 0.800000 0.800000
5181.382812 0.000000 2648.181885 0.000000 0.116216 0.000000 0.993224 0.651865 0.651865 0.651865
5178.883789 0.000000 2647.619141 0.000000 0.339344 0.000000 -0.940662 0.800000 0.800000 0.800000
5179.518555 0.000000 2644.823730 0.000000 0.719367 0.000000 0.694630 0.721782 0.721782 0.721782
5178.123535 0.000000 2643.565674 0.000000 0.994121 0.000000 -0.108279 0.800000 0.800000 0.800000
5180.776367 0.000000 2651.307861 0.000000 0.675955 0.000000 -0.736943 0.884394 0.884394 0.884394
5180.264160 0.000000 2646.555176 0.000000 0.723512 0.000000 -0.690312 0.877609 0.877609 0.877609
5179.117676 0.000000 2651.958008 0.000000 0.997048 0.000000 -0.076783 0.807829 0.807829 0.807829
5180.964844 0.000000 2649.731445 0.000000 0.490944 0.000000 0.871191 0.692271 0.692271 0.692271
5179.973145 0.000000 2648.618896 0.000000 0.759353 0.000000 0.650679 0.727835 0.727835 0.727835
5181.738281 0.000000 2644.068359 0.000000 0.129365 0.000000 -0.991597 0.946786 0.946786 0.946786
5178.745117 0.000000 2646.209717 0.000000 0.852346 0.000000 -0.522979 0.800000 0.800000 0.800000
5181.463379 0.000000 2646.744873 0.000000 0.914144 0.000000 0.405390 0.757483 0.757483 0.757483
5180.766113 0.000000 2644.839355 0.000000 0.588364 0.000000 0.808596 0.704073 0.704073 0.704073
5128.544922 0.000000 2678.044678 0.000000 0.668215 0.000000 0.743968 0.714541 0.714541 0.714541
5124.527832 0.000000 2684.744873 0.000000 0.427659 0.000000 0.903940 0.800000 0.800000 0.800000
5145.397461 0.000000 2677.802979 0.000000 0.887948 0.000000 0.459944 0.751318 0.751318 0.751318
5120.671875 0.000000 2686.357910 0.000000 0.517249 0.000000 0.855835 0.695374 0.695374 0.695374
5133.865723 0.000000 2676.719238 0.000000 0.466737 0.000000 -0.884396 0.910537 0.910537 0.910537
5131.484863 0.000000 2678.695068 0.000000 0.503882 0.000000 -0.863772 0.800000 0.800000 0.800000
5140.428711 0.000000 2686.634766 0.000000 0.331963 0.000000 0.943292 0.800000 0.800000 0.800000
5143.703125 0.000000 2687.002441 0.000000 0.172545 0.000000 0.985002 0.657664 0.657664 0.657664
5144.240723 0.000000 2675.334961 0.000000 0.900019 0.000000 0.435851 0.754063 0.754063 0.754063
5126.243652 0.000000 2676.651855 0.000000 0.786023 0.000000 0.618197 0.800000 0.800000 0.800000
5134.919434 0.000000 2674.425293 0.000000 0.599392 0.000000 -0.800456 0.894531 0.894531 0.894531
5123.061523 0.000000 2686.539795 0.000000 0.498103 0.000000 0.867118 0.800000 0.800000 0.800000
5125.709473 0.000000 2682.366455 0.000000 0.846218 0.000000 0.532837 0.800000 0.800000 0.800000
5131.643066 0.000000 2676.648682 0.000000 0.738372 0.000000 0.674394 0.800000 0.800000 0.800000
5133.335449 0.000000 2678.562012 0.000000 0.946182 0.000000 0.323636 0.800000 0.800000 0.800000
5132.975586 0.000000 2675.061279 0.000000 0.689443 0.000000 0.724340 0.800000 0.800000 0.800000
5127.875488 0.000000 2679.829834 0.000000 0.777753 0.000000 0.628570 0.800000 0.800000 0.800000
5123.270996 0.000000 2683.270264 0.000000 0.932675 0.000000 0.360717 0.800000 0.800000 0.800000
5122.083984 0.000000 2685.022705 0.000000 0.068857 0.000000 0.997627 0.647019 0.647019 0.647019
5126.708496 0.000000 2678.405273 0.000000 0.975897 0.000000 -0.218231 0.800000 0.800000 0.800000
5142.073730 0.000000 2686.197998 0.000000 0.330800 0.000000 -0.943701 0.925658 0.925658 0.925658
5130.096680 0.000000 2677.395020 0.000000 0.919458 0.000000 0.393187 0.800000 0.800000 0.800000
5121.921387 0.000000 2687.779297 0.000000 0.067291 0.000000 -0.997733 0.953141 0.953141 0.953141
5145.196777 0.000000 2686.529053 0.000000 0.943416 0.000000 -0.331613 0.800000 0.800000 0.800000
5120.507812 0.000000 2684.714355 0.000000 0.979262 0.000000 0.202600 0.800000 0.800000 0.800000
5144.071777 0.000000 2676.897217 0.000000 0.944935 0.000000 0.327259 0.766040 0.766040 0.766040
5131.397949 0.000000 2674.927979 0.000000 0.780744 0.000000 -0.624851 0.800000 0.800000 0.800000
5129.908203 0.000000 2678.894043 0.000000 0.287414 0.000000 -0.957806 0.930305 0.930305 0.930305
5134.418945 0.000000 2675.584961 0.000000 0.880944 0.000000 0.473221 0.749789 0.749789 0.749789
5145.299316 0.000000 2676.510010 0.000000 0.851180 0.000000 -0.524873 0.856284 0.856284 0.856284
5120.025879 0.000000 2687.399658 0.000000 0.349356 0.000000 -0.936990 0.923648 0.923648 0.923648
5121.792480 0.000000 2686.077881 0.000000 0.245095 0.000000 -0.969499 0.934778 0.934778 0.934778
5145.312988 0.000000 2674.892578 0.000000 0.684072 0.000000 -0.729415 0.883266 0.883266 0.883266
5184.082520 0.000000 2628.540039 0.000000 0.333941 0.000000 0.942594 0.674681 0.674681 0.674681
5187.067383 0.000000 2625.031982 0.000000 0.724131 0.000000 -0.689663 0.800000 0.800000 0.800000
5184.283691 0.000000 2624.049316 0.000000 0.902117 0.000000 0.431491 0.800000 0.800000 0.800000
5186.277344 0.000000 2629.824951 0.000000 0.211806 0.000000 0.977312 0.800000 0.800000 0.800000
5185.025391 0.000000 2626.308105 0.000000 0.635028 0.000000 0.772489 0.800000 0.800000 0.800000
5186.145996 0.000000 2627.895508 0.000000 0.305203 0.000000 -0.952287 0.800000 0.800000 0.800000
5187.110840 0.000000 2626.621338 0.000000 0.736604 0.000000 0.676325 0.800000 0.800000 0.800000
5185.874023 0.000000 2624.103760 0.000000 0.819368 0.000000 -0.573268 0.800000 0.800000 0.800000
5184.883789 0.000000 2629.877930 0.000000 0.543735 0.000000 -0.839257 0.901443 0.901443 0.901443
5185.318848 0.000000 2628.719482 0.000000 0.857710 0.000000 0.514134 0.744996 0.744996 0.744996
5130.484375 0.000000 2717.530273 0.000000 0.088613 0.000000 -0.996066 0.800000 0.800000 0.800000
5120.082520 0.000000 2692.540039 0.000000 0.789098 0.000000 -0.614268 0.800000 0.800000 0.800000
5140.977051 0.000000 2688.686279 0.000000 0.851380 0.000000 0.524549 0.743755 0.743755 0.743755
5133.843750 0.000000 2699.939941 0.000000 0.851961 0.000000 -0.523605 0.800000 0.800000 0.800000
5151.616699 0.000000 2700.839844 0.000000 0.943669 0.000000 -0.330891 0.834352 0.834352 0.834352
5150.641113 0.000000 2704.483887 0.000000 0.167632 0.000000 0.985850 0.800000 0.800000 0.800000
5138.562500 0.000000 2691.029297 0.000000 0.871015 0.000000 -0.491257 0.852308 0.852308 0.852308
5151.594727 0.000000 2695.899170 0.000000 0.531958 0.000000 0.846771 0.800000 0.800000 0.800000
5131.187012 0.000000 2714.396729 0.000000 0.661239 0.000000 0.750175 0.800000 0.800000 0.800000
5120.283691 0.000000 2688.049316 0.000000 0.759329 0.000000 0.650707 0.727831 0.727831 0.727831
5132.563477 0.000000 2702.581787 0.000000 0.699321 0.000000 -0.714808 0.800000 0.800000 0.800000
5148.861816 0.000000 2706.855713 0.000000 0.999875 0.000000 0.015826 0.800000 0.800000 0.800000
5148.823242 0.000000 2702.420410 0.000000 0.858690 0.000000 -0.512496 0.800000 0.800000 0.800000
5151.065430 0.000000 2698.366455 0.000000 0.099838 0.000000 0.995004 0.650186 0.650186 0.650186
5121.025391 0.000000 2690.308105 0.000000 0.988254 0.000000 -0.152820 0.815627 0.815627 0.815627
5138.509766 0.000000 2688.299805 0.000000 0.999933 0.000000 0.011618 0.800000 0.800000 0.800000
5148.428223 0.000000 2704.609863 0.000000 0.684978 0.000000 -0.728563 0.883140 0.883140 0.883140
5134.720215 0.000000 2702.146729 0.000000 0.041241 0.000000 0.999149 0.800000 0.800000 0.800000
5129.177734 0.000000 2715.820068 0.000000 0.828581 0.000000 -0.559869 0.800000 0.800000 0.800000
5135.610840 0.000000 2698.665527 0.000000 0.901465 0.000000 -0.432853 0.845598 0.845598 0.845598
5143.167480 0.000000 2688.006104 0.000000 0.963222 0.000000 -0.268705 0.800000 0.800000 0.800000
5140.492676 0.000000 2690.628906 0.000000 0.780506 0.000000 -0.625148 0.868788 0.868788 0.868788
5131.981445 0.000000 2716.212646 0.000000 0.545200 0.000000 -0.838306 0.800000 0.800000 0.800000
5150.666016 0.000000 2702.618164 0.000000 0.057411 0.000000 0.998351 0.645851 0.645851 0.645851
5131.870605 0.000000 2712.630127 0.000000 0.346160 0.000000 0.938176 0.676005 0.676005 0.676005
5132.354980 0.000000 2700.842285 0.000000 0.952776 0.000000 -0.303673 0.800000 0.800000 0.800000
5129.528320 0.000000 2714.108643 0.000000 0.628238 0.000000 -0.778021 0.800000 0.800000 0.800000
5149.941895 0.000000 2700.884521 0.000000 0.003297 0.000000 -0.999995 0.800000 0.800000 0.800000
5128.767090 0.000000 2717.485840 0.000000 0.735463 0.000000 -0.677564 0.800000 0.800000 0.800000
5150.117676 0.000000 2696.686279 0.000000 0.491306 0.000000 -0.870987 0.800000 0.800000 0.800000
5135.291992 0.000000 2700.641113 0.000000 0.082794 0.000000 -0.996567 0.951557 0.951557 0.951557
5141.934570 0.000000 2691.570801 0.000000 0.838754 0.000000 0.544511 0.741349 0.741349 0.741349
5121.874023 0.000000 2688.103760 0.000000 0.338001 0.000000 0.941146 0.675120 0.675120 0.675120
5139.326660 0.000000 2689.689453 0.000000 0.632712 0.000000 -0.774387 0.800000 0.800000 0.800000
5148.158203 0.000000 2701.040771 0.000000 0.145631 0.000000 -0.989339 0.800000 0.800000 0.800000
5151.259277 0.000000 2694.479492 0.000000 0.978753 0.000000 0.205045 0.800000 0.800000 0.800000
5151.893066 0.000000 2703.368408 0.000000 0.216359 0.000000 0.976314 0.662214 0.662214 0.662214
5130.637207 0.000000 2715.684570 0.000000 0.377798 0.000000 -0.925888 0.800000 0.800000 0.800000
5120.883789 0.000000 2693.877930 0.000000 0.004486 0.000000 0.999990 0.800000 0.800000 0.800000
5150.194336 0.000000 2699.467773 0.000000 0.996430 0.000000 0.084423 0.791390 0.791390 0.791390
5120.014160 0.000000 2689.380127 0.000000 0.855423 0.000000 0.517930 0.744545 0.744545 0.744545
5120.030273 0.000000 2691.209229 0.000000 0.896897 0.000000 0.442240 0.753339 0.753339 0.753339
5141.649902 0.000000 2689.798584 0.000000 0.845820 0.000000 0.533468 0.742684 0.742684 0.742684
5149.554199 0.000000 2705.221191 0.000000 0.075512 0.000000 0.997145 0.647699 0.647699 0.647699
5130.708984 0.000000 2713.176514 0.000000 0.655435 0.000000 -0.755252 0.887195 0.887195 0.887195
5134.331055 0.000000 2698.801514 0.000000 0.337929 0.000000 0.941171 0.675112 0.675112 0.675112
5139.900879 0.000000 2691.723389 0.000000 0.064295 0.000000 -0.997931 0.953447 0.953447 0.953447
5121.883301 0.000000 2689.339111 0.000000 0.378882 0.000000 0.925445 0.679581 0.679581 0.679581
5151.367188 0.000000 2699.645020 0.000000 0.565224 0.000000 -0.824937 0.898813 0.898813 0.898813
5121.075684 0.000000 2691.623535 0.000000 0.325867 0.000000 -0.945416 0.926190 0.926190 0.926190
5135.754395 0.000000 2701.652588 0.000000 0.633993 0.000000 0.773339 0.709947 0.709947 0.709947
5134.849121 0.000000 2699.700928 0.000000 0.932182 0.000000 -0.361991 0.837729 0.837729 0.837729
5121.055176 0.000000 2688.705566 0.000000 0.363457 0.000000 0.931611 0.677889 0.677889 0.677889
5152.155762 0.000000 2699.875977 0.000000 0.762397 0.000000 -0.647110 0.871687 0.871687 0.871687
5152.325195 0.000000 2695.180420 0.000000 0.359486 0.000000 0.933150 0.677455 0.677455 0.677455
5152.261719 0.000000 2697.458252 0.000000 0.705914 0.000000 -0.708298 0.880172 0.880172 0.880172
5152.115234 0.000000 2701.962158 0.000000 0.697636 0.000000 0.716452 0.800000 0.800000 0.800000
5153.540527 0.000000 2701.268799 0.000000 0.519965 0.000000 0.854188 0.800000 0.800000 0.800000
5153.761230 0.000000 2695.131836 0.000000 0.460263 0.000000 -0.887783 0.911282 0.911282 0.911282
5153.616699 0.000000 2699.867920 0.000000 0.634826 0.000000 0.772655 0.710057 0.710057 0.710057
5152.865723 0.000000 2698.694580 0.000000 0.802040 0.000000 0.597271 0.734801 0.734801 0.734801
5153.032715 0.000000 2696.412842 0.000000 0.999595 0.000000 0.028451 0.797102 0.797102 0.797102
5153.638672 0.000000 2697.505859 0.000000 0.763749 0.000000 0.645513 0.728526 0.728526 0.728526
5125.415527 0.000000 2734.626709 0.000000 0.980662 0.000000 0.195708 0.779936 0.779936 0.779936
5126.333008 0.000000 2720.647461 0.000000 0.939073 0.000000 -0.343717 0.800000 0.800000 0.800000
5133.865723 0.000000 2740.719238 0.000000 0.137286 0.000000 -0.990531 0.945972 0.945972 0.945972
5128.367188 0.000000 2723.822510 0.000000 0.997780 0.000000 0.066602 0.800000 0.800000 0.800000
5125.130859 0.000000 2730.842529 0.000000 0.099335 0.000000 0.995054 0.800000 0.800000 0.800000
5131.484863 0.000000 2742.695068 0.000000 0.972767 0.000000 0.231786 0.800000 0.800000 0.800000
5127.435547 0.000000 2733.242920 0.000000 0.915648 0.000000 0.401980 0.800000 0.800000 0.800000
5126.252930 0.000000 2724.941162 0.000000 0.286526 0.000000 -0.958072 0.800000 0.800000 0.800000
5128.483398 0.000000 2721.546875 0.000000 0.572751 0.000000 0.819730 0.800000 0.800000 0.800000
5126.559082 0.000000 2722.764648 0.000000 0.629511 0.000000 -0.776991 0.890642 0.890642 0.890642
5131.643066 0.000000 2740.648682 0.000000 0.704682 0.000000 -0.709523 0.800000 0.800000 0.800000
5125.654297 0.000000 2732.635742 0.000000 0.784309 0.000000 -0.620371 0.868166 0.868166 0.868166
5133.335449 0.000000 2742.562012 0.000000 0.549758 0.000000 -0.835324 0.900710 0.900710 0.900710
5127.079590 0.000000 2731.499023 0.000000 0.532764 0.000000 0.846264 0.800000 0.800000 0.800000
5130.096680 0.000000 2741.395020 0.000000 0.826344 0.000000 -0.563165 0.800000 0.800000 0.800000
5127.791016 0.000000 2720.097900 0.000000 0.968212 0.000000 0.250132 0.800000 0.800000 0.800000
5124.357910 0.000000 2732.328613 0.000000 0.649691 0.000000 -0.760198 0.887967 0.887967 0.887967
5132.877930 0.000000 2743.821777 0.000000 0.799757 0.000000 -0.600323 0.865588 0.865588 0.865588
5132.467773 0.000000 2741.642334 0.000000 0.996390 0.000000 0.084895 0.791342 0.791342 0.791342
5127.128906 0.000000 2723.904297 0.000000 0.927354 0.000000 0.374184 0.760935 0.760935 0.760935
5127.791992 0.000000 2722.651367 0.000000 0.605893 0.000000 -0.795546 0.893701 0.893701 0.893701
5124.772949 0.000000 2733.454590 0.000000 0.990688 0.000000 0.136155 0.786088 0.786088 0.786088
5124.638672 0.000000 2735.474609 0.000000 0.921544 0.000000 -0.388273 0.840617 0.840617 0.840617
5125.415527 0.000000 2798.626709 0.000000 0.955818 0.000000 -0.293958 0.830391 0.830391 0.830391
5124.527832 0.000000 2812.744873 0.000000 0.997592 0.000000 0.069362 0.800000 0.800000 0.800000
5124.120117 0.000000 2806.085205 0.000000 0.810259 0.000000 0.586071 0.736216 0.736216 0.736216
5127.854980 0.000000 2810.123535 0.000000 0.797002 0.000000 -0.603976 0.800000 0.800000 0.800000
5125.130859 0.000000 2794.842529 0.000000 0.998866 0.000000 -0.047601 0.800000 0.800000 0.800000
5123.740234 0.000000 2809.515137 0.000000 0.834233 0.000000 -0.551412 0.859491 0.859491 0.859491
5124.081543 0.000000 2801.710693 0.000000 0.466247 0.000000 -0.884654 0.910594 0.910594 0.910594
5123.005859 0.000000 2796.672852 0.000000 0.991111 0.000000 0.133035 0.786409 0.786409 0.786409
5126.773926 0.000000 2812.194336 0.000000 0.973400 0.000000 -0.229114 0.800000 0.800000 0.800000
5122.416992 0.000000 2804.593750 0.000000 0.078177 0.000000 0.996939 0.800000 0.800000 0.800000
5122.225586 0.000000 2794.607422 0.000000 0.992804 0.000000 0.119752 0.800000 0.800000 0.800000
5122.142578 0.000000 2806.898682 0.000000 0.665825 0.000000 -0.746108 0.885785 0.885785 0.885785
5125.709473 0.000000 2810.366455 0.000000 0.854092 0.000000 -0.520123 0.855716 0.855716 0.855716
5124.347656 0.000000 2803.973389 0.000000 0.816594 0.000000 -0.577213 0.800000 0.800000 0.800000
5123.633789 0.000000 2799.782227 0.000000 0.081381 0.000000 -0.996683 0.800000 0.800000 0.800000
5122.294922 0.000000 2801.083252 0.000000 0.763195 0.000000 -0.646168 0.800000 0.800000 0.800000
5125.654297 0.000000 2796.635742 0.000000 0.880300 0.000000 -0.474417 0.850349 0.850349 0.850349
5123.270996 0.000000 2811.270264 0.000000 0.548437 0.000000 -0.836192 0.800000 0.800000 0.800000
5125.330566 0.000000 2800.375732 0.000000 0.521979 0.000000 0.852959 0.695938 0.695938 0.695938
5124.044922 0.000000 2807.831055 0.000000 0.110395 0.000000 -0.993888 0.948732 0.948732 0.948732
5122.927246 0.000000 2802.993652 0.000000 0.532376 0.000000 -0.846508 0.800000 0.800000 0.800000
5125.578125 0.000000 2802.815186 0.000000 0.184583 0.000000 0.982817 0.800000 0.800000 0.800000
5123.822754 0.000000 2798.171875 0.000000 0.785941 0.000000 0.618302 0.800000 0.800000 0.800000
5126.028809 0.000000 2813.604980 0.000000 0.198652 0.000000 -0.980070 0.800000 0.800000 0.800000
5122.620605 0.000000 2808.326416 0.000000 0.996037 0.000000 0.088945 0.790928 0.790928 0.790928
5123.596680 0.000000 2795.260742 0.000000 0.913014 0.000000 0.407928 0.800000 0.800000 0.800000
5125.325195 0.000000 2806.790527 0.000000 0.614536 0.000000 0.788889 0.707410 0.707410 0.707410
5125.086914 0.000000 2809.058594 0.000000 0.830979 0.000000 0.556305 0.739910 0.739910 0.739910
5124.631836 0.000000 2811.337646 0.000000 0.919743 0.000000 -0.392522 0.841087 0.841087 0.841087
5124.357910 0.000000 2796.328613 0.000000 0.016470 0.000000 -0.999864 0.958322 0.958322 0.958322
5124.772949 0.000000 2797.454590 0.000000 0.341722 0.000000 -0.939801 0.924477 0.924477 0.924477
5123.284668 0.000000 2806.872803 0.000000 0.984956 0.000000 -0.172804 0.817690 0.817690 0.817690
5125.248535 0.000000 2801.699707 0.000000 0.958251 0.000000 -0.285928 0.829537 0.829537 0.829537
5124.633301 0.000000 2810.156982 0.000000 0.837180 0.000000 0.546928 0.741055 0.741055 0.741055
5124.334473 0.000000 2800.612793 0.000000 0.972184 0.000000 -0.234220 0.824081 0.824081 0.824081
5626.323242 0.000000 2737.666016 0.000000 0.954997 0.000000 0.296615 0.800000 0.800000 0.800000
5628.861816 0.000000 2738.855713 0.000000 0.862548 0.000000 -0.505974 0.800000 0.800000 0.800000
5628.823242 0.000000 2734.420410 0.000000 0.137579 0.000000 -0.990491 0.800000 0.800000 0.800000
5628.428223 0.000000 2736.609863 0.000000 0.969282 0.000000 -0.245953 0.825312 0.825312 0.825312
5626.123535 0.000000 2739.565674 0.000000 0.771849 0.000000 -0.635806 0.800000 0.800000 0.800000
5627.062012 0.000000 2734.943848 0.000000 0.754156 0.000000 -0.656695 0.800000 0.800000 0.800000
5626.921387 0.000000 2736.373291 0.000000 0.999255 0.000000 0.038588 0.800000 0.800000 0.800000
5627.739258 0.000000 2737.905029 0.000000 0.270531 0.000000 -0.962711 0.800000 0.800000 0.800000
5631.539551 0.000000 2782.021240 0.000000 0.921020 0.000000 0.389516 0.800000 0.800000 0.800000
5631.603027 0.000000 2783.537109 0.000000 0.215525 0.000000 -0.976498 0.800000 0.800000 0.800000
5594.406738 0.000000 2815.556152 0.000000 0.885927 0.000000 -0.463825 0.800000 0.800000 0.800000
5590.327148 0.000000 2812.509033 0.000000 0.536998 0.000000 0.843583 0.800000 0.800000 0.800000
5596.450684 0.000000 2813.061768 0.000000 0.897034 0.000000 -0.441962 0.800000 0.800000 0.800000
5598.431152 0.000000 2810.654297 0.000000 0.576913 0.000000 -0.816806 0.800000 0.800000 0.800000
5593.304199 0.000000 2812.176025 0.000000 0.659375 0.000000 -0.751815 0.800000 0.800000 0.800000
5592.642090 0.000000 2808.653564 0.000000 0.862919 0.000000 0.505342 0.800000 0.800000 0.800000
5591.703125 0.000000 2815.002441 0.000000 0.930780 0.000000 0.365581 0.800000 0.800000 0.800000
5597.382812 0.000000 2808.181885 0.000000 0.999567 0.000000 -0.029413 0.800000 0.800000 0.800000
5590.658203 0.000000 2810.260254 0.000000 0.965422 0.000000 0.260692 0.800000 0.800000 0.800000
5597.576172 0.000000 2815.152344 0.000000 0.284483 0.000000 -0.958681 0.800000 0.800000 0.800000
5599.026367 0.000000 2807.029541 0.000000 0.615517 0.000000 0.788124 0.800000 0.800000 0.800000
5598.257324 0.000000 2812.641602 0.000000 0.757192 0.000000 -0.653193 0.800000 0.800000 0.800000
5599.967773 0.000000 2811.734619 0.000000 0.034772 0.000000 -0.999395 0.800000 0.800000 0.800000
5592.457520 0.000000 2810.521484 0.000000 0.951582 0.000000 0.307396 0.800000 0.800000 0.800000
5594.509277 0.000000 2813.638428 0.000000 0.134707 0.000000 -0.990885 0.800000 0.800000 0.800000
5599.353027 0.000000 2808.887939 0.000000 0.935720 0.000000 -0.352744 0.800000 0.800000 0.800000
5596.776367 0.000000 2811.307861 0.000000 0.999944 0.000000 0.010620 0.800000 0.800000 0.800000
5590.073730 0.000000 2814.197998 0.000000 0.925581 0.000000 -0.378551 0.800000 0.800000 0.800000
5591.804688 0.000000 2813.324463 0.000000 0.168212 0.000000 0.985751 0.800000 0.800000 0.800000
5595.964844 0.000000 2814.674805 0.000000 0.934014 0.000000 0.357236 0.800000 0.800000 0.800000
5593.196777 0.000000 2814.529053 0.000000 0.018612 0.000000 -0.999827 0.800000 0.800000 0.800000
5596.964844 0.000000 2809.731445 0.000000 0.387976 0.000000 -0.921669 0.800000 0.800000 0.800000
5599.348633 0.000000 2805.332031 0.000000 0.997724 0.000000 0.067435 0.800000 0.800000 0.800000
5593.779297 0.000000 2809.736328 0.000000 0.905517 0.000000 -0.424310 0.800000 0.800000 0.800000
5593.465820 0.000000 2807.266846 0.000000 0.138864 0.000000 0.990311 0.800000 0.800000 0.800000
5591.679199 0.000000 2811.816162 0.000000 0.891560 0.000000 0.452903 0.800000 0.800000 0.800000
5623.498535 0.000000 2793.706787 0.000000 0.558409 0.000000 0.829566 0.800000 0.800000 0.800000
5605.415527 0.000000 2798.626709 0.000000 0.965712 0.000000 0.259615 0.800000 0.800000 0.800000
5627.341797 0.000000 2810.027100 0.000000 0.967020 0.000000 0.254700 0.800000 0.800000 0.800000
5617.537598 0.000000 2803.930664 0.000000 0.990377 0.000000 -0.138398 0.800000 0.800000 0.800000
5600.554199 0.000000 2808.431396 0.000000 0.998517 0.000000 -0.054445 0.800000 0.800000 0.800000
5613.843750 0.000000 2795.939941 0.000000 0.573156 0.000000 -0.819447 0.800000 0.800000 0.800000
5628.178223 0.000000 2787.823975 0.000000 0.839486 0.000000 0.543382 0.800000 0.800000 0.800000
5619.599121 0.000000 2798.177734 0.000000 0.989592 0.000000 0.143900 0.800000 0.800000 0.800000
5609.063965 0.000000 2795.399170 0.000000 0.512152 0.000000 -0.858895 0.800000 0.800000 0.800000
5622.327148 0.000000 2812.509033 0.000000 0.672300 0.000000 0.740278 0.800000 0.800000 0.800000
5612.250000 0.000000 2792.074219 0.000000 0.858312 0.000000 -0.513128 0.800000 0.800000 0.800000
5630.083984 0.000000 2784.082275 0.000000 0.695209 0.000000 0.718808 0.800000 0.800000 0.800000
5605.130859 0.000000 2794.842529 0.000000 0.957469 0.000000 0.288537 0.800000 0.800000 0.800000
5621.226562 0.000000 2791.274658 0.000000 0.384636 0.000000 -0.923068 0.800000 0.800000 0.800000
5607.398926 0.000000 2814.481201 0.000000 0.438539 0.000000 0.898712 0.800000 0.800000 0.800000
5631.594727 0.000000 2791.899170 0.000000 0.967621 0.000000 0.252407 0.800000 0.800000 0.800000
5628.450684 0.000000 2813.061768 0.000000 0.911693 0.000000 0.410871 0.800000 0.800000 0.800000
5615.378906 0.000000 2792.535889 0.000000 0.594141 0.000000 0.804361 0.800000 0.800000 0.800000
5620.781250 0.000000 2795.220459 0.000000 0.080141 0.000000 0.996784 0.800000 0.800000 0.800000
5618.849121 0.000000 2801.109375 0.000000 0.489821 0.000000 -0.871823 0.800000 0.800000 0.800000
5620.428711 0.000000 2814.634766 0.000000 0.995195 0.000000 0.097917 0.800000 0.800000 0.800000
5612.563477 0.000000 2798.581787 0.000000 0.952996 0.000000 0.302983 0.800000 0.800000 0.800000
5630.919922 0.000000 2786.828125 0.000000 0.264817 0.000000 -0.964299 0.800000 0.800000 0.800000
5600.376465 0.000000 2805.610596 0.000000 0.080063 0.000000 -0.996790 0.800000 0.800000 0.800000
5623.703125 0.000000 2815.002441 0.000000 0.251348 0.000000 -0.967897 0.800000 0.800000 0.800000
5623.791016 0.000000 2796.426270 0.000000 0.964379 0.000000 -0.264524 0.800000 0.800000 0.800000
5629.382812 0.000000 2808.181885 0.000000 0.993032 0.000000 0.117847 0.800000 0.800000 0.800000
5615.855469 0.000000 2814.975342 0.000000 0.030088 0.000000 0.999547 0.800000 0.800000 0.800000
5629.457520 0.000000 2790.340332 0.000000 0.694823 0.000000 -0.719181 0.800000 0.800000 0.800000
5611.578125 0.000000 2794.613770 0.000000 0.998767 0.000000 0.049652 0.800000 0.800000 0.800000
5622.832031 0.000000 2805.917725 0.000000 0.974639 0.000000 -0.223784 0.800000 0.800000 0.800000
5607.435547 0.000000 2797.242920 0.000000 0.795719 0.000000 0.605667 0.800000 0.800000 0.800000
5610.662598 0.000000 2797.113281 0.000000 0.810592 0.000000 -0.585611 0.800000 0.800000 0.800000
5606.773926 0.000000 2812.194336 0.000000 0.284018 0.000000 0.958819 0.800000 0.800000 0.800000
5609.793945 0.000000 2793.081787 0.000000 0.035260 0.000000 -0.999378 0.800000 0.800000 0.800000
5629.576172 0.000000 2815.152344 0.000000 0.114160 0.000000 0.993462 0.800000 0.800000 0.800000
5621.673828 0.000000 2797.217529 0.000000 0.978601 0.000000 0.205769 0.800000 0.800000 0.800000
5615.610840 0.000000 2794.665527 0.000000 0.510050 0.000000 -0.860145 0.800000 0.800000 0.800000
5613.603516 0.000000 2793.754395 0.000000 0.359965 0.000000 0.932966 0.800000 0.800000 0.800000
5617.758789 0.000000 2799.165527 0.000000 1.000000 0.000000 0.000972 0.800000 0.800000 0.800000
5619.724609 0.000000 2803.055664 0.000000 0.072522 0.000000 -0.997367 0.800000 0.800000 0.800000
5631.087891 0.000000 2789.014648 0.000000 0.315643 0.000000 0.948878 0.800000 0.800000 0.800000
5619.041992 0.000000 2796.248291 0.000000 0.948772 0.000000 0.315961 0.800000 0.800000 0.800000
5616.981445 0.000000 2801.918213 0.000000 0.808008 0.000000 0.589172 0.800000 0.800000 0.800000
5623.807617 0.000000 2791.713135 0.000000 0.572538 0.000000 0.819878 0.800000 0.800000 0.800000
5621.583008 0.000000 2793.347900 0.000000 0.728075 0.000000 0.685498 0.800000 0.800000 0.800000
5622.207520 0.000000 2804.081299 0.000000 0.240026 0.000000 0.970766 0.800000 0.800000 0.800000
5605.654297 0.000000 2796.635742 0.000000 0.388113 0.000000 0.921612 0.800000 0.800000 0.800000
5629.178223 0.000000 2786.146973 0.000000 0.456990 0.000000 -0.889472 0.800000 0.800000 0.800000
5626.509277 0.000000 2813.638428 0.000000 0.805389 0.000000 -0.592747 0.800000 0.800000 0.800000
5608.558105 0.000000 2815.885986 0.000000 0.018943 0.000000 0.999821 0.800000 0.800000 0.800000
5601.845215 0.000000 2809.649414 0.000000 0.387257 0.000000 -0.921972 0.800000 0.800000 0.800000
5628.776367 0.000000 2811.307861 0.000000 0.246507 0.000000 0.969141 0.800000 0.800000 0.800000
5607.079590 0.000000 2795.499023 0.000000 0.968983 0.000000 -0.247126 0.800000 0.800000 0.800000
5612.354980 0.000000 2796.842285 0.000000 0.413359 0.000000 0.910568 0.800000 0.800000 0.800000
5622.490234 0.000000 2795.251465 0.000000 0.321292 0.000000 -0.946980 0.800000 0.800000 0.800000
5622.073730 0.000000 2814.197998 0.000000 0.369517 0.000000 0.929224 0.800000 0.800000 0.800000
5614.353027 0.000000 2814.017090 0.000000 0.660407 0.000000 -0.750907 0.800000 0.800000 0.800000
5623.804688 0.000000 2813.324463 0.000000 0.991683 0.000000 0.128701 0.800000 0.800000 0.800000
5627.117676 0.000000 2811.958008 0.000000 0.776470 0.000000 0.630154 0.800000 0.800000 0.800000
5623.334961 0.000000 2807.612305 0.000000 0.998760 0.000000 -0.049785 0.800000 0.800000 0.800000
5608.767090 0.000000 2813.485840 0.000000 0.760664 0.000000 0.649146 0.800000 0.800000 0.800000
5629.770508 0.000000 2788.048828 0.000000 0.407118 0.000000 0.913376 0.800000 0.800000 0.800000
5606.028809 0.000000 2813.604980 0.000000 0.866529 0.000000 -0.499126 0.800000 0.800000 0.800000
5625.196777 0.000000 2814.529053 0.000000 0.913578 0.000000 0.406663 0.800000 0.800000 0.800000
5631.113281 0.000000 2785.236084 0.000000 0.813586 0.000000 -0.581445 0.800000 0.800000 0.800000
5608.959473 0.000000 2797.562500 0.000000 0.193581 0.000000 0.981084 0.800000 0.800000 0.800000
5628.964844 0.000000 2809.731445 0.000000 0.650438 0.000000 -0.759559 0.800000 0.800000 0.800000
5614.526855 0.000000 2815.822021 0.000000 0.479886 0.000000 -0.877331 0.800000 0.800000 0.800000
5628.145996 0.000000 2791.353516 0.000000 0.845874 0.000000 0.533383 0.800000 0.800000 0.800000
5623.832031 0.000000 2790.217773 0.000000 0.156444 0.000000 -0.987687 0.800000 0.800000 0.800000
5619.564453 0.000000 2799.751953 0.000000 0.055215 0.000000 0.998474 0.800000 0.800000 0.800000
5618.357422 0.000000 2802.541748 0.000000 0.497931 0.000000 -0.867217 0.800000 0.800000 0.800000
5618.180176 0.000000 2797.686035 0.000000 0.970924 0.000000 0.239389 0.800000 0.800000 0.800000
5622.393555 0.000000 2792.138184 0.000000 0.569081 0.000000 0.822282 0.800000 0.800000 0.800000
5631.259277 0.000000 2790.479492 0.000000 0.804759 0.000000 0.593601 0.800000 0.800000 0.800000
5627.973145 0.000000 2808.618896 0.000000 0.967865 0.000000 0.251469 0.800000 0.800000 0.800000
5607.835938 0.000000 2798.676270 0.000000 0.498333 0.000000 0.866985 0.800000 0.800000 0.800000
5609.497559 0.000000 2814.781494 0.000000 0.950046 0.000000 -0.312110 0.800000 0.800000 0.800000
5621.054199 0.000000 2798.586914 0.000000 0.692364 0.000000 0.721548 0.800000 0.800000 0.800000
5600.016113 0.000000 2807.053955 0.000000 0.095805 0.000000 0.995400 0.800000 0.800000 0.800000
5610.532227 0.000000 2795.669922 0.000000 0.130283 0.000000 0.991477 0.800000 0.800000 0.800000
5611.354492 0.000000 2793.208496 0.000000 0.197875 0.000000 -0.980227 0.800000 0.800000 0.800000
5617.493652 0.000000 2800.543945 0.000000 0.275947 0.000000 -0.961173 0.800000 0.800000 0.800000
5616.260254 0.000000 2798.614258 0.000000 0.961168 0.000000 -0.275965 0.800000 0.800000 0.800000
5143.498535 0.000000 2825.706787 0.000000 0.602905 0.000000 -0.797813 0.800000 0.800000 0.800000
5140.977051 0.000000 2816.686279 0.000000 0.434796 0.000000 -0.900529 0.800000 0.800000 0.800000
5133.843750 0.000000 2827.939941 0.000000 0.940830 0.000000 0.338880 0.800000 0.800000 0.800000
5137.991699 0.000000 2822.318848 0.000000 0.747848 0.000000 0.663870 0.800000 0.800000 0.800000
5143.378418 0.000000 2820.744873 0.000000 0.296884 0.000000 -0.954913 0.800000 0.800000 0.800000
5129.208008 0.000000 2831.121582 0.000000 0.755227 0.000000 -0.655463 0.800000 0.800000 0.800000
5121.764648 0.000000 2831.229736 0.000000 0.999987 0.000000 0.005178 0.799473 0.799473 0.799473
5138.562500 0.000000 2819.029297 0.000000 0.802642 0.000000 -0.596461 0.800000 0.800000 0.800000
5141.226562 0.000000 2823.274658 0.000000 0.832431 0.000000 -0.554129 0.800000 0.800000 0.800000
5127.398926 0.000000 2846.481201 0.000000 0.053542 0.000000 -0.998566 0.800000 0.800000 0.800000
5135.524902 0.000000 2820.001709 0.000000 0.702129 0.000000 -0.712050 0.800000 0.800000 0.800000
5140.781250 0.000000 2827.220459 0.000000 0.220257 0.000000 0.975442 0.800000 0.800000 0.800000
5143.791016 0.000000 2828.426270 0.000000 0.442882 0.000000 0.896580 0.800000 0.800000 0.800000
5140.769531 0.000000 2820.682129 0.000000 0.585746 0.000000 0.810495 0.703743 0.703743 0.703743
5131.578125 0.000000 2826.613770 0.000000 0.999997 0.000000 -0.002329 0.800000 0.800000 0.800000
5127.435547 0.000000 2829.242920 0.000000 0.114172 0.000000 -0.993461 0.800000 0.800000 0.800000
5138.963867 0.000000 2824.413574 0.000000 0.775111 0.000000 -0.631825 0.800000 0.800000 0.800000
5130.662598 0.000000 2829.113281 0.000000 0.960698 0.000000 0.277596 0.771348 0.771348 0.771348
5138.509766 0.000000 2816.299805 0.000000 0.657180 0.000000 0.753734 0.800000 0.800000 0.800000
5141.673828 0.000000 2829.217529 0.000000 0.582715 0.000000 0.812676 0.800000 0.800000 0.800000
5135.610840 0.000000 2826.665527 0.000000 0.601751 0.000000 -0.798684 0.800000 0.800000 0.800000
5125.139648 0.000000 2846.875000 0.000000 0.967554 0.000000 0.252665 0.800000 0.800000 0.800000
5136.650391 0.000000 2818.273926 0.000000 0.999911 0.000000 0.013327 0.800000 0.800000 0.800000
5140.492676 0.000000 2818.628906 0.000000 0.502764 0.000000 -0.864424 0.906341 0.906341 0.906341
5141.583008 0.000000 2825.347900 0.000000 0.433166 0.000000 0.901314 0.685633 0.685633 0.685633
5134.166504 0.000000 2818.606445 0.000000 0.781269 0.000000 -0.624195 0.800000 0.800000 0.800000
5120.115234 0.000000 2829.962158 0.000000 0.668530 0.000000 -0.743686 0.800000 0.800000 0.800000
5137.451660 0.000000 2820.516113 0.000000 0.795633 0.000000 0.605779 0.733716 0.733716 0.733716
5132.354980 0.000000 2828.842285 0.000000 0.958384 0.000000 0.285484 0.770511 0.770511 0.770511
5139.713379 0.000000 2822.036133 0.000000 0.432115 0.000000 0.901819 0.685514 0.685514 0.685514
5142.490234 0.000000 2827.251465 0.000000 0.604652 0.000000 0.796490 0.706140 0.706140 0.706140
5142.077148 0.000000 2821.829590 0.000000 0.753065 0.000000 -0.657946 0.800000 0.800000 0.800000
5135.291992 0.000000 2828.641113 0.000000 0.144860 0.000000 0.989452 0.800000 0.800000 0.800000
5141.934570 0.000000 2819.570801 0.000000 0.719585 0.000000 -0.694404 0.878186 0.878186 0.878186
5121.540527 0.000000 2829.268799 0.000000 0.367776 0.000000 -0.929915 0.800000 0.800000 0.800000
5139.023438 0.000000 2820.612061 0.000000 0.992653 0.000000 -0.120996 0.800000 0.800000 0.800000
5128.959473 0.000000 2829.562500 0.000000 0.039246 0.000000 -0.999230 0.956001 0.956001 0.956001
5139.326660 0.000000 2817.689453 0.000000 0.805056 0.000000 -0.593199 0.800000 0.800000 0.800000
5136.813477 0.000000 2823.376953 0.000000 0.260134 0.000000 -0.965572 0.800000 0.800000 0.800000
5142.393555 0.000000 2824.138184 0.000000 0.676009 0.000000 0.736894 0.800000 0.800000 0.800000
5127.835938 0.000000 2830.676270 0.000000 0.839276 0.000000 -0.543705 0.800000 0.800000 0.800000
5130.532227 0.000000 2827.669922 0.000000 0.417372 0.000000 0.908736 0.800000 0.800000 0.800000
5140.343750 0.000000 2824.650635 0.000000 0.999919 0.000000 0.012702 0.798706 0.798706 0.798706
5133.573730 0.000000 2829.404297 0.000000 0.230377 0.000000 0.973102 0.663679 0.663679 0.663679
5120.393555 0.000000 2831.475586 0.000000 0.544287 0.000000 0.838899 0.698624 0.698624 0.698624
5139.870605 0.000000 2823.388916 0.000000 0.026695 0.000000 0.999644 0.642719 0.642719 0.642719
5138.038574 0.000000 2823.535645 0.000000 0.697403 0.000000 -0.716679 0.881388 0.881388 0.881388
5131.518555 0.000000 2829.961670 0.000000 0.071057 0.000000 -0.997472 0.952756 0.952756 0.952756
5136.258301 0.000000 2820.982910 0.000000 0.030402 0.000000 0.999538 0.643097 0.643097 0.643097
5142.452637 0.000000 2826.039307 0.000000 0.989812 0.000000 0.142379 0.785448 0.785448 0.785448
5121.154785 0.000000 2830.318359 0.000000 0.946559 0.000000 0.322529 0.766549 0.766549 0.766549
5137.047852 0.000000 2821.796875 0.000000 0.279751 0.000000 -0.960073 0.931119 0.931119 0.931119
5138.921387 0.000000 2822.860840 0.000000 0.987433 0.000000 -0.158036 0.816165 0.816165 0.816165
5143.431152 0.000000 2826.783936 0.000000 0.840851 0.000000 -0.541266 0.858257 0.858257 0.858257
5162.484375 0.000000 2845.530273 0.000000 0.634566 0.000000 0.772869 0.710023 0.710023 0.710023
5156.120117 0.000000 2838.085205 0.000000 0.922456 0.000000 -0.386103 0.840377 0.840377 0.840377
5152.671875 0.000000 2846.357910 0.000000 0.991252 0.000000 -0.131985 0.800000 0.800000 0.800000
5163.187012 0.000000 2842.396729 0.000000 0.998671 0.000000 -0.051533 0.800000 0.800000 0.800000
5165.127930 0.000000 2847.200928 0.000000 0.677791 0.000000 -0.735255 0.800000 0.800000 0.800000
5158.037598 0.000000 2840.051270 0.000000 0.934609 0.000000 0.355676 0.762960 0.762960 0.762960
5161.628906 0.000000 2840.382568 0.000000 0.394550 0.000000 -0.918875 0.918688 0.918688 0.918688
5154.416992 0.000000 2836.593750 0.000000 0.013337 0.000000 -0.999911 0.958641 0.958641 0.958641
5161.177734 0.000000 2843.820068 0.000000 0.753963 0.000000 0.656917 0.726995 0.726995 0.726995
5154.142578 0.000000 2838.898682 0.000000 0.529050 0.000000 -0.848591 0.800000 0.800000 0.800000
5163.981445 0.000000 2844.212646 0.000000 0.990739 0.000000 -0.135780 0.813873 0.813873 0.813873
5162.798828 0.000000 2847.410156 0.000000 0.445965 0.000000 -0.895050 0.912915 0.912915 0.912915
5159.875488 0.000000 2839.829834 0.000000 0.491544 0.000000 0.870853 0.800000 0.800000 0.800000
5158.708496 0.000000 2838.405273 0.000000 0.455193 0.000000 -0.890393 0.800000 0.800000 0.800000
5156.044922 0.000000 2839.831055 0.000000 0.854857 0.000000 -0.518863 0.855566 0.855566 0.855566
5161.528320 0.000000 2842.108643 0.000000 0.689124 0.000000 0.724643 0.717441 0.717441 0.717441
5154.927246 0.000000 2834.993652 0.000000 0.985312 0.000000 0.170766 0.800000 0.800000 0.800000
5160.767090 0.000000 2845.485840 0.000000 0.913288 0.000000 0.407314 0.800000 0.800000 0.800000
5153.921387 0.000000 2847.779297 0.000000 0.933565 0.000000 -0.358409 0.800000 0.800000 0.800000
5162.637207 0.000000 2843.684570 0.000000 0.996274 0.000000 -0.086243 0.800000 0.800000 0.800000
5157.325195 0.000000 2838.790527 0.000000 0.364141 0.000000 0.931344 0.677964 0.677964 0.677964
5158.634766 0.000000 2841.334229 0.000000 0.414755 0.000000 0.909933 0.683562 0.683562 0.683562
5160.457520 0.000000 2840.977539 0.000000 0.666943 0.000000 0.745109 0.714367 0.714367 0.714367
5154.792969 0.000000 2837.817627 0.000000 0.996361 0.000000 -0.085229 0.808692 0.808692 0.808692
5155.615234 0.000000 2836.924805 0.000000 0.934903 0.000000 0.354902 0.763045 0.763045 0.763045
5143.498535 0.000000 2857.706787 0.000000 0.559965 0.000000 -0.828516 0.800000 0.800000 0.800000
5137.537598 0.000000 2867.930664 0.000000 0.062507 0.000000 -0.998045 0.953629 0.953629 0.953629
5151.616699 0.000000 2860.839844 0.000000 0.970798 0.000000 -0.239898 0.824676 0.824676 0.824676
5126.333008 0.000000 2848.647461 0.000000 0.982361 0.000000 0.186996 0.780840 0.780840 0.780840
5141.711914 0.000000 2872.133057 0.000000 0.088701 0.000000 0.996058 0.800000 0.800000 0.800000
5133.880859 0.000000 2872.671875 0.000000 0.533568 0.000000 0.845757 0.800000 0.800000 0.800000
5121.204102 0.000000 2866.668457 0.000000 0.725112 0.000000 -0.688631 0.877372 0.877372 0.877372
5145.397461 0.000000 2869.802979 0.000000 0.966869 0.000000 0.255274 0.800000 0.800000 0.800000
5131.187012 0.000000 2874.396729 0.000000 0.625104 0.000000 0.780542 0.708782 0.708782 0.708782
5140.781250 0.000000 2859.220459 0.000000 0.957940 0.000000 -0.286968 0.829647 0.829647 0.829647
5133.127930 0.000000 2879.200928 0.000000 0.392940 0.000000 0.919564 0.800000 0.800000 0.800000
5138.849121 0.000000 2865.109375 0.000000 0.246520 0.000000 0.969138 0.665372 0.665372 0.665372
5135.855469 0.000000 2878.975342 0.000000 0.985239 0.000000 0.171183 0.800000 0.800000 0.800000
5151.065430 0.000000 2858.366455 0.000000 0.694408 0.000000 -0.719582 0.800000 0.800000 0.800000
5142.832031 0.000000 2869.917725 0.000000 0.227275 0.000000 0.973831 0.663354 0.663354 0.663354
5134.919434 0.000000 2866.425293 0.000000 0.049640 0.000000 0.998767 0.800000 0.800000 0.800000
5129.628906 0.000000 2872.382568 0.000000 0.141621 0.000000 0.989921 0.800000 0.800000 0.800000
5138.963867 0.000000 2856.413574 0.000000 0.898085 0.000000 0.439821 0.753613 0.753613 0.753613
5120.028809 0.000000 2864.788818 0.000000 0.992674 0.000000 0.120820 0.800000 0.800000 0.800000
5129.177734 0.000000 2875.820068 0.000000 0.469309 0.000000 0.883034 0.689759 0.689759 0.689759
5139.724609 0.000000 2867.055664 0.000000 0.145251 0.000000 -0.989395 0.800000 0.800000 0.800000
5136.981445 0.000000 2865.918213 0.000000 0.938118 0.000000 0.346316 0.800000 0.800000 0.800000
5133.203125 0.000000 2874.517822 0.000000 0.999497 0.000000 -0.031699 0.803229 0.803229 0.803229
5141.583008 0.000000 2857.347900 0.000000 0.040011 0.000000 -0.999199 0.800000 0.800000 0.800000
5142.207520 0.000000 2868.081299 0.000000 0.877906 0.000000 -0.478832 0.850861 0.850861 0.850861
5150.666016 0.000000 2862.618164 0.000000 0.672312 0.000000 0.740268 0.800000 0.800000 0.800000
5131.870605 0.000000 2872.630127 0.000000 0.324889 0.000000 0.945752 0.800000 0.800000 0.800000
5140.191895 0.000000 2870.934570 0.000000 0.990758 0.000000 -0.135639 0.800000 0.800000 0.800000
5124.504395 0.000000 2848.043457 0.000000 0.999790 0.000000 0.020500 0.797912 0.797912 0.797912
5139.713379 0.000000 2854.036133 0.000000 0.461988 0.000000 -0.886886 0.800000 0.800000 0.800000
5120.004883 0.000000 2867.935791 0.000000 0.350236 0.000000 0.936661 0.676448 0.676448 0.676448
5142.490234 0.000000 2859.251465 0.000000 0.976347 0.000000 0.216210 0.777802 0.777802 0.777802
5129.528320 0.000000 2874.108643 0.000000 0.855407 0.000000 -0.517957 0.855458 0.855458 0.855458
5134.353027 0.000000 2878.017090 0.000000 0.904184 0.000000 -0.427143 0.800000 0.800000 0.800000
5143.334961 0.000000 2871.612305 0.000000 0.943672 0.000000 0.330881 0.765649 0.765649 0.765649
5144.071777 0.000000 2868.897217 0.000000 0.596894 0.000000 0.802320 0.800000 0.800000 0.800000
5127.791016 0.000000 2848.097900 0.000000 0.538874 0.000000 0.842386 0.697968 0.697968 0.697968
5134.526855 0.000000 2879.822021 0.000000 0.407567 0.000000 -0.913175 0.800000 0.800000 0.800000
5141.190430 0.000000 2873.591064 0.000000 0.560687 0.000000 -0.828028 0.800000 0.800000 0.800000
5138.357422 0.000000 2866.541748 0.000000 0.320323 0.000000 -0.947308 0.800000 0.800000 0.800000
5145.465820 0.000000 2871.266846 0.000000 0.443816 0.000000 -0.896118 0.800000 0.800000 0.800000
5142.393555 0.000000 2856.138184 0.000000 0.830154 0.000000 -0.557534 0.800000 0.800000 0.800000
5151.893066 0.000000 2863.368408 0.000000 0.476034 0.000000 -0.879427 0.800000 0.800000 0.800000
5130.637207 0.000000 2875.684570 0.000000 0.686096 0.000000 -0.727511 0.882983 0.882983 0.882983
5137.493652 0.000000 2864.543945 0.000000 0.567926 0.000000 0.823080 0.800000 0.800000 0.800000
5141.469238 0.000000 2870.285645 0.000000 0.949416 0.000000 -0.314021 0.800000 0.800000 0.800000
5136.202637 0.000000 2867.116699 0.000000 0.317736 0.000000 -0.948179 0.927065 0.927065 0.927065
5121.345215 0.000000 2867.899170 0.000000 0.415291 0.000000 0.909689 0.683622 0.683622 0.683622
5132.156738 0.000000 2875.048340 0.000000 0.262352 0.000000 -0.964972 0.932961 0.932961 0.932961
5125.865723 0.000000 2849.739502 0.000000 0.848816 0.000000 0.528688 0.743259 0.743259 0.743259
5138.458496 0.000000 2857.506348 0.000000 0.232130 0.000000 -0.972685 0.936138 0.936138 0.936138
5120.060059 0.000000 2866.225586 0.000000 0.407697 0.000000 0.913117 0.682774 0.682774 0.682774
5133.116211 0.000000 2875.683594 0.000000 0.989477 0.000000 -0.144693 0.814790 0.814790 0.814790
5142.396973 0.000000 2870.999512 0.000000 0.402989 0.000000 0.915205 0.682249 0.682249 0.682249
5143.353516 0.000000 2868.050049 0.000000 0.771281 0.000000 0.636495 0.729723 0.729723 0.729723
5138.479004 0.000000 2864.052490 0.000000 0.734722 0.000000 -0.678368 0.875940 0.875940 0.875940
5125.050781 0.000000 2849.009277 0.000000 0.925960 0.000000 0.377621 0.760557 0.760557 0.760557
5150.817871 0.000000 2861.568115 0.000000 0.414690 0.000000 0.909963 0.683555 0.683555 0.683555
5137.252441 0.000000 2866.900391 0.000000 0.170941 0.000000 0.985281 0.657498 0.657498 0.657498
5164.263672 0.000000 2851.783203 0.000000 0.845937 0.000000 -0.533282 0.857293 0.857293 0.857293
5165.843750 0.000000 2859.939941 0.000000 0.656210 0.000000 -0.754578 0.800000 0.800000 0.800000
5169.837891 0.000000 2872.801514 0.000000 0.644846 0.000000 -0.764312 0.800000 0.800000 0.800000
5162.342773 0.000000 2848.170410 0.000000 0.846175 0.000000 0.532905 0.800000 0.800000 0.800000
5153.764648 0.000000 2863.229736 0.000000 0.924998 0.000000 0.379971 0.760299 0.760299 0.760299
5165.245605 0.000000 2848.947510 0.000000 0.997387 0.000000 -0.072238 0.807364 0.807364 0.807364
5168.020020 0.000000 2870.546631 0.000000 0.821458 0.000000 0.570268 0.800000 0.800000 0.800000
5163.557129 0.000000 2853.922363 0.000000 0.466677 0.000000 0.884428 0.800000 0.800000 0.800000
5162.519531 0.000000 2850.410156 0.000000 0.977104 0.000000 0.212761 0.800000 0.800000 0.800000
5152.115234 0.000000 2861.962158 0.000000 0.462756 0.000000 0.886486 0.800000 0.800000 0.800000
5168.036133 0.000000 2872.465088 0.000000 0.024544 0.000000 0.999699 0.800000 0.800000 0.800000
5165.895508 0.000000 2852.516357 0.000000 0.957632 0.000000 0.287996 0.800000 0.800000 0.800000
5164.138184 0.000000 2850.131348 0.000000 0.957940 0.000000 -0.286968 0.829647 0.829647 0.829647
5153.540527 0.000000 2861.268799 0.000000 0.607933 0.000000 0.793988 0.800000 0.800000 0.800000
5163.919434 0.000000 2848.139404 0.000000 0.656936 0.000000 0.753946 0.800000 0.800000 0.800000
5169.191406 0.000000 2871.458984 0.000000 0.494788 0.000000 -0.869014 0.800000 0.800000 0.800000
5152.393555 0.000000 2863.475586 0.000000 0.247001 0.000000 -0.969015 0.934578 0.934578 0.934578
5165.387695 0.000000 2851.471680 0.000000 0.661359 0.000000 0.750069 0.713606 0.713606 0.713606
5153.154785 0.000000 2862.318359 0.000000 0.455546 0.000000 -0.890212 0.911822 0.911822 0.911822
5165.150879 0.000000 2850.316162 0.000000 0.790287 0.000000 -0.612737 0.867178 0.867178 0.867178
5132.263672 0.000000 2883.783203 0.000000 0.649417 0.000000 0.760433 0.800000 0.800000 0.800000
5137.537598 0.000000 2899.930664 0.000000 0.770931 0.000000 0.636919 0.729667 0.729667 0.729667
5120.554199 0.000000 2904.431396 0.000000 0.986775 0.000000 -0.162095 0.816584 0.816584 0.816584
5128.544922 0.000000 2902.044678 0.000000 0.238143 0.000000 0.971230 0.664492 0.664492 0.664492
5137.943848 0.000000 2909.206299 0.000000 0.981513 0.000000 0.191394 0.800000 0.800000 0.800000
5132.028809 0.000000 2897.442139 0.000000 0.721724 0.000000 0.692181 0.800000 0.800000 0.800000
5124.120117 0.000000 2902.085205 0.000000 0.469309 0.000000 -0.883034 0.910241 0.910241 0.910241
5135.844238 0.000000 2896.104248 0.000000 0.991091 0.000000 0.133184 0.786394 0.786394 0.786394
5127.165527 0.000000 2898.219238 0.000000 0.999953 0.000000 0.009720 0.799010 0.799010 0.799010
5137.837891 0.000000 2904.801514 0.000000 0.614085 0.000000 0.789240 0.800000 0.800000 0.800000
5124.062012 0.000000 2884.120361 0.000000 0.987349 0.000000 0.158563 0.783780 0.783780 0.783780
5130.342773 0.000000 2880.170410 0.000000 0.071577 0.000000 0.997435 0.647297 0.647297 0.647297
5123.740234 0.000000 2905.515137 0.000000 0.582436 0.000000 0.812876 0.703328 0.703328 0.703328
5123.067383 0.000000 2881.031982 0.000000 0.949519 0.000000 0.313710 0.800000 0.800000 0.800000
5131.484863 0.000000 2902.695068 0.000000 0.315912 0.000000 0.948788 0.672739 0.672739 0.672739
5121.348145 0.000000 2907.392090 0.000000 0.193860 0.000000 0.981029 0.800000 0.800000 0.800000
5133.245605 0.000000 2880.947510 0.000000 0.984490 0.000000 0.175442 0.782037 0.782037 0.782037
5132.563477 0.000000 2894.581787 0.000000 0.958744 0.000000 0.284272 0.800000 0.800000 0.800000
5126.037598 0.000000 2904.051270 0.000000 0.660047 0.000000 0.751224 0.713428 0.713428 0.713428
5136.231445 0.000000 2906.878662 0.000000 0.600204 0.000000 0.799847 0.705572 0.705572 0.705572
5126.243652 0.000000 2900.651855 0.000000 0.017995 0.000000 0.999838 0.641833 0.641833 0.641833
5134.919434 0.000000 2898.425293 0.000000 0.906468 0.000000 -0.422275 0.800000 0.800000 0.800000
5122.277344 0.000000 2885.824951 0.000000 0.405741 0.000000 0.913988 0.682556 0.682556 0.682556
5129.628906 0.000000 2904.382568 0.000000 0.980414 0.000000 -0.196947 0.800000 0.800000 0.800000
5124.117676 0.000000 2887.164795 0.000000 0.780957 0.000000 0.624585 0.800000 0.800000 0.800000
5134.720215 0.000000 2894.146729 0.000000 0.146652 0.000000 -0.989188 0.945008 0.945008 0.945008
5130.519531 0.000000 2882.410156 0.000000 0.176368 0.000000 -0.984324 0.941941 0.941941 0.941941
5122.142578 0.000000 2902.898682 0.000000 0.091562 0.000000 0.995799 0.800000 0.800000 0.800000
5137.758789 0.000000 2895.165527 0.000000 0.072091 0.000000 -0.997398 0.800000 0.800000 0.800000
5131.643066 0.000000 2900.648682 0.000000 0.289963 0.000000 -0.957038 0.800000 0.800000 0.800000
5136.981445 0.000000 2897.918213 0.000000 0.829505 0.000000 0.558499 0.739641 0.739641 0.739641
5133.791992 0.000000 2896.420166 0.000000 0.801198 0.000000 0.598399 0.800000 0.800000 0.800000
5124.347656 0.000000 2899.973389 0.000000 0.268537 0.000000 0.963269 0.800000 0.800000 0.800000
5136.003418 0.000000 2908.838623 0.000000 0.390598 0.000000 0.920561 0.800000 0.800000 0.800000
5122.145996 0.000000 2883.895508 0.000000 0.995077 0.000000 -0.099107 0.810112 0.810112 0.810112
5139.947754 0.000000 2908.742432 0.000000 0.891758 0.000000 0.452513 0.800000 0.800000 0.800000
5139.886719 0.000000 2904.825684 0.000000 0.995203 0.000000 -0.097831 0.809981 0.809981 0.809981
5138.139648 0.000000 2907.146240 0.000000 0.960741 0.000000 -0.277447 0.828636 0.828636 0.828636
5124.704590 0.000000 2882.037598 0.000000 0.989744 0.000000 0.142853 0.785399 0.785399 0.785399
5127.875488 0.000000 2903.829834 0.000000 0.446295 0.000000 0.894886 0.687122 0.687122 0.687122
5123.270996 0.000000 2907.270264 0.000000 0.254446 0.000000 0.967087 0.800000 0.800000 0.800000
5136.036133 0.000000 2904.465088 0.000000 0.974874 0.000000 0.222757 0.800000 0.800000 0.800000
5121.845215 0.000000 2905.649414 0.000000 0.012691 0.000000 -0.999919 0.958707 0.958707 0.958707
5126.708496 0.000000 2902.405273 0.000000 0.961702 0.000000 -0.274099 0.828282 0.828282 0.828282
5124.504395 0.000000 2880.043457 0.000000 0.269155 0.000000 -0.963097 0.800000 0.800000 0.800000
5132.354980 0.000000 2892.842285 0.000000 0.281617 0.000000 0.959527 0.800000 0.800000 0.800000
5124.044922 0.000000 2903.831055 0.000000 0.145123 0.000000 -0.989414 0.945165 0.945165 0.945165
5130.096680 0.000000 2901.395020 0.000000 0.794463 0.000000 0.607313 0.800000 0.800000 0.800000
5125.578125 0.000000 2898.815186 0.000000 0.997499 0.000000 -0.070679 0.800000 0.800000 0.800000
5132.138184 0.000000 2882.131348 0.000000 0.911786 0.000000 0.410665 0.800000 0.800000 0.800000
5124.737305 0.000000 2885.629395 0.000000 0.922571 0.000000 0.385826 0.759653 0.759653 0.759653
5120.011230 0.000000 2906.099121 0.000000 0.989481 0.000000 -0.144665 0.800000 0.800000 0.800000
5135.291992 0.000000 2892.641113 0.000000 0.295191 0.000000 0.955438 0.800000 0.800000 0.800000
5123.110840 0.000000 2882.621338 0.000000 0.999376 0.000000 -0.035320 0.803598 0.803598 0.803598
5129.908203 0.000000 2902.894043 0.000000 0.389969 0.000000 0.920828 0.680805 0.680805 0.680805
5134.894531 0.000000 2881.264160 0.000000 0.636539 0.000000 -0.771244 0.800000 0.800000 0.800000
5131.919434 0.000000 2880.139404 0.000000 0.625120 0.000000 0.780529 0.708784 0.708784 0.708784
5122.620605 0.000000 2904.326416 0.000000 0.115832 0.000000 0.993269 0.651825 0.651825 0.651825
5138.848633 0.000000 2905.879150 0.000000 0.823445 0.000000 0.567396 0.738544 0.738544 0.738544
5120.016113 0.000000 2903.053955 0.000000 0.899255 0.000000 0.437425 0.800000 0.800000 0.800000
5137.493652 0.000000 2896.543945 0.000000 0.477416 0.000000 -0.878678 0.909304 0.909304 0.909304
5125.325195 0.000000 2902.790527 0.000000 0.636940 0.000000 0.770913 0.710336 0.710336 0.710336
5136.260254 0.000000 2894.614258 0.000000 0.302252 0.000000 0.953228 0.800000 0.800000 0.800000
5136.202637 0.000000 2899.116699 0.000000 0.998953 0.000000 -0.045743 0.804661 0.804661 0.804661
5126.634766 0.000000 2905.334229 0.000000 0.040237 0.000000 0.999190 0.644100 0.644100 0.644100
5125.280762 0.000000 2883.472168 0.000000 0.645093 0.000000 -0.764104 0.888582 0.888582 0.888582
5130.770508 0.000000 2883.758789 0.000000 0.997538 0.000000 -0.070131 0.807149 0.807149 0.807149
5125.086914 0.000000 2905.058594 0.000000 0.999656 0.000000 -0.026227 0.802672 0.802672 0.802672
5137.061035 0.000000 2907.989990 0.000000 0.837714 0.000000 0.546109 0.741155 0.741155 0.741155
5127.460938 0.000000 2901.181396 0.000000 0.920359 0.000000 -0.391075 0.840927 0.840927 0.840927
5130.798340 0.000000 2903.840576 0.000000 0.419700 0.000000 -0.907663 0.915883 0.915883 0.915883
5123.484375 0.000000 2885.298584 0.000000 0.287938 0.000000 0.957649 0.669750 0.669750 0.669750
5134.968750 0.000000 2897.061523 0.000000 0.021766 0.000000 -0.999763 0.957783 0.957783 0.957783
5126.892090 0.000000 2899.503662 0.000000 0.999025 0.000000 0.044141 0.795502 0.795502 0.795502
5134.820801 0.000000 2895.544189 0.000000 0.609279 0.000000 -0.792956 0.893267 0.893267 0.893267
5128.898926 0.000000 2903.382080 0.000000 0.142891 0.000000 0.989739 0.654605 0.654605 0.654605
5122.025879 0.000000 2882.772217 0.000000 0.191985 0.000000 -0.981398 0.940322 0.940322 0.940322
5124.174316 0.000000 2882.982422 0.000000 0.883106 0.000000 -0.469174 0.849743 0.849743 0.849743
5120.785156 0.000000 2905.436523 0.000000 0.571754 0.000000 0.820425 0.701996 0.701996 0.701996
5137.252441 0.000000 2898.900391 0.000000 0.783567 0.000000 0.621307 0.731713 0.731713 0.731713
5131.862793 0.000000 2903.616455 0.000000 0.397376 0.000000 0.917656 0.681625 0.681625 0.681625
5126.034668 0.000000 2901.639893 0.000000 0.611420 0.000000 -0.791307 0.892992 0.892992 0.892992
5121.644043 0.000000 2904.505371 0.000000 0.960649 0.000000 0.277767 0.771330 0.771330 0.771330
5162.484375 0.000000 2909.530273 0.000000 0.831085 0.000000 -0.556145 0.860070 0.860070 0.860070
5179.341797 0.000000 2906.027100 0.000000 0.816824 0.000000 -0.576887 0.800000 0.800000 0.800000
5160.544922 0.000000 2902.044678 0.000000 0.623656 0.000000 -0.781699 0.891407 0.891407 0.891407
5169.943848 0.000000 2909.206299 0.000000 0.999441 0.000000 0.033430 0.796594 0.796594 0.796594
5165.880859 0.000000 2904.671875 0.000000 0.997109 0.000000 -0.075984 0.807747 0.807747 0.807747
5177.397461 0.000000 2901.802979 0.000000 0.545718 0.000000 0.837969 0.800000 0.800000 0.800000
5159.854980 0.000000 2906.123535 0.000000 0.424550 0.000000 -0.905405 0.800000 0.800000 0.800000
5155.740234 0.000000 2905.515137 0.000000 0.342397 0.000000 0.939556 0.800000 0.800000 0.800000
5163.187012 0.000000 2906.396729 0.000000 0.999601 0.000000 -0.028237 0.802877 0.802877 0.802877
5172.494629 0.000000 2901.132324 0.000000 0.872812 0.000000 0.488057 0.800000 0.800000 0.800000
5182.431152 0.000000 2906.654297 0.000000 0.914462 0.000000 -0.404671 0.800000 0.800000 0.800000
5163.484863 0.000000 2902.695068 0.000000 0.999417 0.000000 -0.034147 0.800000 0.800000 0.800000
5158.037598 0.000000 2904.051270 0.000000 0.742016 0.000000 0.670382 0.725162 0.725162 0.725162
5181.382812 0.000000 2904.181885 0.000000 0.147387 0.000000 -0.989079 0.944932 0.944932 0.944932
5168.231445 0.000000 2906.878662 0.000000 0.672831 0.000000 -0.739796 0.800000 0.800000 0.800000
5174.832031 0.000000 2901.917725 0.000000 0.962804 0.000000 -0.270199 0.800000 0.800000 0.800000
5161.628906 0.000000 2904.382568 0.000000 0.991193 0.000000 -0.132428 0.813529 0.813529 0.813529
5170.436035 0.000000 2902.401123 0.000000 0.579928 0.000000 0.814668 0.800000 0.800000 0.800000
5158.773926 0.000000 2908.194336 0.000000 0.113044 0.000000 -0.993590 0.800000 0.800000 0.800000
5161.177734 0.000000 2907.820068 0.000000 0.530039 0.000000 -0.847973 0.903097 0.903097 0.903097
5154.142578 0.000000 2902.898682 0.000000 0.890017 0.000000 0.455928 0.800000 0.800000 0.800000
5168.003418 0.000000 2908.838623 0.000000 0.864745 0.000000 -0.502212 0.853594 0.853594 0.853594
5165.203125 0.000000 2906.517822 0.000000 0.217309 0.000000 0.976103 0.800000 0.800000 0.800000
5163.981445 0.000000 2908.212646 0.000000 0.704118 0.000000 -0.710083 0.880430 0.880430 0.880430
5174.207520 0.000000 2900.081299 0.000000 0.631752 0.000000 -0.775170 0.800000 0.800000 0.800000
5170.139648 0.000000 2907.146240 0.000000 0.988882 0.000000 -0.148705 0.800000 0.800000 0.800000
5165.335449 0.000000 2902.562012 0.000000 0.824505 0.000000 0.565854 0.800000 0.800000 0.800000
5183.967773 0.000000 2907.734619 0.000000 0.917483 0.000000 0.397776 0.800000 0.800000 0.800000
5163.870605 0.000000 2904.630127 0.000000 0.844054 0.000000 -0.536257 0.857652 0.857652 0.857652
5159.875488 0.000000 2903.829834 0.000000 0.746602 0.000000 0.665271 0.800000 0.800000 0.800000
5155.270996 0.000000 2907.270264 0.000000 0.934996 0.000000 -0.354657 0.800000 0.800000 0.800000
5183.353027 0.000000 2904.887939 0.000000 0.770333 0.000000 -0.637642 0.800000 0.800000 0.800000
5172.191895 0.000000 2902.934570 0.000000 0.694239 0.000000 0.719745 0.718163 0.718163 0.718163
5154.083984 0.000000 2909.022705 0.000000 0.999884 0.000000 0.015241 0.800000 0.800000 0.800000
5180.776367 0.000000 2907.307861 0.000000 0.661051 0.000000 -0.750341 0.886435 0.886435 0.886435
5158.708496 0.000000 2902.405273 0.000000 0.317586 0.000000 -0.948230 0.800000 0.800000 0.800000
5161.528320 0.000000 2906.108643 0.000000 0.887896 0.000000 -0.460044 0.848693 0.848693 0.848693
5179.117676 0.000000 2907.958008 0.000000 0.279716 0.000000 -0.960083 0.800000 0.800000 0.800000
5175.334961 0.000000 2903.612305 0.000000 0.582005 0.000000 -0.813185 0.896726 0.896726 0.896726
5160.767090 0.000000 2909.485840 0.000000 0.999953 0.000000 0.009685 0.799013 0.799013 0.799013
5164.059082 0.000000 2909.845215 0.000000 0.975700 0.000000 0.219109 0.800000 0.800000 0.800000
5158.028809 0.000000 2909.604980 0.000000 0.981039 0.000000 0.193811 0.800000 0.800000 0.800000
5176.071777 0.000000 2900.897217 0.000000 0.143339 0.000000 0.989674 0.800000 0.800000 0.800000
5161.908203 0.000000 2902.894043 0.000000 0.730143 0.000000 0.683295 0.723375 0.723375 0.723375
5180.964844 0.000000 2905.731445 0.000000 0.871238 0.000000 0.490861 0.747738 0.747738 0.747738
5166.604980 0.000000 2903.373779 0.000000 0.880781 0.000000 -0.473523 0.850246 0.850246 0.850246
5154.620605 0.000000 2904.326416 0.000000 0.896686 0.000000 -0.442667 0.800000 0.800000 0.800000
5177.465820 0.000000 2903.266846 0.000000 0.780180 0.000000 -0.625555 0.800000 0.800000 0.800000
5179.973145 0.000000 2904.618896 0.000000 0.567782 0.000000 0.823179 0.800000 0.800000 0.800000
5170.957031 0.000000 2903.748535 0.000000 0.999928 0.000000 0.011977 0.800000 0.800000 0.800000
5162.637207 0.000000 2907.684570 0.000000 0.878468 0.000000 -0.477801 0.850741 0.850741 0.850741
5173.469238 0.000000 2902.285645 0.000000 0.765021 0.000000 -0.644006 0.871273 0.871273 0.871273
5158.634766 0.000000 2905.334229 0.000000 0.533881 0.000000 0.845559 0.697365 0.697365 0.697365
5160.457520 0.000000 2904.977539 0.000000 0.726887 0.000000 0.686757 0.722891 0.722891 0.722891
5162.708984 0.000000 2905.176514 0.000000 0.716872 0.000000 -0.697205 0.878583 0.878583 0.878583
5164.878906 0.000000 2905.321289 0.000000 0.441975 0.000000 0.897027 0.686631 0.686631 0.686631
5160.898926 0.000000 2903.382080 0.000000 0.825742 0.000000 0.564047 0.738958 0.738958 0.738958
5174.396973 0.000000 2902.999512 0.000000 0.967797 0.000000 0.251731 0.774080 0.774080 0.774080
5160.692383 0.000000 2906.745850 0.000000 0.698455 0.000000 -0.715654 0.881239 0.881239 0.881239
5163.950195 0.000000 2905.741943 0.000000 0.346719 0.000000 0.937969 0.676065 0.676065 0.676065
5125.415527 0.000000 2926.626709 0.000000 0.773578 0.000000 0.633702 0.730091 0.730091 0.730091
5133.843750 0.000000 2923.939941 0.000000 0.999988 0.000000 -0.004935 0.800503 0.800503 0.800503
5126.346191 0.000000 2919.327637 0.000000 0.147305 0.000000 -0.989091 0.944941 0.944941 0.944941
5137.991699 0.000000 2918.318848 0.000000 0.219221 0.000000 -0.975675 0.800000 0.800000 0.800000
5143.378418 0.000000 2916.744873 0.000000 0.824551 0.000000 -0.565787 0.861257 0.861257 0.861257
5137.770996 0.000000 2922.510742 0.000000 0.200066 0.000000 0.979782 0.660517 0.660517 0.660517
5124.062012 0.000000 2916.120361 0.000000 0.922132 0.000000 -0.386876 0.800000 0.800000 0.800000
5128.367188 0.000000 2915.822510 0.000000 0.911895 0.000000 -0.410424 0.800000 0.800000 0.800000
5121.764648 0.000000 2927.229736 0.000000 0.988990 0.000000 0.147980 0.784871 0.784871 0.784871
5141.226562 0.000000 2919.274658 0.000000 0.999985 0.000000 0.005519 0.799438 0.799438 0.799438
5135.378906 0.000000 2920.535889 0.000000 0.950607 0.000000 0.310397 0.767852 0.767852 0.767852
5140.781250 0.000000 2923.220459 0.000000 0.019074 0.000000 -0.999818 0.958057 0.958057 0.958057
5124.081543 0.000000 2929.710693 0.000000 0.952053 0.000000 0.305932 0.768330 0.768330 0.768330
5129.434570 0.000000 2918.829834 0.000000 0.986787 0.000000 -0.162022 0.816576 0.816576 0.816576
5136.766113 0.000000 2925.274658 0.000000 0.996949 0.000000 -0.078055 0.807959 0.807959 0.807959
5123.005859 0.000000 2924.672852 0.000000 0.908893 0.000000 -0.417030 0.843817 0.843817 0.843817
5140.769531 0.000000 2916.682129 0.000000 0.530269 0.000000 -0.847829 0.800000 0.800000 0.800000
5134.137695 0.000000 2918.218262 0.000000 0.749210 0.000000 -0.662333 0.800000 0.800000 0.800000
5131.578125 0.000000 2922.613770 0.000000 0.184597 0.000000 -0.982814 0.800000 0.800000 0.800000
5127.435547 0.000000 2925.242920 0.000000 0.943158 0.000000 -0.332344 0.834509 0.834509 0.834509
5122.277344 0.000000 2917.824951 0.000000 0.513376 0.000000 -0.858164 0.800000 0.800000 0.800000
5120.325195 0.000000 2919.180420 0.000000 0.324464 0.000000 -0.945898 0.800000 0.800000 0.800000
5138.963867 0.000000 2920.413574 0.000000 0.909914 0.000000 0.414798 0.756433 0.756433 0.756433
5126.252930 0.000000 2916.941162 0.000000 0.874333 0.000000 -0.485327 0.851616 0.851616 0.851616
5120.261719 0.000000 2921.458252 0.000000 0.977994 0.000000 -0.208631 0.821408 0.821408 0.821408
5120.028809 0.000000 2928.788818 0.000000 0.920534 0.000000 -0.390662 0.800000 0.800000 0.800000
5124.117676 0.000000 2919.164795 0.000000 0.938265 0.000000 0.345918 0.764022 0.764022 0.764022
5135.610840 0.000000 2922.665527 0.000000 0.744849 0.000000 0.667234 0.725593 0.725593 0.725593
5126.559082 0.000000 2914.764648 0.000000 0.049725 0.000000 -0.998763 0.800000 0.800000 0.800000
5139.041992 0.000000 2924.248291 0.000000 0.175436 0.000000 -0.984491 0.942037 0.942037 0.942037
5143.807617 0.000000 2919.713135 0.000000 0.558271 0.000000 -0.829658 0.800000 0.800000 0.800000
5123.633789 0.000000 2927.782227 0.000000 0.549831 0.000000 0.835276 0.699299 0.699299 0.699299
5141.583008 0.000000 2921.347900 0.000000 0.538137 0.000000 0.842858 0.697879 0.697879 0.697879
5129.917480 0.000000 2916.967041 0.000000 0.610467 0.000000 -0.792041 0.893114 0.893114 0.893114
5122.294922 0.000000 2929.083252 0.000000 0.896897 0.000000 0.442240 0.800000 0.800000 0.800000
5125.654297 0.000000 2924.635742 0.000000 0.866927 0.000000 -0.498435 0.853149 0.853149 0.853149
5135.989746 0.000000 2918.167480 0.000000 0.871914 0.000000 0.489659 0.800000 0.800000 0.800000
5137.190918 0.000000 2920.794189 0.000000 0.820497 0.000000 -0.571651 0.861983 0.861983 0.861983
5127.676270 0.000000 2918.117432 0.000000 0.979175 0.000000 -0.203019 0.820824 0.820824 0.820824
5127.988770 0.000000 2919.927002 0.000000 0.868985 0.000000 0.494839 0.747273 0.747273 0.747273
5125.330566 0.000000 2928.375732 0.000000 0.977586 0.000000 -0.210535 0.821607 0.821607 0.821607
5132.354980 0.000000 2924.842285 0.000000 0.995621 0.000000 0.093479 0.800000 0.800000 0.800000
5139.713379 0.000000 2918.036133 0.000000 0.867292 0.000000 0.497801 0.800000 0.800000 0.800000
5139.477051 0.000000 2922.096436 0.000000 0.766985 0.000000 0.641665 0.729038 0.729038 0.729038
5142.490234 0.000000 2923.251465 0.000000 0.476146 0.000000 0.879366 0.800000 0.800000 0.800000
5142.077148 0.000000 2917.829590 0.000000 0.942915 0.000000 0.333033 0.765417 0.765417 0.765417
5123.822754 0.000000 2926.171875 0.000000 0.507415 0.000000 0.861702 0.694208 0.694208 0.694208
5124.737305 0.000000 2917.629395 0.000000 0.546685 0.000000 -0.837338 0.800000 0.800000 0.800000
5135.291992 0.000000 2924.641113 0.000000 0.870424 0.000000 0.492303 0.747570 0.747570 0.747570
5136.795410 0.000000 2923.719482 0.000000 0.089235 0.000000 -0.996011 0.950898 0.950898 0.950898
5143.832031 0.000000 2918.217773 0.000000 0.996849 0.000000 -0.079322 0.800000 0.800000 0.800000
5136.813477 0.000000 2919.376953 0.000000 0.736215 0.000000 -0.676748 0.800000 0.800000 0.800000
5138.180176 0.000000 2925.686035 0.000000 0.774422 0.000000 -0.632670 0.869773 0.869773 0.869773
5127.835938 0.000000 2926.676270 0.000000 0.068160 0.000000 0.997674 0.646948 0.646948 0.646948
5130.532227 0.000000 2923.669922 0.000000 0.988138 0.000000 0.153568 0.800000 0.800000 0.800000
5121.761230 0.000000 2919.131836 0.000000 0.066895 0.000000 0.997760 0.800000 0.800000 0.800000
5140.343750 0.000000 2920.650635 0.000000 0.804555 0.000000 -0.593878 0.864769 0.864769 0.864769
5120.393555 0.000000 2927.475586 0.000000 0.755744 0.000000 0.654867 0.727272 0.727272 0.727272
5124.357910 0.000000 2924.328613 0.000000 0.963161 0.000000 -0.268927 0.827734 0.827734 0.827734
5132.575195 0.000000 2923.492920 0.000000 0.474837 0.000000 0.880074 0.690398 0.690398 0.690398
5128.614258 0.000000 2917.144775 0.000000 0.122039 0.000000 0.992525 0.652462 0.652462 0.652462
5126.646484 0.000000 2926.228516 0.000000 0.507714 0.000000 -0.861526 0.905757 0.905757 0.905757
5134.331055 0.000000 2922.801514 0.000000 0.815008 0.000000 0.579450 0.737046 0.737046 0.737046
5137.818848 0.000000 2924.418701 0.000000 0.118109 0.000000 0.993001 0.652059 0.652059 0.652059
5125.899414 0.000000 2918.165039 0.000000 0.915773 0.000000 0.401697 0.757895 0.757895 0.757895
5122.471680 0.000000 2926.085205 0.000000 0.166409 0.000000 0.986057 0.657030 0.657030 0.657030
5124.772949 0.000000 2925.454590 0.000000 0.940047 0.000000 -0.341045 0.835450 0.835450 0.835450
5138.458496 0.000000 2921.506348 0.000000 0.987242 0.000000 0.159226 0.783712 0.783712 0.783712
5138.809570 0.000000 2923.079590 0.000000 0.559432 0.000000 0.828876 0.700474 0.700474 0.700474
5125.238770 0.000000 2919.684326 0.000000 0.794299 0.000000 -0.607527 0.866508 0.866508 0.866508
5125.248535 0.000000 2929.699707 0.000000 0.924548 0.000000 0.381065 0.760178 0.760178 0.760178
5142.232422 0.000000 2916.700195 0.000000 0.407269 0.000000 0.913308 0.682726 0.682726 0.682726
5126.143066 0.000000 2927.448486 0.000000 0.728529 0.000000 -0.685015 0.876865 0.876865 0.876865
5127.298340 0.000000 2917.118164 0.000000 0.543690 0.000000 -0.839286 0.901449 0.901449 0.901449
5124.638672 0.000000 2927.474609 0.000000 0.516077 0.000000 0.856542 0.695235 0.695235 0.695235
5134.849121 0.000000 2923.700928 0.000000 0.973491 0.000000 0.228724 0.776494 0.776494 0.776494
5122.784668 0.000000 2927.055420 0.000000 0.412575 0.000000 0.910923 0.683319 0.683319 0.683319
5139.986816 0.000000 2923.843994 0.000000 0.824367 0.000000 -0.566056 0.861290 0.861290 0.861290
5124.975586 0.000000 2918.671875 0.000000 0.748112 0.000000 0.663572 0.726093 0.726093 0.726093
5180.482422 0.000000 2920.834229 0.000000 0.695229 0.000000 -0.718789 0.881697 0.881697 0.881697
5183.594727 0.000000 2919.899170 0.000000 0.701281 0.000000 0.712885 0.719164 0.719164 0.719164
5181.457520 0.000000 2918.340332 0.000000 0.731288 0.000000 0.682069 0.723546 0.723546 0.723546
5183.065430 0.000000 2922.366455 0.000000 0.300786 0.000000 -0.953692 0.800000 0.800000 0.800000
5183.087891 0.000000 2917.014648 0.000000 0.622224 0.000000 0.782840 0.800000 0.800000 0.800000
5178.873535 0.000000 2920.301270 0.000000 0.941247 0.000000 -0.337719 0.800000 0.800000 0.800000
5182.117676 0.000000 2920.686279 0.000000 0.964262 0.000000 0.264950 0.772686 0.772686 0.772686
5181.770508 0.000000 2916.048828 0.000000 0.664530 0.000000 -0.747262 0.800000 0.800000 0.800000
5180.145996 0.000000 2919.353516 0.000000 0.229851 0.000000 -0.973226 0.936376 0.936376 0.936376
5183.259277 0.000000 2918.479492 0.000000 0.246597 0.000000 -0.969118 0.934620 0.934620 0.934620
5182.246094 0.000000 2919.346680 0.000000 0.431579 0.000000 0.902075 0.685454 0.685454 0.685454
5183.414062 0.000000 2921.229980 0.000000 0.324556 0.000000 -0.945866 0.926331 0.926331 0.926331
5181.221191 0.000000 2919.917236 0.000000 0.234913 0.000000 0.972017 0.664154 0.664154 0.664154
5180.426270 0.000000 2918.318115 0.000000 0.167188 0.000000 0.985925 0.657110 0.657110 0.657110
5182.298340 0.000000 2921.670166 0.000000 0.924695 0.000000 -0.380708 0.839782 0.839782 0.839782
5189.415527 0.000000 2894.626709 0.000000 0.069887 0.000000 0.997555 0.647124 0.647124 0.647124
5185.204102 0.000000 2898.668457 0.000000 0.413423 0.000000 -0.910539 0.916587 0.916587 0.916587
5198.038574 0.000000 2908.374756 0.000000 0.376372 0.000000 -0.926468 0.800000 0.800000 0.800000
5193.208008 0.000000 2895.121582 0.000000 0.414611 0.000000 0.909999 0.683546 0.683546 0.683546
5188.081543 0.000000 2897.710693 0.000000 0.240037 0.000000 0.970764 0.664691 0.664691 0.664691
5197.127930 0.000000 2911.200928 0.000000 0.873154 0.000000 -0.487444 0.800000 0.800000 0.800000
5199.855469 0.000000 2910.975342 0.000000 0.309180 0.000000 -0.951003 0.927983 0.927983 0.927983
5191.435547 0.000000 2893.242920 0.000000 0.407364 0.000000 0.913266 0.800000 0.800000 0.800000
5194.662598 0.000000 2893.113281 0.000000 0.854091 0.000000 0.520124 0.800000 0.800000 0.800000
5184.028809 0.000000 2896.788818 0.000000 0.815567 0.000000 -0.578663 0.862856 0.862856 0.862856
5191.046387 0.000000 2896.044922 0.000000 0.160871 0.000000 -0.986975 0.800000 0.800000 0.800000
5193.145508 0.000000 2897.366455 0.000000 0.832497 0.000000 0.554030 0.800000 0.800000 0.800000
5187.633789 0.000000 2895.782227 0.000000 0.843975 0.000000 -0.536383 0.800000 0.800000 0.800000
5194.798828 0.000000 2911.410156 0.000000 0.607205 0.000000 0.794545 0.800000 0.800000 0.800000
5195.083984 0.000000 2895.786377 0.000000 0.993284 0.000000 -0.115699 0.800000 0.800000 0.800000
5186.294922 0.000000 2897.083252 0.000000 0.514306 0.000000 -0.857607 0.904976 0.904976 0.904976
5201.755859 0.000000 2911.285400 0.000000 0.979420 0.000000 -0.201831 0.800000 0.800000 0.800000
5192.558105 0.000000 2911.885986 0.000000 0.935761 0.000000 -0.352635 0.800000 0.800000 0.800000
5189.330566 0.000000 2896.375732 0.000000 0.539170 0.000000 -0.842197 0.901996 0.901996 0.901996
5184.004883 0.000000 2899.935791 0.000000 0.941038 0.000000 0.338301 0.764847 0.764847 0.764847
5198.353027 0.000000 2910.017090 0.000000 0.999546 0.000000 -0.030141 0.803071 0.803071 0.803071
5186.927246 0.000000 2898.993652 0.000000 0.168306 0.000000 -0.985735 0.800000 0.800000 0.800000
5187.822754 0.000000 2894.171875 0.000000 0.573900 0.000000 -0.818925 0.800000 0.800000 0.800000
5196.059082 0.000000 2909.845215 0.000000 0.950796 0.000000 -0.309817 0.800000 0.800000 0.800000
5192.959473 0.000000 2893.562500 0.000000 0.997369 0.000000 -0.072486 0.800000 0.800000 0.800000
5198.526855 0.000000 2911.822021 0.000000 0.988063 0.000000 0.154048 0.784246 0.784246 0.784246
5191.835938 0.000000 2894.676270 0.000000 0.677119 0.000000 0.735873 0.715767 0.715767 0.715767
5193.497559 0.000000 2910.781494 0.000000 0.810320 0.000000 -0.585987 0.800000 0.800000 0.800000
5190.646484 0.000000 2894.228516 0.000000 0.603921 0.000000 -0.797044 0.893953 0.893953 0.893953
5189.248535 0.000000 2897.699707 0.000000 0.996819 0.000000 0.079697 0.791874 0.791874 0.791874
5187.355957 0.000000 2896.875732 0.000000 0.983154 0.000000 0.182781 0.781277 0.781277 0.781277
5186.520996 0.000000 2896.034668 0.000000 0.971137 0.000000 -0.238521 0.824532 0.824532 0.824532
5190.143066 0.000000 2895.448486 0.000000 0.444213 0.000000 0.895921 0.686885 0.686885 0.686885
5187.014648 0.000000 2897.877197 0.000000 0.460993 0.000000 0.887404 0.688802 0.688802 0.688802
5196.263672 0.000000 2915.783203 0.000000 0.798452 0.000000 -0.602059 0.865809 0.865809 0.865809
5190.333008 0.000000 2912.647461 0.000000 0.200125 0.000000 0.979770 0.800000 0.800000 0.800000
5184.155762 0.000000 2923.875977 0.000000 0.209971 0.000000 0.977708 0.661548 0.661548 0.661548
5200.116699 0.000000 2912.205811 0.000000 0.926483 0.000000 -0.376337 0.800000 0.800000 0.800000
5186.336914 0.000000 2920.425049 0.000000 0.173348 0.000000 0.984861 0.657747 0.657747 0.657747
5188.062012 0.000000 2916.120361 0.000000 0.483940 0.000000 -0.875101 0.800000 0.800000 0.800000
5194.342773 0.000000 2912.170410 0.000000 0.807300 0.000000 0.590141 0.735703 0.735703 0.735703
5192.367188 0.000000 2915.822510 0.000000 0.537849 0.000000 0.843041 0.697844 0.697844 0.697844
5197.245605 0.000000 2912.947510 0.000000 0.957787 0.000000 0.287478 0.770299 0.770299 0.770299
5187.005859 0.000000 2924.672852 0.000000 0.974201 0.000000 -0.225682 0.800000 0.800000 0.800000
5186.277344 0.000000 2917.824951 0.000000 0.617994 0.000000 0.786183 0.800000 0.800000 0.800000
5184.325195 0.000000 2919.180420 0.000000 0.997340 0.000000 0.072891 0.792569 0.792569 0.792569
5184.261719 0.000000 2921.458252 0.000000 0.741373 0.000000 -0.671093 0.874936 0.874936 0.874936
5192.483398 0.000000 2913.546875 0.000000 0.347384 0.000000 0.937723 0.676138 0.676138 0.676138
5188.117676 0.000000 2919.164795 0.000000 0.977087 0.000000 0.212841 0.800000 0.800000 0.800000
5186.225586 0.000000 2922.607422 0.000000 0.918815 0.000000 0.394688 0.758673 0.758673 0.758673
5194.519531 0.000000 2914.410156 0.000000 0.431519 0.000000 -0.902104 0.914553 0.914553 0.914553
5190.559082 0.000000 2914.764648 0.000000 0.759739 0.000000 -0.650228 0.872104 0.872104 0.872104
5189.167480 0.000000 2920.859375 0.000000 0.894546 0.000000 -0.446976 0.800000 0.800000 0.800000
5198.166504 0.000000 2914.606445 0.000000 0.162871 0.000000 0.986647 0.800000 0.800000 0.800000
5184.115234 0.000000 2925.962158 0.000000 0.116415 0.000000 0.993201 0.800000 0.800000 0.800000
5187.722656 0.000000 2921.774902 0.000000 0.997456 0.000000 -0.071284 0.807267 0.807267 0.807267
5196.138184 0.000000 2914.131348 0.000000 0.144148 0.000000 0.989556 0.654734 0.654734 0.654734
5188.737305 0.000000 2917.629395 0.000000 0.662688 0.000000 -0.748896 0.800000 0.800000 0.800000
5185.540527 0.000000 2925.268799 0.000000 0.323123 0.000000 -0.946357 0.800000 0.800000 0.800000
5198.894531 0.000000 2913.264160 0.000000 0.692444 0.000000 0.721472 0.717909 0.717909 0.717909
5191.791016 0.000000 2912.097900 0.000000 0.315688 0.000000 0.948863 0.800000 0.800000 0.800000
5195.919434 0.000000 2912.139404 0.000000 0.936702 0.000000 0.350126 0.763564 0.763564 0.763564
5187.596680 0.000000 2923.260742 0.000000 0.554574 0.000000 -0.832134 0.900122 0.900122 0.900122
5185.761230 0.000000 2919.131836 0.000000 0.783637 0.000000 -0.621218 0.868276 0.868276 0.868276
5194.770508 0.000000 2915.758789 0.000000 0.158435 0.000000 -0.987369 0.943794 0.943794 0.943794
5185.616699 0.000000 2923.867920 0.000000 0.654252 0.000000 -0.756277 0.887355 0.887355 0.887355
5193.172852 0.000000 2914.698975 0.000000 0.796309 0.000000 0.604890 0.733829 0.733829 0.733829
5184.865723 0.000000 2922.694580 0.000000 0.090681 0.000000 -0.995880 0.950751 0.950751 0.950751
5185.032715 0.000000 2920.412842 0.000000 0.542444 0.000000 -0.840092 0.901600 0.901600 0.901600
5187.919434 0.000000 2920.485107 0.000000 0.995251 0.000000 0.097338 0.790070 0.790070 0.790070
5195.196289 0.000000 2913.218994 0.000000 0.768759 0.000000 -0.639539 0.870680 0.870680 0.870680
5191.128906 0.000000 2915.904297 0.000000 0.476831 0.000000 0.878995 0.690629 0.690629 0.690629
5193.734863 0.000000 2913.324951 0.000000 0.743420 0.000000 0.668825 0.725375 0.725375 0.725375
5185.638672 0.000000 2921.505859 0.000000 0.116171 0.000000 0.993229 0.651860 0.651860 0.651860
5193.041016 0.000000 2912.364258 0.000000 0.796145 0.000000 0.605105 0.733802 0.733802 0.733802
5186.911621 0.000000 2918.842529 0.000000 0.309581 0.000000 0.950873 0.672060 0.672060 0.672060
5193.543945 0.000000 2915.851074 0.000000 0.998921 0.000000 -0.046446 0.804733 0.804733 0.804733
5198.127441 0.000000 2912.128662 0.000000 0.131855 0.000000 -0.991269 0.946530 0.946530 0.946530
5197.387695 0.000000 2915.471680 0.000000 0.998097 0.000000 -0.061670 0.806286 0.806286 0.806286
5186.633789 0.000000 2923.712646 0.000000 0.141389 0.000000 0.989954 0.654450 0.654450 0.654450
5197.150879 0.000000 2914.316162 0.000000 0.847101 0.000000 0.531432 0.742929 0.742929 0.742929
5186.749023 0.000000 2921.401123 0.000000 0.754697 0.000000 0.656074 0.727109 0.727109 0.727109
5596.178223 0.000000 2819.823975 0.000000 0.408884 0.000000 0.912587 0.800000 0.800000 0.800000
5599.616699 0.000000 2828.839844 0.000000 0.813165 0.000000 -0.582033 0.800000 0.800000 0.800000
5596.482422 0.000000 2824.834229 0.000000 0.362217 0.000000 0.932094 0.800000 0.800000 0.800000
5591.378418 0.000000 2820.744873 0.000000 0.415421 0.000000 0.909629 0.800000 0.800000 0.800000
5593.162598 0.000000 2816.856934 0.000000 0.444445 0.000000 -0.895806 0.800000 0.800000 0.800000
5593.733887 0.000000 2823.046875 0.000000 0.273325 0.000000 -0.961922 0.800000 0.800000 0.800000
5596.780273 0.000000 2827.672607 0.000000 0.649189 0.000000 -0.760627 0.800000 0.800000 0.800000
5595.650391 0.000000 2817.134521 0.000000 0.921981 0.000000 -0.387234 0.800000 0.800000 0.800000
5599.065430 0.000000 2826.366455 0.000000 0.513542 0.000000 0.858064 0.800000 0.800000 0.800000
5593.623535 0.000000 2819.584961 0.000000 0.020309 0.000000 0.999794 0.800000 0.800000 0.800000
5590.871094 0.000000 2818.226807 0.000000 0.992151 0.000000 0.125044 0.800000 0.800000 0.800000
5595.449219 0.000000 2821.934570 0.000000 0.423872 0.000000 0.905722 0.800000 0.800000 0.800000
5591.807617 0.000000 2823.713135 0.000000 0.996199 0.000000 -0.087110 0.800000 0.800000 0.800000
5591.167480 0.000000 2816.006104 0.000000 0.004780 0.000000 0.999989 0.800000 0.800000 0.800000
5597.178223 0.000000 2818.146973 0.000000 0.554742 0.000000 0.832022 0.800000 0.800000 0.800000
5593.143555 0.000000 2821.324707 0.000000 0.958024 0.000000 0.286689 0.800000 0.800000 0.800000
5597.941895 0.000000 2828.884521 0.000000 0.219215 0.000000 0.975677 0.800000 0.800000 0.800000
5590.077148 0.000000 2821.829590 0.000000 0.985718 0.000000 0.168402 0.800000 0.800000 0.800000
5598.117676 0.000000 2824.686279 0.000000 0.614403 0.000000 -0.788992 0.800000 0.800000 0.800000
5594.376465 0.000000 2818.136230 0.000000 0.879568 0.000000 0.475773 0.800000 0.800000 0.800000
5597.770508 0.000000 2820.048828 0.000000 0.999007 0.000000 0.044547 0.800000 0.800000 0.800000
5592.497559 0.000000 2818.423584 0.000000 0.599212 0.000000 -0.800591 0.800000 0.800000 0.800000
5597.436035 0.000000 2826.161133 0.000000 0.349019 0.000000 0.937116 0.800000 0.800000 0.800000
5591.832031 0.000000 2822.217773 0.000000 0.554144 0.000000 0.832421 0.800000 0.800000 0.800000
5596.158203 0.000000 2829.040771 0.000000 0.527995 0.000000 -0.849247 0.800000 0.800000 0.800000
5594.816895 0.000000 2820.487061 0.000000 0.629718 0.000000 -0.776824 0.800000 0.800000 0.800000
5623.498535 0.000000 2825.706787 0.000000 0.998827 0.000000 -0.048413 0.800000 0.800000 0.800000
5612.263672 0.000000 2819.783203 0.000000 0.225084 0.000000 -0.974339 0.800000 0.800000 0.800000
5620.977051 0.000000 2816.686279 0.000000 0.190288 0.000000 -0.981728 0.800000 0.800000 0.800000
5608.544922 0.000000 2838.044678 0.000000 0.621433 0.000000 0.783467 0.800000 0.800000 0.800000
5606.333008 0.000000 2816.647461 0.000000 0.884718 0.000000 -0.466127 0.800000 0.800000 0.800000
5628.482422 0.000000 2824.834229 0.000000 0.650697 0.000000 -0.759338 0.800000 0.800000 0.800000
5616.116699 0.000000 2816.205811 0.000000 0.713372 0.000000 -0.700786 0.800000 0.800000 0.800000
5626.376465 0.000000 2829.245605 0.000000 0.620681 0.000000 0.784063 0.800000 0.800000 0.800000
5604.120117 0.000000 2838.085205 0.000000 0.997846 0.000000 0.065601 0.800000 0.800000 0.800000
5607.854980 0.000000 2842.123535 0.000000 0.967474 0.000000 -0.252972 0.800000 0.800000 0.800000
5625.162598 0.000000 2816.856934 0.000000 0.890966 0.000000 0.454069 0.800000 0.800000 0.800000
5625.733887 0.000000 2823.046875 0.000000 0.844778 0.000000 -0.535116 0.800000 0.800000 0.800000
5631.594727 0.000000 2823.899170 0.000000 0.213434 0.000000 0.976957 0.800000 0.800000 0.800000
5613.245605 0.000000 2816.947510 0.000000 0.597418 0.000000 0.801930 0.800000 0.800000 0.800000
5628.780273 0.000000 2827.672607 0.000000 0.842133 0.000000 0.539271 0.800000 0.800000 0.800000
5630.919922 0.000000 2818.828125 0.000000 0.928449 0.000000 0.371459 0.800000 0.800000 0.800000
5606.037598 0.000000 2840.051270 0.000000 0.231770 0.000000 0.972771 0.800000 0.800000 0.800000
5626.168945 0.000000 2826.525146 0.000000 0.801031 0.000000 0.598623 0.800000 0.800000 0.800000
5629.457520 0.000000 2822.340332 0.000000 0.028578 0.000000 -0.999592 0.800000 0.800000 0.800000
5609.628906 0.000000 2840.382568 0.000000 0.534871 0.000000 0.844933 0.800000 0.800000 0.800000
5606.773926 0.000000 2844.194336 0.000000 0.922790 0.000000 -0.385303 0.800000 0.800000 0.800000
5608.483398 0.000000 2817.546875 0.000000 0.182221 0.000000 -0.983258 0.800000 0.800000 0.800000
5602.416992 0.000000 2836.593750 0.000000 0.950637 0.000000 0.310306 0.800000 0.800000 0.800000
5609.177734 0.000000 2843.820068 0.000000 0.923422 0.000000 -0.383785 0.800000 0.800000 0.800000
5616.650391 0.000000 2818.273926 0.000000 0.940757 0.000000 -0.339081 0.800000 0.800000 0.800000
5631.087891 0.000000 2821.014648 0.000000 0.949134 0.000000 0.314872 0.800000 0.800000 0.800000
5623.807617 0.000000 2823.713135 0.000000 0.985633 0.000000 -0.168898 0.800000 0.800000 0.800000
5623.167480 0.000000 2816.006104 0.000000 0.904340 0.000000 -0.426813 0.800000 0.800000 0.800000
5604.347656 0.000000 2835.973389 0.000000 0.329257 0.000000 0.944240 0.800000 0.800000 0.800000
5614.166504 0.000000 2818.606445 0.000000 0.059867 0.000000 0.998206 0.800000 0.800000 0.800000
5602.294922 0.000000 2833.083252 0.000000 0.585941 0.000000 -0.810354 0.800000 0.800000 0.800000
5607.875488 0.000000 2839.829834 0.000000 0.990636 0.000000 -0.136527 0.800000 0.800000 0.800000
5625.255859 0.000000 2824.843994 0.000000 0.169069 0.000000 -0.985604 0.800000 0.800000 0.800000
5606.708496 0.000000 2838.405273 0.000000 0.039594 0.000000 0.999216 0.800000 0.800000 0.800000
5604.044922 0.000000 2839.831055 0.000000 0.273846 0.000000 -0.961773 0.800000 0.800000 0.800000
5622.490234 0.000000 2827.251465 0.000000 0.898208 0.000000 0.439571 0.800000 0.800000 0.800000
5609.528320 0.000000 2842.108643 0.000000 0.971882 0.000000 -0.235467 0.800000 0.800000 0.800000
5626.873535 0.000000 2824.301270 0.000000 0.924918 0.000000 -0.380167 0.800000 0.800000 0.800000
5629.941895 0.000000 2828.884521 0.000000 0.904258 0.000000 0.426986 0.800000 0.800000 0.800000
5602.927246 0.000000 2834.993652 0.000000 0.570102 0.000000 0.821574 0.800000 0.800000 0.800000
5608.767090 0.000000 2845.485840 0.000000 0.377527 0.000000 -0.925999 0.800000 0.800000 0.800000
5605.578125 0.000000 2834.815186 0.000000 0.632355 0.000000 0.774679 0.800000 0.800000 0.800000
5612.138184 0.000000 2818.131348 0.000000 0.984333 0.000000 -0.176321 0.800000 0.800000 0.800000
5625.364258 0.000000 2827.963867 0.000000 0.725341 0.000000 0.688390 0.800000 0.800000 0.800000
5627.810547 0.000000 2826.312012 0.000000 0.979764 0.000000 -0.200158 0.800000 0.800000 0.800000
5629.770508 0.000000 2820.048828 0.000000 0.940598 0.000000 -0.339521 0.800000 0.800000 0.800000
5627.181152 0.000000 2827.855957 0.000000 0.960439 0.000000 -0.278490 0.800000 0.800000 0.800000
5629.436035 0.000000 2826.161133 0.000000 0.060253 0.000000 -0.998183 0.800000 0.800000 0.800000
5606.028809 0.000000 2845.604980 0.000000 0.977321 0.000000 0.211764 0.800000 0.800000 0.800000
5609.908203 0.000000 2838.894043 0.000000 0.929367 0.000000 0.369157 0.800000 0.800000 0.800000
5614.894531 0.000000 2817.264160 0.000000 0.270406 0.000000 0.962746 0.800000 0.800000 0.800000
5607.791016 0.000000 2816.097900 0.000000 0.997539 0.000000 -0.070116 0.800000 0.800000 0.800000
5628.145996 0.000000 2823.353516 0.000000 0.971297 0.000000 0.237869 0.800000 0.800000 0.800000
5623.832031 0.000000 2822.217773 0.000000 0.879574 0.000000 -0.475761 0.800000 0.800000 0.800000
5628.158203 0.000000 2829.040771 0.000000 0.994055 0.000000 -0.108881 0.800000 0.800000 0.800000
5624.501953 0.000000 2826.781738 0.000000 0.874209 0.000000 -0.485551 0.800000 0.800000 0.800000
5622.393555 0.000000 2824.138184 0.000000 0.050161 0.000000 0.998741 0.800000 0.800000 0.800000
5631.259277 0.000000 2822.479492 0.000000 0.987560 0.000000 0.157243 0.800000 0.800000 0.800000
5605.325195 0.000000 2838.790527 0.000000 0.809804 0.000000 0.586701 0.800000 0.800000 0.800000
5690.406738 0.000000 2655.556152 0.000000 0.884860 0.000000 -0.465858 0.800000 0.800000 0.800000
5693.731934 0.000000 2645.542725 0.000000 0.241745 0.000000 -0.970340 0.800000 0.800000 0.800000
5692.450684 0.000000 2653.061768 0.000000 0.867305 0.000000 -0.497777 0.800000 0.800000 0.800000
5692.861816 0.000000 2642.855713 0.000000 0.723160 0.000000 0.690681 0.800000 0.800000 0.800000
5693.382812 0.000000 2648.181885 0.000000 0.873627 0.000000 0.486597 0.800000 0.800000 0.800000
5695.092773 0.000000 2643.585693 0.000000 0.904364 0.000000 0.426761 0.800000 0.800000 0.800000
5693.576172 0.000000 2655.152344 0.000000 0.938651 0.000000 0.344868 0.800000 0.800000 0.800000
5695.026367 0.000000 2647.029541 0.000000 0.726045 0.000000 0.687647 0.800000 0.800000 0.800000
5690.509277 0.000000 2653.638428 0.000000 0.479343 0.000000 0.877628 0.800000 0.800000 0.800000
5695.353027 0.000000 2648.887939 0.000000 0.997970 0.000000 -0.063679 0.800000 0.800000 0.800000
5692.264160 0.000000 2646.555176 0.000000 0.662911 0.000000 0.748699 0.800000 0.800000 0.800000
5691.964844 0.000000 2654.674805 0.000000 0.406978 0.000000 -0.913438 0.800000 0.800000 0.800000
5694.498047 0.000000 2642.087158 0.000000 0.670637 0.000000 -0.741786 0.800000 0.800000 0.800000
5692.964844 0.000000 2649.731445 0.000000 0.759178 0.000000 0.650883 0.800000 0.800000 0.800000
5695.348633 0.000000 2645.332031 0.000000 0.257286 0.000000 0.966335 0.800000 0.800000 0.800000
5693.738281 0.000000 2644.068359 0.000000 0.848516 0.000000 -0.529169 0.800000 0.800000 0.800000
5692.482422 0.000000 2664.834229 0.000000 0.969361 0.000000 0.245642 0.800000 0.800000 0.800000
5694.083984 0.000000 2656.082275 0.000000 0.978666 0.000000 -0.205456 0.800000 0.800000 0.800000
5694.641113 0.000000 2672.483887 0.000000 0.970837 0.000000 0.239742 0.800000 0.800000 0.800000
5695.594727 0.000000 2663.899170 0.000000 0.936961 0.000000 -0.349434 0.800000 0.800000 0.800000
5692.780273 0.000000 2667.672607 0.000000 0.604957 0.000000 -0.796258 0.800000 0.800000 0.800000
5694.919922 0.000000 2658.828125 0.000000 0.019300 0.000000 -0.999814 0.800000 0.800000 0.800000
5690.168945 0.000000 2666.525146 0.000000 0.959642 0.000000 -0.281223 0.800000 0.800000 0.800000
5693.457520 0.000000 2662.340332 0.000000 0.502880 0.000000 0.864356 0.800000 0.800000 0.800000
5691.650391 0.000000 2657.134521 0.000000 0.963053 0.000000 -0.269313 0.800000 0.800000 0.800000
5695.087891 0.000000 2661.014648 0.000000 0.984311 0.000000 0.176442 0.800000 0.800000 0.800000
5691.449219 0.000000 2661.934570 0.000000 0.979934 0.000000 -0.199322 0.800000 0.800000 0.800000
5694.666016 0.000000 2670.618164 0.000000 0.999711 0.000000 -0.024024 0.800000 0.800000 0.800000
5690.873535 0.000000 2664.301270 0.000000 0.626727 0.000000 -0.779239 0.800000 0.800000 0.800000
5694.117676 0.000000 2664.686279 0.000000 0.620749 0.000000 -0.784009 0.800000 0.800000 0.800000
5690.376465 0.000000 2658.136230 0.000000 0.995798 0.000000 0.091582 0.800000 0.800000 0.800000
5691.810547 0.000000 2666.312012 0.000000 0.916043 0.000000 -0.401079 0.800000 0.800000 0.800000
5693.770508 0.000000 2660.048828 0.000000 0.076883 0.000000 0.997040 0.800000 0.800000 0.800000
5691.181152 0.000000 2667.855957 0.000000 0.715073 0.000000 0.699050 0.800000 0.800000 0.800000
5693.436035 0.000000 2666.161133 0.000000 0.665087 0.000000 0.746766 0.800000 0.800000 0.800000
5695.113281 0.000000 2657.236084 0.000000 0.999457 0.000000 0.032942 0.800000 0.800000 0.800000
5692.145996 0.000000 2663.353516 0.000000 0.758067 0.000000 -0.652176 0.800000 0.800000 0.800000
5695.259277 0.000000 2662.479492 0.000000 0.905349 0.000000 0.424668 0.800000 0.800000 0.800000
5690.816895 0.000000 2660.487061 0.000000 0.927980 0.000000 0.372630 0.800000 0.800000 0.800000
5695.893066 0.000000 2671.368408 0.000000 0.675656 0.000000 0.737217 0.800000 0.800000 0.800000
5697.204102 0.000000 2642.668457 0.000000 0.388802 0.000000 -0.921321 0.800000 0.800000 0.800000
5700.527832 0.000000 2652.744873 0.000000 0.940978 0.000000 0.338467 0.800000 0.800000 0.800000
5703.854980 0.000000 2650.123535 0.000000 0.602839 0.000000 0.797863 0.800000 0.800000 0.800000
5703.398926 0.000000 2654.481201 0.000000 0.572005 0.000000 -0.820250 0.800000 0.800000 0.800000
5696.376465 0.000000 2645.610596 0.000000 0.120598 0.000000 -0.992701 0.800000 0.800000 0.800000
5702.773926 0.000000 2652.194336 0.000000 0.825718 0.000000 0.564083 0.800000 0.800000 0.800000
5696.028809 0.000000 2640.788818 0.000000 0.838905 0.000000 0.544277 0.800000 0.800000 0.800000
5701.709473 0.000000 2650.366455 0.000000 0.406456 0.000000 -0.913671 0.800000 0.800000 0.800000
5696.004883 0.000000 2643.935791 0.000000 0.856194 0.000000 -0.516655 0.800000 0.800000 0.800000
5702.028809 0.000000 2653.604980 0.000000 0.985826 0.000000 -0.167769 0.800000 0.800000 0.800000
5706.484375 0.000000 2685.530273 0.000000 0.733045 0.000000 0.680181 0.800000 0.800000 0.800000
5701.415527 0.000000 2670.626709 0.000000 0.512756 0.000000 -0.858535 0.800000 0.800000 0.800000
5696.082520 0.000000 2660.540039 0.000000 0.983204 0.000000 0.182510 0.800000 0.800000 0.800000
5704.544922 0.000000 2678.044678 0.000000 0.048190 0.000000 0.998838 0.800000 0.800000 0.800000
5702.346191 0.000000 2663.327637 0.000000 0.483586 0.000000 -0.875297 0.800000 0.800000 0.800000
5702.333008 0.000000 2656.647461 0.000000 0.011564 0.000000 0.999933 0.800000 0.800000 0.800000
5705.063965 0.000000 2667.399170 0.000000 0.500603 0.000000 0.865677 0.800000 0.800000 0.800000
5703.854980 0.000000 2682.123535 0.000000 0.880526 0.000000 -0.473998 0.800000 0.800000 0.800000
5703.165527 0.000000 2674.219238 0.000000 0.069072 0.000000 -0.997612 0.800000 0.800000 0.800000
5700.062012 0.000000 2660.120361 0.000000 0.208710 0.000000 0.977978 0.800000 0.800000 0.800000
5705.208008 0.000000 2671.121582 0.000000 0.782782 0.000000 -0.622296 0.800000 0.800000 0.800000
5701.130859 0.000000 2666.842529 0.000000 0.992120 0.000000 0.125294 0.800000 0.800000 0.800000
5697.764648 0.000000 2671.229736 0.000000 0.879948 0.000000 -0.475069 0.800000 0.800000 0.800000
5703.398926 0.000000 2686.481201 0.000000 0.217179 0.000000 0.976132 0.800000 0.800000 0.800000
5700.081543 0.000000 2673.710693 0.000000 0.520992 0.000000 -0.853562 0.800000 0.800000 0.800000
5705.434570 0.000000 2662.829834 0.000000 0.462994 0.000000 0.886361 0.800000 0.800000 0.800000
5696.283691 0.000000 2656.049316 0.000000 0.985079 0.000000 -0.172101 0.800000 0.800000 0.800000
5699.005859 0.000000 2668.672852 0.000000 0.106629 0.000000 0.994299 0.800000 0.800000 0.800000
5702.037598 0.000000 2680.051270 0.000000 0.997733 0.000000 -0.067301 0.800000 0.800000 0.800000
5707.578125 0.000000 2666.613770 0.000000 0.529372 0.000000 0.848390 0.800000 0.800000 0.800000
5703.332031 0.000000 2665.655518 0.000000 0.091834 0.000000 -0.995774 0.800000 0.800000 0.800000
5703.435547 0.000000 2669.242920 0.000000 0.880085 0.000000 -0.474817 0.800000 0.800000 0.800000
5705.628906 0.000000 2680.382568 0.000000 0.648787 0.000000 0.760970 0.711912 0.711912 0.711912
5696.325195 0.000000 2663.180420 0.000000 0.936088 0.000000 0.351767 0.800000 0.800000 0.800000
5697.025391 0.000000 2658.308105 0.000000 0.905207 0.000000 0.424970 0.800000 0.800000 0.800000
5706.662598 0.000000 2669.113281 0.000000 0.418903 0.000000 -0.908031 0.800000 0.800000 0.800000
5702.773926 0.000000 2684.194336 0.000000 0.958735 0.000000 0.284302 0.800000 0.800000 0.800000
5702.252930 0.000000 2660.941162 0.000000 0.836091 0.000000 0.548590 0.800000 0.800000 0.800000
5696.261719 0.000000 2665.458252 0.000000 0.570737 0.000000 -0.821133 0.800000 0.800000 0.800000
5696.028809 0.000000 2672.788818 0.000000 0.982884 0.000000 0.184227 0.800000 0.800000 0.800000
5700.117676 0.000000 2663.164795 0.000000 0.746663 0.000000 0.665203 0.800000 0.800000 0.800000
5698.225586 0.000000 2666.607422 0.000000 0.697535 0.000000 0.716551 0.800000 0.800000 0.800000
5705.177734 0.000000 2683.820068 0.000000 0.501402 0.000000 0.865215 0.800000 0.800000 0.800000
5703.046387 0.000000 2672.044922 0.000000 0.556556 0.000000 0.830810 0.800000 0.800000 0.800000
5705.145508 0.000000 2673.366455 0.000000 0.867845 0.000000 -0.496835 0.800000 0.800000 0.800000
5707.981445 0.000000 2684.212646 0.000000 0.944990 0.000000 0.327099 0.800000 0.800000 0.800000
5699.633789 0.000000 2671.782227 0.000000 0.114053 0.000000 -0.993475 0.800000 0.800000 0.800000
5701.167480 0.000000 2664.859375 0.000000 0.990273 0.000000 0.139135 0.800000 0.800000 0.800000
5706.798828 0.000000 2687.410156 0.000000 0.189872 0.000000 0.981809 0.800000 0.800000 0.800000
5707.083984 0.000000 2671.786377 0.000000 0.148074 0.000000 0.988976 0.800000 0.800000 0.800000
5696.115234 0.000000 2669.962158 0.000000 0.876250 0.000000 -0.481857 0.800000 0.800000 0.800000
5705.917480 0.000000 2660.967041 0.000000 0.216144 0.000000 0.976362 0.800000 0.800000 0.800000
5698.294922 0.000000 2673.083252 0.000000 0.079490 0.000000 -0.996836 0.800000 0.800000 0.800000
5701.654297 0.000000 2668.635742 0.000000 0.998670 0.000000 0.051553 0.800000 0.800000 0.800000
5703.875488 0.000000 2679.829834 0.000000 0.650108 0.000000 0.759842 0.800000 0.800000 0.800000
5704.558105 0.000000 2687.885986 0.000000 0.998778 0.000000 0.049423 0.800000 0.800000 0.800000
5703.676270 0.000000 2662.117432 0.000000 0.435248 0.000000 -0.900310 0.800000 0.800000 0.800000
5702.708496 0.000000 2678.405273 0.000000 0.969152 0.000000 -0.246465 0.800000 0.800000 0.800000
5703.988770 0.000000 2663.927002 0.000000 0.738088 0.000000 0.674704 0.800000 0.800000 0.800000
5701.330566 0.000000 2672.375732 0.000000 0.999791 0.000000 0.020434 0.800000 0.800000 0.800000
5705.528320 0.000000 2682.108643 0.000000 0.381040 0.000000 0.924559 0.800000 0.800000 0.800000
5704.767090 0.000000 2685.485840 0.000000 0.612569 0.000000 -0.790417 0.800000 0.800000 0.800000
5699.822754 0.000000 2670.171875 0.000000 0.389848 0.000000 -0.920879 0.800000 0.800000 0.800000
5700.737305 0.000000 2661.629395 0.000000 0.984241 0.000000 0.176832 0.800000 0.800000 0.800000
5697.540527 0.000000 2669.268799 0.000000 0.132677 0.000000 -0.991159 0.800000 0.800000 0.800000
5702.028809 0.000000 2685.604980 0.000000 0.702604 0.000000 0.711581 0.800000 0.800000 0.800000
5704.959473 0.000000 2669.562500 0.000000 0.273411 0.000000 0.961897 0.800000 0.800000 0.800000
5705.908203 0.000000 2678.894043 0.000000 0.596607 0.000000 -0.802533 0.800000 0.800000 0.800000
5703.791016 0.000000 2656.097900 0.000000 0.975751 0.000000 -0.218884 0.800000 0.800000 0.800000
5697.874023 0.000000 2656.103760 0.000000 0.950736 0.000000 0.310002 0.800000 0.800000 0.800000
5699.596680 0.000000 2667.260742 0.000000 0.311514 0.000000 0.950242 0.800000 0.800000 0.800000
5703.835938 0.000000 2670.676270 0.000000 0.675876 0.000000 -0.737016 0.800000 0.800000 0.800000
5705.497559 0.000000 2686.781494 0.000000 0.470276 0.000000 -0.882520 0.800000 0.800000 0.800000
5706.532227 0.000000 2667.669922 0.000000 0.921961 0.000000 0.387284 0.800000 0.800000 0.800000
5697.761230 0.000000 2663.131836 0.000000 0.804933 0.000000 0.593366 0.800000 0.800000 0.800000
5696.883789 0.000000 2661.877930 0.000000 0.701153 0.000000 0.713011 0.800000 0.800000 0.800000
5704.457520 0.000000 2680.977539 0.000000 0.888241 0.000000 -0.459377 0.848617 0.848617 0.848617
5645.843750 0.000000 2731.939941 0.000000 0.336571 0.000000 -0.941658 0.800000 0.800000 0.800000
5649.770996 0.000000 2730.510742 0.000000 0.668070 0.000000 -0.744098 0.800000 0.800000 0.800000
5654.982422 0.000000 2734.966064 0.000000 0.922646 0.000000 0.385648 0.800000 0.800000 0.800000
5660.450684 0.000000 2749.061768 0.000000 0.925818 0.000000 -0.377971 0.800000 0.800000 0.800000
5657.304199 0.000000 2748.176025 0.000000 0.590499 0.000000 -0.807039 0.800000 0.800000 0.800000
5648.766113 0.000000 2733.274658 0.000000 0.216989 0.000000 0.976174 0.800000 0.800000 0.800000
5656.642090 0.000000 2744.653564 0.000000 0.222535 0.000000 0.974925 0.800000 0.800000 0.800000
5644.563477 0.000000 2734.581787 0.000000 0.675927 0.000000 0.736969 0.800000 0.800000 0.800000
5661.382812 0.000000 2744.181885 0.000000 0.916017 0.000000 -0.401139 0.800000 0.800000 0.800000
5659.518555 0.000000 2740.823730 0.000000 0.679946 0.000000 0.733263 0.800000 0.800000 0.800000
5655.750977 0.000000 2737.126953 0.000000 0.966069 0.000000 0.258285 0.800000 0.800000 0.800000
5646.720215 0.000000 2734.146729 0.000000 0.991448 0.000000 0.130501 0.800000 0.800000 0.800000
5647.610840 0.000000 2730.665527 0.000000 0.802825 0.000000 -0.596215 0.800000 0.800000 0.800000
5649.758789 0.000000 2735.165527 0.000000 0.906041 0.000000 0.423189 0.800000 0.800000 0.800000
5658.123535 0.000000 2739.565674 0.000000 0.727796 0.000000 0.685793 0.800000 0.800000 0.800000
5656.457520 0.000000 2746.521484 0.000000 0.593215 0.000000 0.805044 0.800000 0.800000 0.800000
5658.509277 0.000000 2749.638428 0.000000 0.192150 0.000000 -0.981366 0.800000 0.800000 0.800000
5660.776367 0.000000 2747.307861 0.000000 0.968282 0.000000 -0.249861 0.800000 0.800000 0.800000
5644.354980 0.000000 2732.842285 0.000000 0.562035 0.000000 -0.827113 0.800000 0.800000 0.800000
5647.291992 0.000000 2732.641113 0.000000 0.982318 0.000000 0.187218 0.800000 0.800000 0.800000
5648.795410 0.000000 2731.719482 0.000000 0.290081 0.000000 -0.957002 0.800000 0.800000 0.800000
5660.964844 0.000000 2745.731445 0.000000 0.501549 0.000000 0.865129 0.800000 0.800000 0.800000
5657.779297 0.000000 2745.736328 0.000000 0.057265 0.000000 0.998359 0.800000 0.800000 0.800000
5654.315430 0.000000 2736.722656 0.000000 0.757650 0.000000 0.652661 0.800000 0.800000 0.800000
5656.910156 0.000000 2737.944336 0.000000 0.474877 0.000000 -0.880052 0.800000 0.800000 0.800000
5648.260254 0.000000 2734.614258 0.000000 0.698794 0.000000 0.715323 0.800000 0.800000 0.800000
5658.017090 0.000000 2744.519775 0.000000 0.274298 0.000000 0.961645 0.668303 0.668303 0.668303
5657.299316 0.000000 2740.510010 0.000000 0.501492 0.000000 -0.865162 0.906491 0.906491 0.906491
5672.544922 0.000000 2742.044678 0.000000 0.273647 0.000000 -0.961830 0.800000 0.800000 0.800000
5681.943848 0.000000 2749.206299 0.000000 0.744472 0.000000 0.667654 0.800000 0.800000 0.800000
5677.880859 0.000000 2744.671875 0.000000 0.408138 0.000000 -0.912920 0.800000 0.800000 0.800000
5686.327148 0.000000 2748.509033 0.000000 0.887653 0.000000 -0.460512 0.800000 0.800000 0.800000
5671.854980 0.000000 2746.123535 0.000000 0.717997 0.000000 -0.696046 0.878419 0.878419 0.878419
5681.837891 0.000000 2744.801514 0.000000 0.981680 0.000000 0.190537 0.800000 0.800000 0.800000
5677.865723 0.000000 2740.719238 0.000000 0.181336 0.000000 0.983421 0.800000 0.800000 0.800000
5678.038574 0.000000 2748.374756 0.000000 0.727074 0.000000 -0.686559 0.800000 0.800000 0.800000
5675.484863 0.000000 2742.695068 0.000000 0.668527 0.000000 -0.743687 0.800000 0.800000 0.800000
5684.428711 0.000000 2750.634766 0.000000 0.583482 0.000000 -0.812126 0.896541 0.896541 0.896541
5680.020020 0.000000 2742.546631 0.000000 0.546997 0.000000 -0.837134 0.800000 0.800000 0.800000
5687.703125 0.000000 2751.002441 0.000000 0.364733 0.000000 0.931112 0.800000 0.800000 0.800000
5670.037598 0.000000 2744.051270 0.000000 0.993138 0.000000 -0.116947 0.800000 0.800000 0.800000
5680.231445 0.000000 2746.878662 0.000000 0.351568 0.000000 -0.936163 0.923408 0.923408 0.923408
5678.919434 0.000000 2738.425293 0.000000 0.991559 0.000000 -0.129659 0.800000 0.800000 0.800000
5673.628906 0.000000 2744.382568 0.000000 0.392246 0.000000 -0.919860 0.800000 0.800000 0.800000
5670.773926 0.000000 2748.194336 0.000000 0.793482 0.000000 0.608594 0.733355 0.733355 0.733355
5673.177734 0.000000 2747.820068 0.000000 0.950303 0.000000 0.311326 0.767753 0.767753 0.767753
5669.139648 0.000000 2750.875000 0.000000 0.980016 0.000000 -0.198918 0.800000 0.800000 0.800000
5675.643066 0.000000 2740.648682 0.000000 0.380902 0.000000 -0.924615 0.800000 0.800000 0.800000
5680.003418 0.000000 2748.838623 0.000000 0.972221 0.000000 -0.234064 0.800000 0.800000 0.800000
5677.203125 0.000000 2746.517822 0.000000 0.999972 0.000000 -0.007423 0.800000 0.800000 0.800000
5683.947754 0.000000 2748.742432 0.000000 0.860544 0.000000 0.509376 0.800000 0.800000 0.800000
5683.886719 0.000000 2744.825684 0.000000 0.983847 0.000000 -0.179013 0.800000 0.800000 0.800000
5682.139648 0.000000 2747.146240 0.000000 0.205371 0.000000 0.978684 0.800000 0.800000 0.800000
5677.335449 0.000000 2742.562012 0.000000 0.738340 0.000000 -0.674429 0.800000 0.800000 0.800000
5676.975586 0.000000 2739.061279 0.000000 0.864661 0.000000 0.502355 0.800000 0.800000 0.800000
5679.729492 0.000000 2740.479248 0.000000 0.678812 0.000000 0.734312 0.800000 0.800000 0.800000
5675.870605 0.000000 2744.630127 0.000000 0.589368 0.000000 -0.807865 0.800000 0.800000 0.800000
5680.036133 0.000000 2744.465088 0.000000 0.984499 0.000000 0.175389 0.800000 0.800000 0.800000
5672.558105 0.000000 2751.885986 0.000000 0.465395 0.000000 0.885103 0.800000 0.800000 0.800000
5686.073730 0.000000 2750.197998 0.000000 0.104423 0.000000 -0.994533 0.800000 0.800000 0.800000
5673.528320 0.000000 2746.108643 0.000000 0.243735 0.000000 -0.969842 0.934921 0.934921 0.934921
5674.096680 0.000000 2741.395020 0.000000 0.325501 0.000000 0.945542 0.800000 0.800000 0.800000
5687.804688 0.000000 2749.324463 0.000000 0.731056 0.000000 0.682318 0.800000 0.800000 0.800000
5672.767090 0.000000 2749.485840 0.000000 0.546818 0.000000 -0.837252 0.800000 0.800000 0.800000
5678.753906 0.000000 2746.092041 0.000000 0.969920 0.000000 -0.243424 0.800000 0.800000 0.800000
5670.028809 0.000000 2749.604980 0.000000 0.853365 0.000000 0.521314 0.744142 0.744142 0.744142
5673.908203 0.000000 2742.894043 0.000000 0.576148 0.000000 0.817345 0.800000 0.800000 0.800000
5678.604980 0.000000 2743.373779 0.000000 0.518425 0.000000 0.855123 0.800000 0.800000 0.800000
5681.191406 0.000000 2743.458984 0.000000 0.907505 0.000000 0.420042 0.800000 0.800000 0.800000
5682.848633 0.000000 2745.879150 0.000000 0.814511 0.000000 0.580149 0.800000 0.800000 0.800000
5673.497559 0.000000 2750.781494 0.000000 0.751106 0.000000 0.660181 0.800000 0.800000 0.800000
5683.020996 0.000000 2750.394287 0.000000 0.360079 0.000000 -0.932922 0.800000 0.800000 0.800000
5685.774902 0.000000 2751.562988 0.000000 0.124777 0.000000 -0.992185 0.947257 0.947257 0.947257
5671.884766 0.000000 2747.482666 0.000000 0.980095 0.000000 0.198530 0.779643 0.779643 0.779643
5670.367676 0.000000 2751.286377 0.000000 0.384671 0.000000 -0.923054 0.919781 0.919781 0.919781
5670.810059 0.000000 2746.945068 0.000000 0.870004 0.000000 -0.493045 0.852517 0.852517 0.852517
5671.418457 0.000000 2749.253906 0.000000 0.617579 0.000000 0.786509 0.707804 0.707804 0.707804
5719.498535 0.000000 2697.706787 0.000000 0.734688 0.000000 -0.678405 0.800000 0.800000 0.800000
5727.616699 0.000000 2700.839844 0.000000 0.310794 0.000000 -0.950477 0.800000 0.800000 0.800000
5702.333008 0.000000 2688.647461 0.000000 0.922194 0.000000 -0.386728 0.800000 0.800000 0.800000
5717.711914 0.000000 2712.133057 0.000000 0.473161 0.000000 -0.880976 0.800000 0.800000 0.800000
5700.527832 0.000000 2716.744873 0.000000 0.997235 0.000000 -0.074307 0.800000 0.800000 0.800000
5722.376465 0.000000 2701.245605 0.000000 0.655807 0.000000 -0.754928 0.800000 0.800000 0.800000
5721.397461 0.000000 2709.802979 0.000000 0.963338 0.000000 -0.268290 0.800000 0.800000 0.800000
5703.854980 0.000000 2714.123535 0.000000 0.924542 0.000000 -0.381080 0.800000 0.800000 0.800000
5706.342773 0.000000 2688.170410 0.000000 0.614597 0.000000 -0.788841 0.800000 0.800000 0.800000
5709.865723 0.000000 2708.719238 0.000000 0.452595 0.000000 0.891716 0.800000 0.800000 0.800000
5726.641113 0.000000 2704.483887 0.000000 0.621057 0.000000 -0.783766 0.800000 0.800000 0.800000
5710.038574 0.000000 2716.374756 0.000000 0.957217 0.000000 -0.289371 0.800000 0.800000 0.800000
5718.982422 0.000000 2702.966064 0.000000 0.997477 0.000000 0.070987 0.800000 0.800000 0.800000
5707.187012 0.000000 2714.396729 0.000000 0.789866 0.000000 0.613280 0.800000 0.800000 0.800000
5716.781250 0.000000 2699.220459 0.000000 0.379012 0.000000 0.925392 0.800000 0.800000 0.800000
5707.484863 0.000000 2710.695068 0.000000 0.788341 0.000000 0.615238 0.800000 0.800000 0.800000
5709.127930 0.000000 2719.200928 0.000000 0.316166 0.000000 0.948704 0.800000 0.800000 0.800000
5720.642090 0.000000 2712.653564 0.000000 0.928006 0.000000 -0.372565 0.800000 0.800000 0.800000
5716.023926 0.000000 2714.748535 0.000000 0.841715 0.000000 -0.539923 0.800000 0.800000 0.800000
5724.780273 0.000000 2699.672607 0.000000 0.861835 0.000000 -0.507188 0.800000 0.800000 0.800000
5724.823242 0.000000 2702.420410 0.000000 0.094154 0.000000 -0.995558 0.800000 0.800000 0.800000
5702.037598 0.000000 2712.051270 0.000000 0.425601 0.000000 -0.904911 0.800000 0.800000 0.800000
5719.791016 0.000000 2700.426270 0.000000 0.996482 0.000000 0.083804 0.800000 0.800000 0.800000
5722.168945 0.000000 2698.525146 0.000000 0.112468 0.000000 0.993655 0.800000 0.800000 0.800000
5711.855469 0.000000 2718.975342 0.000000 0.790947 0.000000 -0.611885 0.800000 0.800000 0.800000
5718.832031 0.000000 2709.917725 0.000000 0.611977 0.000000 0.790876 0.800000 0.800000 0.800000
5710.919434 0.000000 2706.425293 0.000000 0.948181 0.000000 0.317731 0.800000 0.800000 0.800000
5705.628906 0.000000 2712.382568 0.000000 0.890920 0.000000 -0.454161 0.800000 0.800000 0.800000
5699.061523 0.000000 2718.539795 0.000000 0.988785 0.000000 0.149347 0.800000 0.800000 0.800000
5702.773926 0.000000 2716.194336 0.000000 0.578240 0.000000 -0.815867 0.800000 0.800000 0.800000
5718.658203 0.000000 2714.260254 0.000000 0.858101 0.000000 0.513481 0.800000 0.800000 0.800000
5704.483398 0.000000 2689.546875 0.000000 0.793515 0.000000 0.608551 0.800000 0.800000 0.800000
5717.673828 0.000000 2701.217529 0.000000 0.533989 0.000000 0.845491 0.800000 0.800000 0.800000
5705.177734 0.000000 2715.820068 0.000000 0.071636 0.000000 0.997431 0.800000 0.800000 0.800000
5701.139648 0.000000 2718.875000 0.000000 0.608056 0.000000 -0.793894 0.800000 0.800000 0.800000
5709.203125 0.000000 2714.517822 0.000000 0.975480 0.000000 0.220089 0.800000 0.800000 0.800000
5717.583008 0.000000 2697.347900 0.000000 0.802144 0.000000 -0.597130 0.800000 0.800000 0.800000
5718.207520 0.000000 2708.081299 0.000000 0.493934 0.000000 0.869499 0.800000 0.800000 0.800000
5709.335449 0.000000 2710.562012 0.000000 0.344721 0.000000 0.938705 0.800000 0.800000 0.800000
5726.666016 0.000000 2702.618164 0.000000 0.855388 0.000000 -0.517988 0.800000 0.800000 0.800000
5708.975586 0.000000 2707.061279 0.000000 0.103964 0.000000 0.994581 0.800000 0.800000 0.800000
5711.729492 0.000000 2708.479248 0.000000 0.960269 0.000000 0.279075 0.800000 0.800000 0.800000
5707.870605 0.000000 2712.630127 0.000000 0.484784 0.000000 -0.874634 0.800000 0.800000 0.800000
5723.062012 0.000000 2702.943848 0.000000 0.879975 0.000000 -0.475021 0.800000 0.800000 0.800000
5721.255859 0.000000 2696.843994 0.000000 0.713756 0.000000 0.700395 0.800000 0.800000 0.800000
5716.191895 0.000000 2710.934570 0.000000 0.461404 0.000000 0.887190 0.800000 0.800000 0.800000
5698.083984 0.000000 2717.022705 0.000000 0.747906 0.000000 0.663805 0.800000 0.800000 0.800000
5718.490234 0.000000 2699.251465 0.000000 0.249738 0.000000 0.968314 0.800000 0.800000 0.800000
5705.528320 0.000000 2714.108643 0.000000 0.129327 0.000000 0.991602 0.800000 0.800000 0.800000
5720.723633 0.000000 2701.872314 0.000000 0.999438 0.000000 0.033511 0.800000 0.800000 0.800000
5710.353027 0.000000 2718.017090 0.000000 0.341944 0.000000 -0.939720 0.800000 0.800000 0.800000
5725.941895 0.000000 2700.884521 0.000000 0.960569 0.000000 -0.278041 0.800000 0.800000 0.800000
5719.334961 0.000000 2711.612305 0.000000 0.906453 0.000000 0.422307 0.755591 0.755591 0.755591
5704.767090 0.000000 2717.485840 0.000000 0.597542 0.000000 0.801837 0.800000 0.800000 0.800000
5710.753906 0.000000 2714.092041 0.000000 0.080660 0.000000 0.996742 0.800000 0.800000 0.800000
5721.364258 0.000000 2699.963867 0.000000 0.917228 0.000000 -0.398364 0.800000 0.800000 0.800000
5723.810547 0.000000 2698.312012 0.000000 0.218694 0.000000 0.975793 0.800000 0.800000 0.800000
5708.059082 0.000000 2717.845215 0.000000 0.892308 0.000000 0.451427 0.800000 0.800000 0.800000
5723.181152 0.000000 2699.855957 0.000000 0.351063 0.000000 -0.936352 0.800000 0.800000 0.800000
5725.436035 0.000000 2698.161133 0.000000 0.922253 0.000000 -0.386587 0.800000 0.800000 0.800000
5702.028809 0.000000 2717.604980 0.000000 0.994532 0.000000 -0.104432 0.800000 0.800000 0.800000
5720.071777 0.000000 2708.897217 0.000000 0.680087 0.000000 -0.733132 0.800000 0.800000 0.800000
5703.791016 0.000000 2688.097900 0.000000 0.011948 0.000000 0.999929 0.800000 0.800000 0.800000
5707.919434 0.000000 2688.139404 0.000000 0.469247 0.000000 -0.883067 0.800000 0.800000 0.800000
5710.526855 0.000000 2719.822021 0.000000 0.998993 0.000000 -0.044856 0.800000 0.800000 0.800000
5721.779297 0.000000 2713.736328 0.000000 0.865801 0.000000 -0.500389 0.800000 0.800000 0.800000
5710.604980 0.000000 2711.373779 0.000000 0.632144 0.000000 0.774851 0.800000 0.800000 0.800000
5717.190430 0.000000 2713.591064 0.000000 0.508103 0.000000 0.861296 0.800000 0.800000 0.800000
5724.158203 0.000000 2701.040771 0.000000 0.089483 0.000000 -0.995988 0.800000 0.800000 0.800000
5720.501953 0.000000 2698.781738 0.000000 0.328253 0.000000 -0.944590 0.800000 0.800000 0.800000
5721.465820 0.000000 2711.266846 0.000000 0.716483 0.000000 -0.697604 0.800000 0.800000 0.800000
5717.407227 0.000000 2715.354492 0.000000 0.999781 0.000000 0.020933 0.800000 0.800000 0.800000
5718.393555 0.000000 2696.138184 0.000000 0.970177 0.000000 0.242399 0.800000 0.800000 0.800000
5719.679199 0.000000 2715.816162 0.000000 0.994425 0.000000 0.105444 0.800000 0.800000 0.800000
5727.893066 0.000000 2703.368408 0.000000 0.829163 0.000000 -0.559007 0.800000 0.800000 0.800000
5717.054199 0.000000 2702.586914 0.000000 0.477486 0.000000 0.878640 0.800000 0.800000 0.800000
5706.637207 0.000000 2715.684570 0.000000 0.809644 0.000000 -0.586921 0.800000 0.800000 0.800000
5717.469238 0.000000 2710.285645 0.000000 0.549907 0.000000 -0.835226 0.800000 0.800000 0.800000
5718.941895 0.000000 2712.920410 0.000000 0.837321 0.000000 0.546711 0.741081 0.741081 0.741081
5708.263672 0.000000 2723.783203 0.000000 0.996995 0.000000 0.077460 0.800000 0.800000 0.800000
5702.333008 0.000000 2720.647461 0.000000 0.999947 0.000000 0.010322 0.800000 0.800000 0.800000
5700.062012 0.000000 2724.120361 0.000000 0.123262 0.000000 0.992374 0.800000 0.800000 0.800000
5706.342773 0.000000 2720.170410 0.000000 0.365697 0.000000 -0.930734 0.800000 0.800000 0.800000
5704.367188 0.000000 2723.822510 0.000000 0.097375 0.000000 0.995248 0.800000 0.800000 0.800000
5699.067383 0.000000 2721.031982 0.000000 0.998245 0.000000 0.059218 0.800000 0.800000 0.800000
5705.434570 0.000000 2726.829834 0.000000 0.804456 0.000000 -0.594012 0.800000 0.800000 0.800000
5709.245605 0.000000 2720.947510 0.000000 0.880784 0.000000 0.473518 0.800000 0.800000 0.800000
5702.252930 0.000000 2724.941162 0.000000 0.299463 0.000000 -0.954108 0.800000 0.800000 0.800000
5707.557129 0.000000 2725.922363 0.000000 0.040769 0.000000 -0.999169 0.800000 0.800000 0.800000
5706.519531 0.000000 2722.410156 0.000000 0.990114 0.000000 0.140264 0.800000 0.800000 0.800000
5702.559082 0.000000 2722.764648 0.000000 0.995930 0.000000 0.090132 0.800000 0.800000 0.800000
5698.145996 0.000000 2723.895508 0.000000 0.566252 0.000000 -0.824232 0.800000 0.800000 0.800000
5710.166504 0.000000 2722.606445 0.000000 0.680675 0.000000 -0.732586 0.800000 0.800000 0.800000
5700.704590 0.000000 2722.037598 0.000000 0.869782 0.000000 0.493436 0.800000 0.800000 0.800000
5705.917480 0.000000 2724.967041 0.000000 0.989843 0.000000 0.142167 0.800000 0.800000 0.800000
5700.504395 0.000000 2720.043457 0.000000 0.717459 0.000000 -0.696600 0.800000 0.800000 0.800000
5709.895508 0.000000 2724.516357 0.000000 0.969665 0.000000 -0.244436 0.800000 0.800000 0.800000
5708.138184 0.000000 2722.131348 0.000000 0.331253 0.000000 0.943542 0.800000 0.800000 0.800000
5700.737305 0.000000 2725.629395 0.000000 0.100103 0.000000 0.994977 0.800000 0.800000 0.800000
5699.110840 0.000000 2722.621338 0.000000 0.941397 0.000000 0.337299 0.800000 0.800000 0.800000
5706.641602 0.000000 2727.788330 0.000000 0.906000 0.000000 0.423277 0.800000 0.800000 0.800000
5710.894531 0.000000 2721.264160 0.000000 0.896335 0.000000 -0.443377 0.800000 0.800000 0.800000
5703.791016 0.000000 2720.097900 0.000000 0.959841 0.000000 0.280546 0.800000 0.800000 0.800000
5707.919434 0.000000 2720.139404 0.000000 0.067830 0.000000 -0.997697 0.800000 0.800000 0.800000
5642.484375 0.000000 2781.530273 0.000000 0.999980 0.000000 0.006264 0.800000 0.800000 0.800000
5649.943848 0.000000 2781.206299 0.000000 0.786892 0.000000 -0.617091 0.800000 0.800000 0.800000
5660.482422 0.000000 2760.834229 0.000000 0.066260 0.000000 -0.997802 0.800000 0.800000 0.800000
5654.327148 0.000000 2780.509033 0.000000 0.998364 0.000000 -0.057176 0.800000 0.800000 0.800000
5632.671875 0.000000 2782.357910 0.000000 0.080822 0.000000 -0.996729 0.800000 0.800000 0.800000
5649.837891 0.000000 2776.801514 0.000000 0.730945 0.000000 0.682436 0.800000 0.800000 0.800000
5663.594727 0.000000 2759.899170 0.000000 0.381043 0.000000 -0.924557 0.800000 0.800000 0.800000
5652.023926 0.000000 2778.748535 0.000000 0.974296 0.000000 0.225271 0.800000 0.800000 0.800000
5652.428711 0.000000 2782.634766 0.000000 0.225551 0.000000 -0.974231 0.936826 0.936826 0.936826
5648.020020 0.000000 2774.546631 0.000000 0.667077 0.000000 0.744989 0.800000 0.800000 0.800000
5655.703125 0.000000 2783.002441 0.000000 0.988732 0.000000 -0.149693 0.800000 0.800000 0.800000
5648.231445 0.000000 2778.878662 0.000000 0.473352 0.000000 -0.880874 0.800000 0.800000 0.800000
5661.457520 0.000000 2758.340332 0.000000 0.755883 0.000000 0.654707 0.800000 0.800000 0.800000
5663.065430 0.000000 2762.366455 0.000000 0.614186 0.000000 -0.789161 0.800000 0.800000 0.800000
5650.436035 0.000000 2774.401123 0.000000 0.182083 0.000000 -0.983283 0.800000 0.800000 0.800000
5654.658203 0.000000 2778.260254 0.000000 0.910853 0.000000 0.412731 0.800000 0.800000 0.800000
5659.449219 0.000000 2757.934570 0.000000 0.776972 0.000000 -0.629535 0.800000 0.800000 0.800000
5648.003418 0.000000 2780.838623 0.000000 0.903436 0.000000 -0.428723 0.800000 0.800000 0.800000
5643.981445 0.000000 2780.212646 0.000000 0.995181 0.000000 -0.098060 0.800000 0.800000 0.800000
5651.947754 0.000000 2780.742432 0.000000 0.821867 0.000000 -0.569679 0.861738 0.861738 0.861738
5651.886719 0.000000 2776.825684 0.000000 0.941585 0.000000 -0.336776 0.800000 0.800000 0.800000
5650.139648 0.000000 2779.146240 0.000000 0.004187 0.000000 -0.999991 0.800000 0.800000 0.800000
5642.798828 0.000000 2783.410156 0.000000 0.489927 0.000000 0.871764 0.800000 0.800000 0.800000
5648.036133 0.000000 2776.465088 0.000000 0.690405 0.000000 0.723423 0.800000 0.800000 0.800000
5640.558105 0.000000 2783.885986 0.000000 0.899067 0.000000 0.437810 0.753841 0.753841 0.753841
5654.073730 0.000000 2782.197998 0.000000 0.028024 0.000000 -0.999607 0.800000 0.800000 0.800000
5658.873535 0.000000 2760.301270 0.000000 0.636346 0.000000 -0.771404 0.800000 0.800000 0.800000
5655.804688 0.000000 2781.324463 0.000000 0.760805 0.000000 0.648981 0.800000 0.800000 0.800000
5640.767090 0.000000 2781.485840 0.000000 0.292582 0.000000 0.956240 0.800000 0.800000 0.800000
5633.921387 0.000000 2783.779297 0.000000 0.809189 0.000000 0.587549 0.800000 0.800000 0.800000
5662.117676 0.000000 2760.686279 0.000000 0.393183 0.000000 0.919460 0.800000 0.800000 0.800000
5650.892578 0.000000 2772.878662 0.000000 0.801957 0.000000 -0.597381 0.800000 0.800000 0.800000
5649.091309 0.000000 2773.431396 0.000000 0.695585 0.000000 -0.718444 0.800000 0.800000 0.800000
5660.145996 0.000000 2759.353516 0.000000 0.082095 0.000000 0.996625 0.800000 0.800000 0.800000
5649.191406 0.000000 2775.458984 0.000000 0.957322 0.000000 -0.289022 0.800000 0.800000 0.800000
5653.407227 0.000000 2779.354492 0.000000 0.985491 0.000000 -0.169725 0.800000 0.800000 0.800000
5655.679199 0.000000 2779.816162 0.000000 0.653484 0.000000 -0.756940 0.800000 0.800000 0.800000
5663.259277 0.000000 2758.479492 0.000000 0.827136 0.000000 -0.562001 0.800000 0.800000 0.800000
5650.848633 0.000000 2777.879150 0.000000 0.782718 0.000000 -0.622377 0.800000 0.800000 0.800000
5641.497559 0.000000 2782.781494 0.000000 0.203422 0.000000 0.979091 0.660866 0.660866 0.660866
5658.816895 0.000000 2756.487061 0.000000 0.337461 0.000000 -0.941340 0.800000 0.800000 0.800000
5650.957031 0.000000 2775.748535 0.000000 0.773791 0.000000 -0.633441 0.800000 0.800000 0.800000
5651.020996 0.000000 2782.394287 0.000000 0.381250 0.000000 -0.924472 0.800000 0.800000 0.800000
5653.774902 0.000000 2783.562988 0.000000 0.999902 0.000000 0.013972 0.798577 0.798577 0.798577
5669.415527 0.000000 2766.626709 0.000000 0.989907 0.000000 -0.141720 0.814484 0.814484 0.814484
5684.977051 0.000000 2752.686279 0.000000 0.961250 0.000000 -0.275676 0.800000 0.800000 0.800000
5672.544922 0.000000 2774.044678 0.000000 0.873313 0.000000 -0.487160 0.800000 0.800000 0.800000
5670.333008 0.000000 2752.647461 0.000000 0.635881 0.000000 0.771787 0.800000 0.800000 0.800000
5668.527832 0.000000 2780.744873 0.000000 0.991595 0.000000 -0.129384 0.800000 0.800000 0.800000
5671.854980 0.000000 2778.123535 0.000000 0.969021 0.000000 0.246979 0.800000 0.800000 0.800000
5689.733887 0.000000 2759.046875 0.000000 0.100080 0.000000 -0.994979 0.800000 0.800000 0.800000
5671.398926 0.000000 2782.481201 0.000000 0.497192 0.000000 -0.867641 0.800000 0.800000 0.800000
5668.081543 0.000000 2769.710693 0.000000 0.859076 0.000000 -0.511848 0.800000 0.800000 0.800000
5670.037598 0.000000 2776.051270 0.000000 0.981794 0.000000 0.189950 0.800000 0.800000 0.800000
5689.623535 0.000000 2755.584961 0.000000 0.330876 0.000000 0.943674 0.800000 0.800000 0.800000
5671.435547 0.000000 2765.242920 0.000000 0.813037 0.000000 0.582212 0.800000 0.800000 0.800000
5686.871094 0.000000 2754.226807 0.000000 0.999898 0.000000 0.014282 0.800000 0.800000 0.800000
5673.628906 0.000000 2776.382568 0.000000 0.986582 0.000000 0.163266 0.800000 0.800000 0.800000
5682.509766 0.000000 2752.299805 0.000000 0.510437 0.000000 0.859915 0.800000 0.800000 0.800000
5670.773926 0.000000 2780.194336 0.000000 0.237445 0.000000 -0.971401 0.800000 0.800000 0.800000
5672.483398 0.000000 2753.546875 0.000000 0.796811 0.000000 0.604229 0.800000 0.800000 0.800000
5673.177734 0.000000 2779.820068 0.000000 0.011929 0.000000 0.999929 0.800000 0.800000 0.800000
5671.046387 0.000000 2768.044922 0.000000 0.959497 0.000000 -0.281719 0.800000 0.800000 0.800000
5669.709473 0.000000 2778.366455 0.000000 0.772219 0.000000 -0.635357 0.800000 0.800000 0.800000
5669.139648 0.000000 2782.875000 0.000000 0.629966 0.000000 -0.776623 0.800000 0.800000 0.800000
5691.449219 0.000000 2757.934570 0.000000 0.280437 0.000000 0.959872 0.800000 0.800000 0.800000
5687.167480 0.000000 2752.006104 0.000000 0.411131 0.000000 -0.911576 0.800000 0.800000 0.800000
5669.654297 0.000000 2764.635742 0.000000 0.516501 0.000000 -0.856287 0.800000 0.800000 0.800000
5689.143555 0.000000 2757.324707 0.000000 0.249942 0.000000 0.968261 0.665732 0.665732 0.665732
5668.504395 0.000000 2752.043457 0.000000 0.985380 0.000000 0.170371 0.800000 0.800000 0.800000
5669.330566 0.000000 2768.375732 0.000000 0.959116 0.000000 -0.283013 0.800000 0.800000 0.800000
5673.528320 0.000000 2778.108643 0.000000 0.254989 0.000000 0.966944 0.800000 0.800000 0.800000
5672.767090 0.000000 2781.485840 0.000000 0.930811 0.000000 0.365501 0.800000 0.800000 0.800000
5690.376465 0.000000 2754.136230 0.000000 0.834695 0.000000 0.550713 0.800000 0.800000 0.800000
5688.497559 0.000000 2754.423584 0.000000 0.889575 0.000000 0.456790 0.800000 0.800000 0.800000
5670.028809 0.000000 2781.604980 0.000000 0.302917 0.000000 0.953017 0.800000 0.800000 0.800000
5673.908203 0.000000 2774.894043 0.000000 0.685995 0.000000 0.727606 0.800000 0.800000 0.800000
5671.791016 0.000000 2752.097900 0.000000 0.271793 0.000000 -0.962356 0.800000 0.800000 0.800000
5683.326660 0.000000 2753.689453 0.000000 0.432839 0.000000 0.901471 0.800000 0.800000 0.800000
5671.835938 0.000000 2766.676270 0.000000 0.118976 0.000000 0.992897 0.652148 0.652148 0.652148
5690.816895 0.000000 2756.487061 0.000000 0.921736 0.000000 -0.387818 0.800000 0.800000 0.800000
5670.646484 0.000000 2766.228516 0.000000 0.234856 0.000000 0.972030 0.664148 0.664148 0.664148
5652.977051 0.000000 2784.686279 0.000000 0.844566 0.000000 -0.535451 0.800000 0.800000 0.800000
5645.843750 0.000000 2795.939941 0.000000 0.714415 0.000000 -0.699722 0.800000 0.800000 0.800000
5638.346191 0.000000 2791.327637 0.000000 0.266961 0.000000 0.963707 0.800000 0.800000 0.800000
5641.063965 0.000000 2795.399170 0.000000 0.425975 0.000000 0.904735 0.800000 0.800000 0.800000
5644.250000 0.000000 2792.074219 0.000000 0.553937 0.000000 0.832558 0.800000 0.800000 0.800000
5649.770996 0.000000 2794.510742 0.000000 0.274472 0.000000 -0.961595 0.800000 0.800000 0.800000
5636.062012 0.000000 2788.120361 0.000000 0.321202 0.000000 -0.947011 0.800000 0.800000 0.800000
5642.342773 0.000000 2784.170410 0.000000 0.459339 0.000000 -0.888261 0.800000 0.800000 0.800000
5637.130859 0.000000 2794.842529 0.000000 0.923561 0.000000 -0.383451 0.800000 0.800000 0.800000
5647.378906 0.000000 2792.535889 0.000000 0.295954 0.000000 0.955202 0.800000 0.800000 0.800000
5662.431152 0.000000 2810.654297 0.000000 0.713873 0.000000 0.700275 0.800000 0.800000 0.800000
5641.434570 0.000000 2790.829834 0.000000 0.993606 0.000000 -0.112901 0.800000 0.800000 0.800000
5632.283691 0.000000 2784.049316 0.000000 0.748458 0.000000 0.663183 0.800000 0.800000 0.800000
5645.127930 0.000000 2815.200928 0.000000 0.793336 0.000000 0.608784 0.800000 0.800000 0.800000
5647.855469 0.000000 2814.975342 0.000000 0.869030 0.000000 0.494759 0.800000 0.800000 0.800000
5643.578125 0.000000 2794.613770 0.000000 0.022269 0.000000 -0.999752 0.800000 0.800000 0.800000
5639.332031 0.000000 2793.655518 0.000000 0.677605 0.000000 -0.735426 0.800000 0.800000 0.800000
5634.277344 0.000000 2789.824951 0.000000 0.949345 0.000000 -0.314236 0.800000 0.800000 0.800000
5633.025391 0.000000 2786.308105 0.000000 0.850478 0.000000 -0.526010 0.800000 0.800000 0.800000
5650.963867 0.000000 2792.413574 0.000000 0.858689 0.000000 0.512497 0.800000 0.800000 0.800000
5642.662598 0.000000 2797.113281 0.000000 0.965890 0.000000 -0.258951 0.800000 0.800000 0.800000
5650.509766 0.000000 2784.299805 0.000000 0.083288 0.000000 -0.996525 0.800000 0.800000 0.800000
5638.252930 0.000000 2788.941162 0.000000 0.893955 0.000000 -0.448157 0.800000 0.800000 0.800000
5641.793945 0.000000 2793.081787 0.000000 0.894990 0.000000 -0.446085 0.800000 0.800000 0.800000
5640.483398 0.000000 2785.546875 0.000000 0.222279 0.000000 -0.974983 0.800000 0.800000 0.800000
5661.576172 0.000000 2815.152344 0.000000 0.340617 0.000000 -0.940202 0.800000 0.800000 0.800000
5636.117676 0.000000 2791.164795 0.000000 0.018674 0.000000 -0.999826 0.800000 0.800000 0.800000
5647.610840 0.000000 2794.665527 0.000000 0.900286 0.000000 -0.435298 0.800000 0.800000 0.800000
5645.603516 0.000000 2793.754395 0.000000 0.854114 0.000000 0.520086 0.800000 0.800000 0.800000
5655.167480 0.000000 2784.006104 0.000000 0.993433 0.000000 -0.114417 0.800000 0.800000 0.800000
5634.145996 0.000000 2787.895508 0.000000 0.999398 0.000000 0.034684 0.800000 0.800000 0.800000
5637.167480 0.000000 2792.859375 0.000000 0.000907 0.000000 -1.000000 0.800000 0.800000 0.800000
5643.083984 0.000000 2799.786377 0.000000 0.084848 0.000000 -0.996394 0.800000 0.800000 0.800000
5636.704590 0.000000 2786.037598 0.000000 0.853638 0.000000 0.520866 0.800000 0.800000 0.800000
5662.257324 0.000000 2812.641602 0.000000 0.674753 0.000000 0.738044 0.800000 0.800000 0.800000
5663.967773 0.000000 2811.734619 0.000000 0.311287 0.000000 -0.950316 0.800000 0.800000 0.800000
5649.190918 0.000000 2792.794189 0.000000 0.998438 0.000000 -0.055872 0.800000 0.800000 0.800000
5663.353027 0.000000 2808.887939 0.000000 0.175661 0.000000 0.984451 0.800000 0.800000 0.800000
5639.676270 0.000000 2790.117432 0.000000 0.096276 0.000000 -0.995355 0.800000 0.800000 0.800000
5639.988770 0.000000 2791.927002 0.000000 0.556980 0.000000 -0.830526 0.800000 0.800000 0.800000
5639.079590 0.000000 2795.499023 0.000000 0.605763 0.000000 0.795645 0.800000 0.800000 0.800000
5644.354980 0.000000 2796.842285 0.000000 0.172035 0.000000 0.985091 0.800000 0.800000 0.800000
5651.477051 0.000000 2794.096436 0.000000 0.744149 0.000000 0.668013 0.800000 0.800000 0.800000
5646.353027 0.000000 2814.017090 0.000000 0.830252 0.000000 -0.557388 0.800000 0.800000 0.800000
5636.737305 0.000000 2789.629395 0.000000 0.016384 0.000000 0.999866 0.800000 0.800000 0.800000
5647.291992 0.000000 2796.641113 0.000000 0.102038 0.000000 -0.994781 0.800000 0.800000 0.800000
5635.110840 0.000000 2786.621338 0.000000 0.409014 0.000000 0.912528 0.800000 0.800000 0.800000
5648.795410 0.000000 2795.719482 0.000000 0.829727 0.000000 -0.558170 0.800000 0.800000 0.800000
5642.641602 0.000000 2791.788330 0.000000 0.987780 0.000000 0.155855 0.800000 0.800000 0.800000
5640.959473 0.000000 2797.562500 0.000000 0.689556 0.000000 0.724232 0.800000 0.800000 0.800000
5643.919434 0.000000 2784.139404 0.000000 0.904779 0.000000 0.425882 0.800000 0.800000 0.800000
5646.526855 0.000000 2815.822021 0.000000 0.915103 0.000000 -0.403219 0.800000 0.800000 0.800000
5633.874023 0.000000 2784.103760 0.000000 0.542181 0.000000 -0.840262 0.800000 0.800000 0.800000
5651.326660 0.000000 2785.689453 0.000000 0.881356 0.000000 0.472452 0.800000 0.800000 0.800000
5642.532227 0.000000 2795.669922 0.000000 0.991281 0.000000 -0.131762 0.800000 0.800000 0.800000
5643.354492 0.000000 2793.208496 0.000000 0.171361 0.000000 0.985208 0.800000 0.800000 0.800000
5664.554199 0.000000 2808.431396 0.000000 0.820990 0.000000 0.570942 0.800000 0.800000 0.800000
5670.346191 0.000000 2791.327637 0.000000 0.987516 0.000000 0.157518 0.800000 0.800000 0.800000
5670.333008 0.000000 2784.647461 0.000000 0.997945 0.000000 0.064074 0.800000 0.800000 0.800000
5664.671875 0.000000 2814.357910 0.000000 0.999864 0.000000 -0.016516 0.800000 0.800000 0.800000
5668.062012 0.000000 2788.120361 0.000000 0.538023 0.000000 0.842930 0.800000 0.800000 0.800000
5672.367188 0.000000 2787.822510 0.000000 0.998781 0.000000 0.049364 0.800000 0.800000 0.800000
5673.434570 0.000000 2790.829834 0.000000 0.607346 0.000000 0.794437 0.706485 0.706485 0.706485
5665.348145 0.000000 2811.392090 0.000000 0.998132 0.000000 0.061096 0.800000 0.800000 0.800000
5675.578125 0.000000 2794.613770 0.000000 0.331958 0.000000 0.943294 0.800000 0.800000 0.800000
5667.061523 0.000000 2814.539795 0.000000 0.064707 0.000000 -0.997904 0.800000 0.800000 0.800000
5670.252930 0.000000 2788.941162 0.000000 0.631923 0.000000 0.775031 0.800000 0.800000 0.800000
5673.793945 0.000000 2793.081787 0.000000 0.736864 0.000000 -0.676041 0.800000 0.800000 0.800000
5670.559082 0.000000 2786.764648 0.000000 0.767348 0.000000 0.641231 0.800000 0.800000 0.800000
5669.139648 0.000000 2814.875000 0.000000 0.761400 0.000000 -0.648283 0.800000 0.800000 0.800000
5668.704590 0.000000 2786.037598 0.000000 0.971883 0.000000 -0.235463 0.800000 0.800000 0.800000
5673.917480 0.000000 2788.967041 0.000000 0.530714 0.000000 -0.847551 0.800000 0.800000 0.800000
5667.270996 0.000000 2811.270264 0.000000 0.416090 0.000000 0.909324 0.800000 0.800000 0.800000
5666.083984 0.000000 2813.022705 0.000000 0.523055 0.000000 0.852299 0.800000 0.800000 0.800000
5671.676270 0.000000 2790.117432 0.000000 0.758539 0.000000 -0.651627 0.800000 0.800000 0.800000
5665.845215 0.000000 2809.649414 0.000000 0.615383 0.000000 -0.788228 0.800000 0.800000 0.800000
5671.988770 0.000000 2791.927002 0.000000 0.896470 0.000000 -0.443105 0.800000 0.800000 0.800000
5668.504395 0.000000 2784.043457 0.000000 0.427683 0.000000 0.903929 0.800000 0.800000 0.800000
5665.921387 0.000000 2815.779297 0.000000 0.335477 0.000000 0.942048 0.800000 0.800000 0.800000
5668.737305 0.000000 2789.629395 0.000000 0.787916 0.000000 -0.615782 0.800000 0.800000 0.800000
5664.011230 0.000000 2810.099121 0.000000 0.669974 0.000000 0.742385 0.800000 0.800000 0.800000
5664.507812 0.000000 2812.714355 0.000000 0.939959 0.000000 -0.341287 0.800000 0.800000 0.800000
5674.641602 0.000000 2791.788330 0.000000 0.938978 0.000000 -0.343976 0.800000 0.800000 0.800000
5671.791016 0.000000 2784.097900 0.000000 0.485281 0.000000 0.874358 0.800000 0.800000 0.800000
5674.532227 0.000000 2795.669922 0.000000 0.639237 0.000000 -0.769009 0.800000 0.800000 0.800000
5675.354492 0.000000 2793.208496 0.000000 0.846112 0.000000 0.533006 0.800000 0.800000 0.800000
5644.263672 0.000000 2819.783203 0.000000 0.413989 0.000000 -0.910282 0.800000 0.800000 0.800000
5632.082520 0.000000 2820.540039 0.000000 0.535447 0.000000 0.844569 0.800000 0.800000 0.800000
5645.843750 0.000000 2827.939941 0.000000 0.725806 0.000000 -0.687900 0.800000 0.800000 0.800000
5660.178223 0.000000 2819.823975 0.000000 0.899539 0.000000 -0.436840 0.800000 0.800000 0.800000
5663.616699 0.000000 2828.839844 0.000000 0.223940 0.000000 0.974603 0.663005 0.663005 0.663005
5649.991699 0.000000 2822.318848 0.000000 0.221465 0.000000 -0.975168 0.800000 0.800000 0.800000
5651.599121 0.000000 2830.177734 0.000000 0.920060 0.000000 0.391778 0.800000 0.800000 0.800000
5632.155762 0.000000 2827.875977 0.000000 0.746437 0.000000 -0.665457 0.800000 0.800000 0.800000
5649.770996 0.000000 2826.510742 0.000000 0.624462 0.000000 0.781055 0.800000 0.800000 0.800000
5634.336914 0.000000 2824.425049 0.000000 0.081069 0.000000 0.996708 0.800000 0.800000 0.800000
5650.562500 0.000000 2819.029297 0.000000 0.265563 0.000000 -0.964093 0.800000 0.800000 0.800000
5663.594727 0.000000 2823.899170 0.000000 0.998245 0.000000 0.059214 0.800000 0.800000 0.800000
5647.378906 0.000000 2824.535889 0.000000 0.261759 0.000000 -0.965133 0.800000 0.800000 0.800000
5648.766113 0.000000 2829.274658 0.000000 0.128076 0.000000 -0.991764 0.800000 0.800000 0.800000
5650.849121 0.000000 2833.109375 0.000000 0.054211 0.000000 -0.998529 0.800000 0.800000 0.800000
5645.245605 0.000000 2816.947510 0.000000 0.799452 0.000000 0.600730 0.800000 0.800000 0.800000
5660.780273 0.000000 2827.672607 0.000000 0.912883 0.000000 -0.408220 0.800000 0.800000 0.800000
5644.563477 0.000000 2830.581787 0.000000 0.984735 0.000000 0.174058 0.800000 0.800000 0.800000
5662.919922 0.000000 2818.828125 0.000000 0.876046 0.000000 -0.482227 0.800000 0.800000 0.800000
5660.823242 0.000000 2830.420410 0.000000 0.724039 0.000000 -0.689759 0.800000 0.800000 0.800000
5661.457520 0.000000 2822.340332 0.000000 0.866632 0.000000 -0.498949 0.800000 0.800000 0.800000
5659.650391 0.000000 2817.134521 0.000000 0.226486 0.000000 -0.974014 0.800000 0.800000 0.800000
5663.065430 0.000000 2826.366455 0.000000 0.229697 0.000000 -0.973262 0.800000 0.800000 0.800000
5632.325195 0.000000 2823.180420 0.000000 0.932231 0.000000 0.361865 0.800000 0.800000 0.800000
5633.025391 0.000000 2818.308105 0.000000 0.968917 0.000000 -0.247387 0.800000 0.800000 0.800000
5650.963867 0.000000 2824.413574 0.000000 0.848584 0.000000 -0.529060 0.800000 0.800000 0.800000
5632.261719 0.000000 2825.458252 0.000000 0.764120 0.000000 -0.645074 0.800000 0.800000 0.800000
5653.036621 0.000000 2832.032227 0.000000 0.258919 0.000000 0.965899 0.800000 0.800000 0.800000
5646.720215 0.000000 2830.146729 0.000000 0.824427 0.000000 -0.565968 0.800000 0.800000 0.800000
5634.225586 0.000000 2826.607422 0.000000 0.999709 0.000000 -0.024130 0.800000 0.800000 0.800000
5653.673828 0.000000 2829.217529 0.000000 0.864876 0.000000 0.501985 0.800000 0.800000 0.800000
5647.610840 0.000000 2826.665527 0.000000 0.255134 0.000000 0.966906 0.800000 0.800000 0.800000
5649.758789 0.000000 2831.165527 0.000000 0.474586 0.000000 -0.880209 0.800000 0.800000 0.800000
5648.650391 0.000000 2818.273926 0.000000 0.774587 0.000000 -0.632468 0.800000 0.800000 0.800000
5663.087891 0.000000 2821.014648 0.000000 0.831212 0.000000 0.555955 0.739953 0.739953 0.739953
5659.449219 0.000000 2821.934570 0.000000 1.000000 0.000000 -0.000408 0.800000 0.800000 0.800000
5651.041992 0.000000 2828.248291 0.000000 0.639350 0.000000 0.768916 0.710655 0.710655 0.710655
5646.166504 0.000000 2818.606445 0.000000 0.017369 0.000000 -0.999849 0.800000 0.800000 0.800000
5662.666016 0.000000 2830.618164 0.000000 0.345830 0.000000 -0.938297 0.800000 0.800000 0.800000
5649.451660 0.000000 2820.516113 0.000000 0.698655 0.000000 -0.715459 0.800000 0.800000 0.800000
5661.178223 0.000000 2818.146973 0.000000 0.277407 0.000000 0.960753 0.800000 0.800000 0.800000
5649.190918 0.000000 2824.794189 0.000000 0.594386 0.000000 0.804180 0.800000 0.800000 0.800000
5644.354980 0.000000 2828.842285 0.000000 0.273773 0.000000 -0.961794 0.800000 0.800000 0.800000
5651.713379 0.000000 2822.036133 0.000000 0.003160 0.000000 0.999995 0.800000 0.800000 0.800000
5651.477051 0.000000 2826.096436 0.000000 0.061237 0.000000 -0.998123 0.800000 0.800000 0.800000
5635.722656 0.000000 2825.774902 0.000000 0.639908 0.000000 0.768451 0.800000 0.800000 0.800000
5661.941895 0.000000 2828.884521 0.000000 0.134350 0.000000 0.990934 0.800000 0.800000 0.800000
5644.138184 0.000000 2818.131348 0.000000 0.779707 0.000000 0.626145 0.800000 0.800000 0.800000
5658.376465 0.000000 2818.136230 0.000000 0.315997 0.000000 -0.948760 0.800000 0.800000 0.800000
5661.770508 0.000000 2820.048828 0.000000 0.997866 0.000000 -0.065291 0.800000 0.800000 0.800000
5647.291992 0.000000 2828.641113 0.000000 0.999432 0.000000 -0.033699 0.800000 0.800000 0.800000
5661.436035 0.000000 2826.161133 0.000000 0.088980 0.000000 -0.996033 0.800000 0.800000 0.800000
5651.023438 0.000000 2820.612061 0.000000 0.959731 0.000000 -0.280919 0.800000 0.800000 0.800000
5652.361816 0.000000 2833.452881 0.000000 0.997301 0.000000 0.073424 0.800000 0.800000 0.800000
5648.795410 0.000000 2827.719482 0.000000 0.560620 0.000000 -0.828073 0.800000 0.800000 0.800000
5646.894531 0.000000 2817.264160 0.000000 0.017777 0.000000 0.999842 0.800000 0.800000 0.800000
5660.145996 0.000000 2823.353516 0.000000 0.970491 0.000000 0.241136 0.800000 0.800000 0.800000
5651.564453 0.000000 2831.751953 0.000000 0.005876 0.000000 -0.999983 0.800000 0.800000 0.800000
5635.596680 0.000000 2827.260742 0.000000 0.362943 0.000000 0.931811 0.800000 0.800000 0.800000
5660.158203 0.000000 2829.040771 0.000000 0.337574 0.000000 0.941299 0.800000 0.800000 0.800000
5648.813477 0.000000 2823.376953 0.000000 0.906972 0.000000 0.421190 0.800000 0.800000 0.800000
5650.180176 0.000000 2829.686035 0.000000 0.089454 0.000000 -0.995991 0.950876 0.950876 0.950876
5663.259277 0.000000 2822.479492 0.000000 0.577619 0.000000 -0.816307 0.800000 0.800000 0.800000
5658.816895 0.000000 2820.487061 0.000000 0.809823 0.000000 0.586674 0.800000 0.800000 0.800000
5663.893066 0.000000 2831.368408 0.000000 0.425032 0.000000 0.905178 0.800000 0.800000 0.800000
5653.054199 0.000000 2830.586914 0.000000 0.992737 0.000000 -0.120303 0.800000 0.800000 0.800000
5633.761230 0.000000 2823.131836 0.000000 0.847315 0.000000 -0.531091 0.800000 0.800000 0.800000
5632.883789 0.000000 2821.877930 0.000000 0.779326 0.000000 -0.626618 0.800000 0.800000 0.800000
5648.260254 0.000000 2830.614258 0.000000 0.753083 0.000000 0.657925 0.800000 0.800000 0.800000
5662.817871 0.000000 2829.568115 0.000000 0.361035 0.000000 -0.932552 0.922376 0.922376 0.922376
5664.082520 0.000000 2820.540039 0.000000 0.641194 0.000000 -0.767379 0.800000 0.800000 0.800000
5664.155762 0.000000 2827.875977 0.000000 0.870919 0.000000 0.491427 0.800000 0.800000 0.800000
5668.062012 0.000000 2820.120361 0.000000 0.965811 0.000000 -0.259248 0.800000 0.800000 0.800000
5665.764648 0.000000 2831.229736 0.000000 0.421860 0.000000 -0.906661 0.800000 0.800000 0.800000
5667.067383 0.000000 2817.031982 0.000000 0.188731 0.000000 -0.982029 0.800000 0.800000 0.800000
5666.277344 0.000000 2821.824951 0.000000 0.958549 0.000000 0.284929 0.800000 0.800000 0.800000
5664.325195 0.000000 2823.180420 0.000000 0.776001 0.000000 -0.630732 0.800000 0.800000 0.800000
5664.261719 0.000000 2825.458252 0.000000 0.952702 0.000000 -0.303906 0.800000 0.800000 0.800000
5668.117676 0.000000 2823.164795 0.000000 0.709578 0.000000 -0.704627 0.800000 0.800000 0.800000
5666.145996 0.000000 2819.895508 0.000000 0.826593 0.000000 0.562801 0.800000 0.800000 0.800000
5668.704590 0.000000 2818.037598 0.000000 0.757228 0.000000 -0.653151 0.800000 0.800000 0.800000
5664.115234 0.000000 2829.962158 0.000000 0.432647 0.000000 -0.901563 0.800000 0.800000 0.800000
5668.504395 0.000000 2816.043457 0.000000 0.948170 0.000000 -0.317762 0.800000 0.800000 0.800000
5668.737305 0.000000 2821.629395 0.000000 0.538920 0.000000 0.842357 0.800000 0.800000 0.800000
5667.110840 0.000000 2818.621338 0.000000 0.739046 0.000000 0.673656 0.800000 0.800000 0.800000
5665.540527 0.000000 2829.268799 0.000000 0.914882 0.000000 -0.403722 0.800000 0.800000 0.800000
5665.761230 0.000000 2823.131836 0.000000 0.939543 0.000000 0.342430 0.800000 0.800000 0.800000
5664.883789 0.000000 2821.877930 0.000000 0.188901 0.000000 0.981996 0.800000 0.800000 0.800000
5663.616699 0.000000 2860.839844 0.000000 0.990501 0.000000 0.137505 0.800000 0.800000 0.800000
5651.599121 0.000000 2862.177734 0.000000 0.998963 0.000000 -0.045532 0.800000 0.800000 0.800000
5663.539551 0.000000 2878.021240 0.000000 0.907429 0.000000 -0.420205 0.800000 0.800000 0.800000
5658.406738 0.000000 2879.556152 0.000000 0.887468 0.000000 -0.460869 0.800000 0.800000 0.800000
5653.732422 0.000000 2866.201904 0.000000 0.461645 0.000000 0.887065 0.800000 0.800000 0.800000
5662.641113 0.000000 2864.483887 0.000000 0.190907 0.000000 -0.981608 0.800000 0.800000 0.800000
5654.982422 0.000000 2862.966064 0.000000 0.154812 0.000000 -0.987944 0.800000 0.800000 0.800000
5660.450684 0.000000 2877.061768 0.000000 0.341373 0.000000 0.939928 0.800000 0.800000 0.800000
5652.494629 0.000000 2869.132324 0.000000 0.830166 0.000000 -0.557516 0.800000 0.800000 0.800000
5650.849121 0.000000 2865.109375 0.000000 0.952820 0.000000 -0.303535 0.800000 0.800000 0.800000
5655.791016 0.000000 2860.426270 0.000000 0.640203 0.000000 0.768206 0.800000 0.800000 0.800000
5654.832031 0.000000 2869.917725 0.000000 0.423848 0.000000 -0.905733 0.800000 0.800000 0.800000
5661.576172 0.000000 2879.152344 0.000000 0.990728 0.000000 0.135861 0.800000 0.800000 0.800000
5655.750977 0.000000 2865.126953 0.000000 0.532211 0.000000 0.846612 0.800000 0.800000 0.800000
5653.036621 0.000000 2864.032227 0.000000 0.385520 0.000000 -0.922700 0.919687 0.919687 0.919687
5654.207520 0.000000 2868.081299 0.000000 0.872713 0.000000 0.488234 0.800000 0.800000 0.800000
5662.666016 0.000000 2862.618164 0.000000 0.043868 0.000000 0.999037 0.800000 0.800000 0.800000
5662.257324 0.000000 2876.641602 0.000000 0.913409 0.000000 -0.407043 0.800000 0.800000 0.800000
5655.334961 0.000000 2871.612305 0.000000 0.844817 0.000000 -0.535056 0.800000 0.800000 0.800000
5659.964844 0.000000 2878.674805 0.000000 0.257528 0.000000 0.966271 0.800000 0.800000 0.800000
5650.892578 0.000000 2868.878662 0.000000 0.467450 0.000000 0.884019 0.800000 0.800000 0.800000
5652.361816 0.000000 2865.452881 0.000000 0.604189 0.000000 -0.796841 0.893919 0.893919 0.893919
5663.603027 0.000000 2879.537109 0.000000 0.928155 0.000000 -0.372193 0.800000 0.800000 0.800000
5651.564453 0.000000 2863.751953 0.000000 0.063884 0.000000 -0.997957 0.800000 0.800000 0.800000
5654.315430 0.000000 2864.722656 0.000000 0.994026 0.000000 0.109146 0.800000 0.800000 0.800000
5663.893066 0.000000 2863.368408 0.000000 0.984896 0.000000 0.173149 0.800000 0.800000 0.800000
5653.054199 0.000000 2862.586914 0.000000 0.248734 0.000000 0.968572 0.800000 0.800000 0.800000
5687.498535 0.000000 2857.706787 0.000000 0.925630 0.000000 -0.378429 0.800000 0.800000 0.800000
5683.599121 0.000000 2862.177734 0.000000 0.917918 0.000000 0.396771 0.800000 0.800000 0.800000
5676.028809 0.000000 2865.442139 0.000000 0.828160 0.000000 0.560492 0.800000 0.800000 0.800000
5668.527832 0.000000 2876.744873 0.000000 0.320470 0.000000 0.947259 0.800000 0.800000 0.800000
5692.482422 0.000000 2856.834229 0.000000 0.759483 0.000000 -0.650528 0.800000 0.800000 0.800000
5664.671875 0.000000 2878.357910 0.000000 0.493709 0.000000 -0.869627 0.800000 0.800000 0.800000
5679.844238 0.000000 2864.104248 0.000000 0.685510 0.000000 -0.728063 0.800000 0.800000 0.800000
5665.764648 0.000000 2863.229736 0.000000 0.240138 0.000000 -0.970739 0.800000 0.800000 0.800000
5671.398926 0.000000 2878.481201 0.000000 0.852831 0.000000 -0.522186 0.855963 0.855963 0.855963
5668.081543 0.000000 2865.710693 0.000000 0.812878 0.000000 0.582434 0.800000 0.800000 0.800000
5680.766113 0.000000 2861.274658 0.000000 0.730861 0.000000 0.682527 0.800000 0.800000 0.800000
5682.849121 0.000000 2865.109375 0.000000 0.780350 0.000000 -0.625343 0.800000 0.800000 0.800000
5692.780273 0.000000 2859.672607 0.000000 0.673803 0.000000 -0.738911 0.800000 0.800000 0.800000
5676.563477 0.000000 2862.581787 0.000000 0.962799 0.000000 -0.270219 0.800000 0.800000 0.800000
5667.005859 0.000000 2860.672852 0.000000 0.419049 0.000000 0.907964 0.800000 0.800000 0.800000
5687.791016 0.000000 2860.426270 0.000000 0.465465 0.000000 -0.885066 0.800000 0.800000 0.800000
5690.168945 0.000000 2858.525146 0.000000 0.719796 0.000000 0.694186 0.800000 0.800000 0.800000
5695.065430 0.000000 2858.366455 0.000000 0.993086 0.000000 -0.117387 0.800000 0.800000 0.800000
5678.919434 0.000000 2866.425293 0.000000 0.975989 0.000000 -0.217819 0.800000 0.800000 0.800000
5667.061523 0.000000 2878.539795 0.000000 0.744157 0.000000 -0.668004 0.800000 0.800000 0.800000
5674.662598 0.000000 2861.113281 0.000000 0.753684 0.000000 0.657237 0.800000 0.800000 0.800000
5670.773926 0.000000 2876.194336 0.000000 0.589658 0.000000 0.807653 0.800000 0.800000 0.800000
5666.416992 0.000000 2868.593750 0.000000 0.873520 0.000000 -0.486788 0.800000 0.800000 0.800000
5664.028809 0.000000 2864.788818 0.000000 0.815921 0.000000 -0.578163 0.800000 0.800000 0.800000
5678.720215 0.000000 2862.146729 0.000000 0.332381 0.000000 -0.943145 0.800000 0.800000 0.800000
5681.758789 0.000000 2863.165527 0.000000 0.999480 0.000000 0.032236 0.800000 0.800000 0.800000
5683.724609 0.000000 2867.055664 0.000000 0.913950 0.000000 -0.405827 0.800000 0.800000 0.800000
5669.139648 0.000000 2878.875000 0.000000 0.760516 0.000000 -0.649319 0.871983 0.871983 0.871983
5680.981445 0.000000 2865.918213 0.000000 0.985862 0.000000 -0.167561 0.800000 0.800000 0.800000
5677.791992 0.000000 2864.420166 0.000000 0.683952 0.000000 0.729527 0.800000 0.800000 0.800000
5668.347656 0.000000 2867.973389 0.000000 0.999901 0.000000 -0.014041 0.800000 0.800000 0.800000
5667.633789 0.000000 2863.782227 0.000000 0.950962 0.000000 -0.309307 0.800000 0.800000 0.800000
5674.798828 0.000000 2879.410156 0.000000 0.186529 0.000000 -0.982450 0.800000 0.800000 0.800000
5675.083984 0.000000 2863.786377 0.000000 0.288700 0.000000 0.957420 0.800000 0.800000 0.800000
5664.115234 0.000000 2861.962158 0.000000 0.962157 0.000000 0.272494 0.800000 0.800000 0.800000
5666.294922 0.000000 2865.083252 0.000000 0.717238 0.000000 0.696828 0.721470 0.721470 0.721470
5676.975586 0.000000 2867.061279 0.000000 0.680085 0.000000 0.733134 0.800000 0.800000 0.800000
5689.255859 0.000000 2856.843994 0.000000 0.913226 0.000000 0.407454 0.800000 0.800000 0.800000
5666.083984 0.000000 2877.022705 0.000000 0.303386 0.000000 -0.952868 0.800000 0.800000 0.800000
5672.558105 0.000000 2879.885986 0.000000 0.377128 0.000000 -0.926161 0.800000 0.800000 0.800000
5669.330566 0.000000 2864.375732 0.000000 0.223890 0.000000 0.974614 0.800000 0.800000 0.800000
5676.354980 0.000000 2860.842285 0.000000 0.208524 0.000000 -0.978017 0.800000 0.800000 0.800000
5686.490234 0.000000 2859.251465 0.000000 0.967754 0.000000 -0.251897 0.800000 0.800000 0.800000
5688.723633 0.000000 2861.872314 0.000000 0.396891 0.000000 -0.917866 0.800000 0.800000 0.800000
5690.873535 0.000000 2856.301270 0.000000 0.971828 0.000000 0.235692 0.800000 0.800000 0.800000
5666.927246 0.000000 2866.993652 0.000000 0.001025 0.000000 -0.999999 0.959896 0.959896 0.959896
5665.921387 0.000000 2879.779297 0.000000 0.726976 0.000000 0.686663 0.800000 0.800000 0.800000
5694.117676 0.000000 2856.686279 0.000000 0.571142 0.000000 -0.820851 0.800000 0.800000 0.800000
5669.578125 0.000000 2866.815186 0.000000 0.144438 0.000000 -0.989514 0.800000 0.800000 0.800000
5667.822754 0.000000 2862.171875 0.000000 0.991274 0.000000 0.131817 0.800000 0.800000 0.800000
5689.364258 0.000000 2859.963867 0.000000 0.829788 0.000000 0.558078 0.800000 0.800000 0.800000
5691.810547 0.000000 2858.312012 0.000000 0.942167 0.000000 -0.335144 0.800000 0.800000 0.800000
5679.291992 0.000000 2860.641113 0.000000 0.919754 0.000000 0.392496 0.800000 0.800000 0.800000
5691.181152 0.000000 2859.855957 0.000000 0.256509 0.000000 -0.966542 0.800000 0.800000 0.800000
5693.436035 0.000000 2858.161133 0.000000 0.635984 0.000000 -0.771702 0.800000 0.800000 0.800000
5665.540527 0.000000 2861.268799 0.000000 0.994994 0.000000 0.099933 0.800000 0.800000 0.800000
5670.028809 0.000000 2877.604980 0.000000 0.913032 0.000000 0.407889 0.800000 0.800000 0.800000
5664.507812 0.000000 2876.714355 0.000000 0.419800 0.000000 0.907616 0.800000 0.800000 0.800000
5683.564453 0.000000 2863.751953 0.000000 0.053451 0.000000 -0.998571 0.800000 0.800000 0.800000
5688.501953 0.000000 2858.781738 0.000000 0.201137 0.000000 -0.979563 0.800000 0.800000 0.800000
5682.357422 0.000000 2866.541748 0.000000 0.900936 0.000000 -0.433951 0.800000 0.800000 0.800000
5686.393555 0.000000 2856.138184 0.000000 0.196372 0.000000 -0.980529 0.800000 0.800000 0.800000
5674.563965 0.000000 2865.469971 0.000000 0.731358 0.000000 -0.681994 0.800000 0.800000 0.800000
5673.497559 0.000000 2878.781494 0.000000 0.103521 0.000000 -0.994627 0.800000 0.800000 0.800000
5681.493652 0.000000 2864.543945 0.000000 0.936143 0.000000 -0.351620 0.800000 0.800000 0.800000
5680.260254 0.000000 2862.614258 0.000000 0.989992 0.000000 0.141125 0.800000 0.800000 0.800000
5668.071777 0.000000 2879.393555 0.000000 0.859457 0.000000 0.511208 0.745343 0.745343 0.745343
5727.616699 0.000000 2860.839844 0.000000 0.358884 0.000000 0.933382 0.800000 0.800000 0.800000
5696.155762 0.000000 2859.875977 0.000000 0.960147 0.000000 -0.279495 0.800000 0.800000 0.800000
5698.336914 0.000000 2856.425049 0.000000 0.989579 0.000000 -0.143993 0.800000 0.800000 0.800000
5724.780273 0.000000 2859.672607 0.000000 0.997501 0.000000 0.070651 0.800000 0.800000 0.800000
5699.005859 0.000000 2860.672852 0.000000 0.682934 0.000000 0.730480 0.800000 0.800000 0.800000
5724.823242 0.000000 2862.420410 0.000000 0.978055 0.000000 0.208346 0.800000 0.800000 0.800000
5727.065430 0.000000 2858.366455 0.000000 0.316002 0.000000 -0.948759 0.800000 0.800000 0.800000
5696.261719 0.000000 2857.458252 0.000000 0.959178 0.000000 -0.282804 0.800000 0.800000 0.800000
5698.225586 0.000000 2858.607422 0.000000 0.901034 0.000000 0.433748 0.800000 0.800000 0.800000
5726.666016 0.000000 2862.618164 0.000000 0.993378 0.000000 -0.114895 0.800000 0.800000 0.800000
5699.722656 0.000000 2857.774902 0.000000 0.523518 0.000000 0.852015 0.800000 0.800000 0.800000
5725.941895 0.000000 2860.884521 0.000000 0.997300 0.000000 0.073435 0.800000 0.800000 0.800000
5725.436035 0.000000 2858.161133 0.000000 0.136696 0.000000 0.990613 0.800000 0.800000 0.800000
5699.596680 0.000000 2859.260742 0.000000 0.892913 0.000000 0.450229 0.800000 0.800000 0.800000
5724.158203 0.000000 2861.040771 0.000000 0.810899 0.000000 0.585187 0.800000 0.800000 0.800000
5727.893066 0.000000 2863.368408 0.000000 0.506504 0.000000 0.862238 0.800000 0.800000 0.800000
5733.415527 0.000000 2862.626709 0.000000 0.077281 0.000000 -0.997009 0.800000 0.800000 0.800000
5740.028809 0.000000 2865.442139 0.000000 0.612482 0.000000 0.790484 0.800000 0.800000 0.800000
5741.865723 0.000000 2868.719238 0.000000 0.091007 0.000000 0.995850 0.800000 0.800000 0.800000
5737.208008 0.000000 2863.121582 0.000000 0.999783 0.000000 0.020839 0.800000 0.800000 0.800000
5732.081543 0.000000 2865.710693 0.000000 0.586276 0.000000 -0.810111 0.800000 0.800000 0.800000
5737.952637 0.000000 2867.477539 0.000000 0.999870 0.000000 0.016144 0.800000 0.800000 0.800000
5731.005859 0.000000 2860.672852 0.000000 0.745641 0.000000 0.666348 0.800000 0.800000 0.800000
5735.435547 0.000000 2861.242920 0.000000 0.892355 0.000000 0.451335 0.800000 0.800000 0.800000
5735.046387 0.000000 2864.044922 0.000000 0.975860 0.000000 -0.218399 0.800000 0.800000 0.800000
5737.145508 0.000000 2865.366455 0.000000 0.966648 0.000000 -0.256108 0.800000 0.800000 0.800000
5739.643066 0.000000 2868.648682 0.000000 0.788750 0.000000 0.614715 0.800000 0.800000 0.800000
5741.791992 0.000000 2864.420166 0.000000 0.545763 0.000000 0.837939 0.800000 0.800000 0.800000
5731.633789 0.000000 2863.782227 0.000000 0.772522 0.000000 -0.634987 0.800000 0.800000 0.800000
5739.083984 0.000000 2863.786377 0.000000 0.974125 0.000000 -0.226008 0.800000 0.800000 0.800000
5736.087402 0.000000 2867.890625 0.000000 0.835922 0.000000 -0.548848 0.800000 0.800000 0.800000
5733.654297 0.000000 2860.635742 0.000000 0.285589 0.000000 -0.958352 0.800000 0.800000 0.800000
5740.975586 0.000000 2867.061279 0.000000 0.854695 0.000000 0.519130 0.800000 0.800000 0.800000
5733.330566 0.000000 2864.375732 0.000000 0.740824 0.000000 0.671700 0.800000 0.800000 0.800000
5738.096680 0.000000 2869.395020 0.000000 0.974992 0.000000 0.222239 0.800000 0.800000 0.800000
5731.822754 0.000000 2862.171875 0.000000 0.861302 0.000000 -0.508093 0.800000 0.800000 0.800000
5739.397949 0.000000 2866.927979 0.000000 0.184902 0.000000 -0.982757 0.800000 0.800000 0.800000
5738.563965 0.000000 2865.469971 0.000000 0.999446 0.000000 -0.033293 0.800000 0.800000 0.800000
5735.835938 0.000000 2862.676270 0.000000 0.392327 0.000000 -0.919826 0.800000 0.800000 0.800000
5655.498535 0.000000 2889.706787 0.000000 0.976380 0.000000 0.216063 0.800000 0.800000 0.800000
5655.378418 0.000000 2884.744873 0.000000 0.721636 0.000000 -0.692273 0.800000 0.800000 0.800000
5658.376465 0.000000 2893.245605 0.000000 0.838696 0.000000 0.544601 0.800000 0.800000 0.800000
5662.083984 0.000000 2880.082275 0.000000 0.999898 0.000000 0.014277 0.800000 0.800000 0.800000
5657.733887 0.000000 2887.046875 0.000000 0.798748 0.000000 -0.601666 0.800000 0.800000 0.800000
5660.823242 0.000000 2894.420410 0.000000 0.476853 0.000000 -0.878983 0.800000 0.800000 0.800000
5658.168945 0.000000 2890.525146 0.000000 0.688942 0.000000 -0.724817 0.800000 0.800000 0.800000
5659.650391 0.000000 2881.134521 0.000000 0.933724 0.000000 -0.357995 0.800000 0.800000 0.800000
5657.318848 0.000000 2895.447021 0.000000 0.641251 0.000000 0.767331 0.800000 0.800000 0.800000
5655.807617 0.000000 2887.713135 0.000000 0.823395 0.000000 0.567468 0.800000 0.800000 0.800000
5659.062012 0.000000 2894.943848 0.000000 0.219194 0.000000 0.975681 0.800000 0.800000 0.800000
5657.255859 0.000000 2888.843994 0.000000 0.942185 0.000000 -0.335093 0.800000 0.800000 0.800000
5657.143555 0.000000 2885.324707 0.000000 0.992938 0.000000 -0.118631 0.800000 0.800000 0.800000
5656.723633 0.000000 2893.872314 0.000000 0.944829 0.000000 -0.327564 0.800000 0.800000 0.800000
5661.941895 0.000000 2892.884521 0.000000 0.515537 0.000000 -0.856867 0.800000 0.800000 0.800000
5654.077148 0.000000 2885.829590 0.000000 0.131032 0.000000 0.991378 0.800000 0.800000 0.800000
5657.364258 0.000000 2891.963867 0.000000 0.984500 0.000000 0.175386 0.800000 0.800000 0.800000
5659.810547 0.000000 2890.312012 0.000000 0.864425 0.000000 -0.502761 0.800000 0.800000 0.800000
5659.181152 0.000000 2891.855957 0.000000 0.821832 0.000000 0.569729 0.800000 0.800000 0.800000
5663.113281 0.000000 2881.236084 0.000000 0.148711 0.000000 0.988881 0.800000 0.800000 0.800000
5655.832031 0.000000 2886.217773 0.000000 0.994469 0.000000 -0.105033 0.800000 0.800000 0.800000
5660.158203 0.000000 2893.040771 0.000000 0.844578 0.000000 -0.535432 0.800000 0.800000 0.800000
5656.501953 0.000000 2890.781738 0.000000 0.720191 0.000000 -0.693776 0.800000 0.800000 0.800000
5654.393555 0.000000 2888.138184 0.000000 0.706782 0.000000 -0.707431 0.800000 0.800000 0.800000
5674.484375 0.000000 2909.530273 0.000000 0.881697 0.000000 -0.471816 0.800000 0.800000 0.800000
5687.498535 0.000000 2889.706787 0.000000 0.486291 0.000000 0.873797 0.800000 0.800000 0.800000
5669.415527 0.000000 2894.626709 0.000000 0.306517 0.000000 -0.951865 0.800000 0.800000 0.800000
5684.977051 0.000000 2880.686279 0.000000 0.644214 0.000000 -0.764845 0.800000 0.800000 0.800000
5695.616699 0.000000 2892.839844 0.000000 0.989406 0.000000 -0.145175 0.800000 0.800000 0.800000
5670.333008 0.000000 2880.647461 0.000000 0.656475 0.000000 -0.754348 0.800000 0.800000 0.800000
5692.482422 0.000000 2888.834229 0.000000 0.913913 0.000000 -0.405910 0.800000 0.800000 0.800000
5680.116699 0.000000 2880.205811 0.000000 0.780950 0.000000 0.624594 0.800000 0.800000 0.800000
5687.378418 0.000000 2884.744873 0.000000 0.169942 0.000000 -0.985454 0.800000 0.800000 0.800000
5690.376465 0.000000 2893.245605 0.000000 0.769195 0.000000 -0.639014 0.800000 0.800000 0.800000
5671.165527 0.000000 2898.219238 0.000000 0.999394 0.000000 -0.034812 0.800000 0.800000 0.800000
5674.342773 0.000000 2880.170410 0.000000 0.543631 0.000000 -0.839325 0.800000 0.800000 0.800000
5672.367188 0.000000 2883.822510 0.000000 0.126061 0.000000 -0.992022 0.800000 0.800000 0.800000
5665.764648 0.000000 2895.229736 0.000000 0.772233 0.000000 0.635340 0.800000 0.800000 0.800000
5682.562500 0.000000 2883.029297 0.000000 0.036214 0.000000 -0.999344 0.800000 0.800000 0.800000
5689.733887 0.000000 2887.046875 0.000000 0.860779 0.000000 0.508978 0.800000 0.800000 0.800000
5685.226562 0.000000 2887.274658 0.000000 0.086217 0.000000 0.996276 0.800000 0.800000 0.800000
5667.067383 0.000000 2881.031982 0.000000 0.906149 0.000000 -0.422958 0.800000 0.800000 0.800000
5675.187012 0.000000 2906.396729 0.000000 0.197736 0.000000 -0.980255 0.800000 0.800000 0.800000
5668.081543 0.000000 2897.710693 0.000000 0.762958 0.000000 0.646448 0.800000 0.800000 0.800000
5664.283691 0.000000 2880.049316 0.000000 0.767793 0.000000 -0.640698 0.800000 0.800000 0.800000
5677.127930 0.000000 2911.200928 0.000000 0.729918 0.000000 -0.683535 0.800000 0.800000 0.800000
5692.780273 0.000000 2891.672607 0.000000 0.905174 0.000000 -0.425040 0.800000 0.800000 0.800000
5667.005859 0.000000 2892.672852 0.000000 0.221419 0.000000 -0.975179 0.800000 0.800000 0.800000
5690.168945 0.000000 2890.525146 0.000000 0.239921 0.000000 -0.970793 0.800000 0.800000 0.800000
5684.769531 0.000000 2884.682129 0.000000 0.971423 0.000000 0.237357 0.800000 0.800000 0.800000
5670.243652 0.000000 2900.651855 0.000000 0.733641 0.000000 0.679537 0.800000 0.800000 0.800000
5695.065430 0.000000 2890.366455 0.000000 0.585950 0.000000 -0.810348 0.800000 0.800000 0.800000
5682.509766 0.000000 2880.299805 0.000000 0.415158 0.000000 -0.909749 0.800000 0.800000 0.800000
5672.483398 0.000000 2881.546875 0.000000 0.546280 0.000000 0.837603 0.800000 0.800000 0.800000
5664.028809 0.000000 2896.788818 0.000000 0.932225 0.000000 -0.361879 0.800000 0.800000 0.800000
5674.519531 0.000000 2882.410156 0.000000 0.094328 0.000000 -0.995541 0.800000 0.800000 0.800000
5671.046387 0.000000 2896.044922 0.000000 0.995042 0.000000 -0.099454 0.800000 0.800000 0.800000
5680.650391 0.000000 2882.273926 0.000000 0.331305 0.000000 -0.943524 0.800000 0.800000 0.800000
5687.807617 0.000000 2887.713135 0.000000 0.929111 0.000000 0.369800 0.800000 0.800000 0.800000
5668.347656 0.000000 2899.973389 0.000000 0.926950 0.000000 -0.375184 0.800000 0.800000 0.800000
5684.492676 0.000000 2882.628906 0.000000 0.887193 0.000000 0.461398 0.800000 0.800000 0.800000
5675.981445 0.000000 2908.212646 0.000000 0.993019 0.000000 0.117954 0.800000 0.800000 0.800000
5667.633789 0.000000 2895.782227 0.000000 0.872324 0.000000 -0.488929 0.800000 0.800000 0.800000
5685.583008 0.000000 2889.347900 0.000000 0.998776 0.000000 -0.049468 0.800000 0.800000 0.800000
5674.798828 0.000000 2911.410156 0.000000 0.567536 0.000000 0.823349 0.800000 0.800000 0.800000
5664.115234 0.000000 2893.962158 0.000000 0.994815 0.000000 0.101699 0.800000 0.800000 0.800000
5666.294922 0.000000 2897.083252 0.000000 0.984964 0.000000 -0.172759 0.800000 0.800000 0.800000
5689.255859 0.000000 2888.843994 0.000000 0.152599 0.000000 0.988288 0.800000 0.800000 0.800000
5668.504395 0.000000 2880.043457 0.000000 0.748731 0.000000 -0.662874 0.800000 0.800000 0.800000
5669.330566 0.000000 2896.375732 0.000000 0.179316 0.000000 -0.983792 0.800000 0.800000 0.800000
5683.713379 0.000000 2886.036133 0.000000 0.047510 0.000000 -0.998871 0.800000 0.800000 0.800000
5686.490234 0.000000 2891.251465 0.000000 0.004181 0.000000 0.999991 0.800000 0.800000 0.800000
5690.873535 0.000000 2888.301270 0.000000 0.998257 0.000000 -0.059025 0.800000 0.800000 0.800000
5693.941895 0.000000 2892.884521 0.000000 0.945724 0.000000 0.324972 0.800000 0.800000 0.800000
5686.077148 0.000000 2885.829590 0.000000 0.999477 0.000000 -0.032349 0.800000 0.800000 0.800000
5694.117676 0.000000 2888.686279 0.000000 0.986770 0.000000 0.162126 0.800000 0.800000 0.800000
5669.578125 0.000000 2898.815186 0.000000 0.086828 0.000000 0.996223 0.800000 0.800000 0.800000
5667.822754 0.000000 2894.171875 0.000000 0.931396 0.000000 -0.364009 0.800000 0.800000 0.800000
5689.364258 0.000000 2891.963867 0.000000 0.975906 0.000000 0.218193 0.800000 0.800000 0.800000
5691.810547 0.000000 2890.312012 0.000000 0.459503 0.000000 -0.888176 0.800000 0.800000 0.800000
5676.059082 0.000000 2909.845215 0.000000 0.321854 0.000000 0.946789 0.800000 0.800000 0.800000
5691.181152 0.000000 2891.855957 0.000000 0.069204 0.000000 0.997603 0.800000 0.800000 0.800000
5685.934570 0.000000 2883.570801 0.000000 0.589413 0.000000 0.807832 0.800000 0.800000 0.800000
5693.436035 0.000000 2890.161133 0.000000 0.646568 0.000000 0.762856 0.800000 0.800000 0.800000
5665.540527 0.000000 2893.268799 0.000000 0.645976 0.000000 0.763358 0.800000 0.800000 0.800000
5683.023438 0.000000 2884.612061 0.000000 0.912474 0.000000 0.409135 0.800000 0.800000 0.800000
5671.791016 0.000000 2880.097900 0.000000 0.761585 0.000000 -0.648065 0.800000 0.800000 0.800000
5675.919434 0.000000 2880.139404 0.000000 0.794744 0.000000 0.606945 0.800000 0.800000 0.800000
5665.874023 0.000000 2880.103760 0.000000 0.429177 0.000000 0.903221 0.800000 0.800000 0.800000
5683.326660 0.000000 2881.689453 0.000000 0.815367 0.000000 -0.578945 0.800000 0.800000 0.800000
5687.832031 0.000000 2886.217773 0.000000 0.562885 0.000000 0.826535 0.800000 0.800000 0.800000
5692.158203 0.000000 2893.040771 0.000000 0.981852 0.000000 -0.189651 0.800000 0.800000 0.800000
5688.501953 0.000000 2890.781738 0.000000 0.889165 0.000000 -0.457586 0.800000 0.800000 0.800000
5686.393555 0.000000 2888.138184 0.000000 0.648037 0.000000 0.761609 0.800000 0.800000 0.800000
5674.637207 0.000000 2907.684570 0.000000 0.838036 0.000000 0.545615 0.800000 0.800000 0.800000
5663.539551 0.000000 2942.021240 0.000000 0.919612 0.000000 -0.392829 0.800000 0.800000 0.800000
5663.603027 0.000000 2943.537109 0.000000 0.999365 0.000000 0.035639 0.800000 0.800000 0.800000
5677.843750 0.000000 2923.939941 0.000000 0.985675 0.000000 -0.168655 0.800000 0.800000 0.800000
5672.544922 0.000000 2934.044678 0.000000 0.019464 0.000000 0.999811 0.800000 0.800000 0.800000
5677.880859 0.000000 2936.671875 0.000000 0.905724 0.000000 -0.423867 0.800000 0.800000 0.800000
5668.527832 0.000000 2940.744873 0.000000 0.054221 0.000000 0.998529 0.800000 0.800000 0.800000
5676.250000 0.000000 2920.074219 0.000000 0.098855 0.000000 0.995102 0.650086 0.650086 0.650086
5671.854980 0.000000 2938.123535 0.000000 0.780770 0.000000 0.624819 0.800000 0.800000 0.800000
5664.671875 0.000000 2942.357910 0.000000 0.922150 0.000000 0.386833 0.800000 0.800000 0.800000
5674.342773 0.000000 2912.170410 0.000000 0.583978 0.000000 0.811770 0.800000 0.800000 0.800000
5677.865723 0.000000 2932.719238 0.000000 0.585500 0.000000 0.810673 0.800000 0.800000 0.800000
5673.208008 0.000000 2927.121582 0.000000 0.999903 0.000000 -0.013952 0.800000 0.800000 0.800000
5671.398926 0.000000 2942.481201 0.000000 0.993872 0.000000 -0.110536 0.800000 0.800000 0.800000
5675.484863 0.000000 2934.695068 0.000000 0.974578 0.000000 0.224046 0.800000 0.800000 0.800000
5673.434570 0.000000 2918.829834 0.000000 0.672212 0.000000 0.740359 0.800000 0.800000 0.800000
5677.245605 0.000000 2912.947510 0.000000 0.997047 0.000000 -0.076792 0.800000 0.800000 0.800000
5673.952637 0.000000 2931.477539 0.000000 0.353057 0.000000 0.935602 0.800000 0.800000 0.800000
5675.578125 0.000000 2922.613770 0.000000 0.841588 0.000000 -0.540120 0.800000 0.800000 0.800000
5673.628906 0.000000 2936.382568 0.000000 0.855163 0.000000 -0.518360 0.800000 0.800000 0.800000
5667.061523 0.000000 2942.539795 0.000000 0.539728 0.000000 0.841840 0.800000 0.800000 0.800000
5670.773926 0.000000 2940.194336 0.000000 0.760825 0.000000 0.648957 0.800000 0.800000 0.800000
5673.793945 0.000000 2921.081787 0.000000 0.553640 0.000000 0.832756 0.800000 0.800000 0.800000
5677.603516 0.000000 2921.754395 0.000000 0.957682 0.000000 0.287828 0.770261 0.770261 0.770261
5673.145508 0.000000 2929.366455 0.000000 0.845435 0.000000 -0.534078 0.800000 0.800000 0.800000
5669.139648 0.000000 2942.875000 0.000000 0.927213 0.000000 0.374535 0.800000 0.800000 0.800000
5675.643066 0.000000 2932.648682 0.000000 0.670359 0.000000 -0.742037 0.885165 0.885165 0.885165
5675.083984 0.000000 2927.786377 0.000000 0.773865 0.000000 -0.633350 0.800000 0.800000 0.800000
5672.087402 0.000000 2931.890625 0.000000 0.362927 0.000000 0.931818 0.800000 0.800000 0.800000
5677.335449 0.000000 2934.562012 0.000000 0.989281 0.000000 0.146025 0.785073 0.785073 0.785073
5675.870605 0.000000 2936.630127 0.000000 0.905201 0.000000 0.424983 0.800000 0.800000 0.800000
5666.083984 0.000000 2941.022705 0.000000 0.024469 0.000000 -0.999701 0.800000 0.800000 0.800000
5674.096680 0.000000 2933.395020 0.000000 0.978826 0.000000 -0.204695 0.820998 0.820998 0.820998
5665.921387 0.000000 2943.779297 0.000000 0.990004 0.000000 0.141040 0.800000 0.800000 0.800000
5677.904297 0.000000 2919.838867 0.000000 0.992720 0.000000 0.120444 0.800000 0.800000 0.800000
5670.028809 0.000000 2941.604980 0.000000 0.934964 0.000000 0.354743 0.800000 0.800000 0.800000
5674.641602 0.000000 2919.788330 0.000000 0.657628 0.000000 0.753343 0.800000 0.800000 0.800000
5675.397949 0.000000 2930.927979 0.000000 0.004367 0.000000 -0.999990 0.959555 0.959555 0.959555
5673.908203 0.000000 2934.894043 0.000000 0.219750 0.000000 0.975556 0.800000 0.800000 0.800000
5675.919434 0.000000 2912.139404 0.000000 0.762746 0.000000 0.646698 0.800000 0.800000 0.800000
5674.563965 0.000000 2929.469971 0.000000 0.634002 0.000000 -0.773332 0.800000 0.800000 0.800000
5674.532227 0.000000 2923.669922 0.000000 0.997299 0.000000 -0.073446 0.800000 0.800000 0.800000
5675.354492 0.000000 2921.208496 0.000000 0.999757 0.000000 -0.022027 0.800000 0.800000 0.800000
5676.877930 0.000000 2935.821777 0.000000 0.300926 0.000000 -0.953647 0.928865 0.928865 0.928865
5704.544922 0.000000 2902.044678 0.000000 0.492839 0.000000 0.870120 0.800000 0.800000 0.800000
5713.943848 0.000000 2909.206299 0.000000 0.933382 0.000000 0.358883 0.800000 0.800000 0.800000
5722.406738 0.000000 2911.556152 0.000000 0.708285 0.000000 0.705926 0.800000 0.800000 0.800000
5718.327148 0.000000 2908.509033 0.000000 0.879262 0.000000 0.476339 0.800000 0.800000 0.800000
5703.165527 0.000000 2898.219238 0.000000 0.937568 0.000000 0.347802 0.800000 0.800000 0.800000
5713.837891 0.000000 2904.801514 0.000000 0.891050 0.000000 -0.453905 0.800000 0.800000 0.800000
5710.038574 0.000000 2908.374756 0.000000 0.279569 0.000000 0.960126 0.800000 0.800000 0.800000
5707.484863 0.000000 2902.695068 0.000000 0.191416 0.000000 -0.981509 0.800000 0.800000 0.800000
5721.304199 0.000000 2908.176025 0.000000 0.796745 0.000000 0.604315 0.800000 0.800000 0.800000
5716.023926 0.000000 2906.748535 0.000000 0.493856 0.000000 -0.869544 0.907388 0.907388 0.907388
5705.952637 0.000000 2899.477539 0.000000 0.265314 0.000000 0.964162 0.800000 0.800000 0.800000
5712.020020 0.000000 2902.546631 0.000000 0.981616 0.000000 -0.190869 0.800000 0.800000 0.800000
5719.703125 0.000000 2911.002441 0.000000 0.872617 0.000000 0.488405 0.800000 0.800000 0.800000
5712.231445 0.000000 2906.878662 0.000000 0.280966 0.000000 0.959718 0.800000 0.800000 0.800000
5702.243652 0.000000 2900.651855 0.000000 0.966906 0.000000 -0.255131 0.800000 0.800000 0.800000
5710.919434 0.000000 2898.425293 0.000000 0.898025 0.000000 0.439945 0.800000 0.800000 0.800000
5714.436035 0.000000 2902.401123 0.000000 0.906225 0.000000 -0.422797 0.800000 0.800000 0.800000
5718.658203 0.000000 2906.260254 0.000000 0.960248 0.000000 -0.279147 0.800000 0.800000 0.800000
5727.092773 0.000000 2899.585693 0.000000 0.126047 0.000000 0.992024 0.800000 0.800000 0.800000
5707.643066 0.000000 2900.648682 0.000000 0.913549 0.000000 -0.406728 0.800000 0.800000 0.800000
5727.026367 0.000000 2903.029541 0.000000 0.101897 0.000000 -0.994795 0.800000 0.800000 0.800000
5712.003418 0.000000 2908.838623 0.000000 0.358900 0.000000 0.933376 0.800000 0.800000 0.800000
5715.947754 0.000000 2908.742432 0.000000 0.306968 0.000000 -0.951720 0.800000 0.800000 0.800000
5715.886719 0.000000 2904.825684 0.000000 0.760083 0.000000 0.649826 0.800000 0.800000 0.800000
5714.139648 0.000000 2907.146240 0.000000 0.528516 0.000000 -0.848923 0.800000 0.800000 0.800000
5704.087402 0.000000 2899.890625 0.000000 0.977095 0.000000 0.212803 0.800000 0.800000 0.800000
5711.729492 0.000000 2900.479248 0.000000 0.077501 0.000000 -0.996992 0.800000 0.800000 0.800000
5703.875488 0.000000 2903.829834 0.000000 0.888392 0.000000 0.459085 0.800000 0.800000 0.800000
5712.036133 0.000000 2904.465088 0.000000 0.999493 0.000000 0.031829 0.800000 0.800000 0.800000
5727.353027 0.000000 2904.887939 0.000000 0.963999 0.000000 -0.265905 0.800000 0.800000 0.800000
5702.708496 0.000000 2902.405273 0.000000 0.734261 0.000000 0.678867 0.800000 0.800000 0.800000
5718.073730 0.000000 2910.197998 0.000000 0.316291 0.000000 -0.948662 0.800000 0.800000 0.800000
5706.096680 0.000000 2901.395020 0.000000 0.372598 0.000000 0.927993 0.800000 0.800000 0.800000
5719.804688 0.000000 2909.324463 0.000000 0.224962 0.000000 0.974368 0.800000 0.800000 0.800000
5723.964844 0.000000 2910.674805 0.000000 0.411777 0.000000 0.911285 0.800000 0.800000 0.800000
5710.753906 0.000000 2906.092041 0.000000 0.294665 0.000000 0.955601 0.800000 0.800000 0.800000
5726.498047 0.000000 2898.087158 0.000000 0.958743 0.000000 -0.284275 0.800000 0.800000 0.800000
5721.196777 0.000000 2910.529053 0.000000 0.977390 0.000000 0.211444 0.800000 0.800000 0.800000
5707.397949 0.000000 2898.927979 0.000000 0.740646 0.000000 -0.671896 0.800000 0.800000 0.800000
5713.091309 0.000000 2901.431396 0.000000 0.909331 0.000000 -0.416074 0.800000 0.800000 0.800000
5705.908203 0.000000 2902.894043 0.000000 0.360019 0.000000 0.932945 0.800000 0.800000 0.800000
5727.348633 0.000000 2901.332031 0.000000 0.005648 0.000000 0.999984 0.800000 0.800000 0.800000
5710.604980 0.000000 2903.373779 0.000000 0.958508 0.000000 -0.285065 0.800000 0.800000 0.800000
5713.191406 0.000000 2903.458984 0.000000 0.088411 0.000000 0.996084 0.800000 0.800000 0.800000
5717.407227 0.000000 2907.354492 0.000000 0.993435 0.000000 -0.114396 0.811678 0.811678 0.811678
5719.679199 0.000000 2907.816162 0.000000 0.593595 0.000000 -0.804764 0.800000 0.800000 0.800000
5714.848633 0.000000 2905.879150 0.000000 0.951839 0.000000 -0.306599 0.800000 0.800000 0.800000
5714.957031 0.000000 2903.748535 0.000000 0.219566 0.000000 0.975598 0.800000 0.800000 0.800000
5705.178223 0.000000 2900.533203 0.000000 0.999929 0.000000 -0.011900 0.801212 0.801212 0.801212
5733.415527 0.000000 2894.626709 0.000000 0.314976 0.000000 0.949100 0.800000 0.800000 0.800000
5728.554199 0.000000 2904.431396 0.000000 0.381965 0.000000 -0.924177 0.800000 0.800000 0.800000
5747.599121 0.000000 2894.177734 0.000000 0.143919 0.000000 0.989589 0.800000 0.800000 0.800000
5729.204102 0.000000 2898.668457 0.000000 0.486009 0.000000 -0.873954 0.800000 0.800000 0.800000
5740.028809 0.000000 2897.442139 0.000000 0.934330 0.000000 0.356409 0.800000 0.800000 0.800000
5756.482422 0.000000 2888.834229 0.000000 0.286482 0.000000 0.958086 0.800000 0.800000 0.800000
5754.376465 0.000000 2893.245605 0.000000 0.368845 0.000000 -0.929491 0.800000 0.800000 0.800000
5735.165527 0.000000 2898.219238 0.000000 0.994586 0.000000 -0.103914 0.800000 0.800000 0.800000
5750.982422 0.000000 2894.966064 0.000000 0.467786 0.000000 0.883842 0.800000 0.800000 0.800000
5759.594727 0.000000 2887.899170 0.000000 0.841873 0.000000 0.539676 0.800000 0.800000 0.800000
5732.081543 0.000000 2897.710693 0.000000 0.999795 0.000000 -0.020225 0.800000 0.800000 0.800000
5729.348145 0.000000 2907.392090 0.000000 0.650055 0.000000 -0.759887 0.800000 0.800000 0.800000
5746.849121 0.000000 2897.109375 0.000000 0.190414 0.000000 -0.981704 0.800000 0.800000 0.800000
5756.780273 0.000000 2891.672607 0.000000 0.985136 0.000000 0.171776 0.800000 0.800000 0.800000
5740.563477 0.000000 2894.581787 0.000000 0.267778 0.000000 -0.963481 0.800000 0.800000 0.800000
5728.376465 0.000000 2901.610596 0.000000 0.638529 0.000000 -0.769598 0.800000 0.800000 0.800000
5751.791016 0.000000 2892.426270 0.000000 0.555280 0.000000 -0.831664 0.800000 0.800000 0.800000
5754.168945 0.000000 2890.525146 0.000000 0.125464 0.000000 -0.992098 0.800000 0.800000 0.800000
5757.457520 0.000000 2886.340332 0.000000 0.977425 0.000000 -0.211285 0.800000 0.800000 0.800000
5759.065430 0.000000 2890.366455 0.000000 0.990652 0.000000 0.136416 0.800000 0.800000 0.800000
5753.318848 0.000000 2895.447021 0.000000 0.930546 0.000000 -0.366176 0.800000 0.800000 0.800000
5738.662598 0.000000 2893.113281 0.000000 0.737649 0.000000 0.675184 0.800000 0.800000 0.800000
5730.416992 0.000000 2900.593750 0.000000 0.022647 0.000000 -0.999744 0.800000 0.800000 0.800000
5749.036621 0.000000 2896.032227 0.000000 0.357902 0.000000 0.933759 0.800000 0.800000 0.800000
5728.028809 0.000000 2896.788818 0.000000 0.616878 0.000000 -0.787059 0.800000 0.800000 0.800000
5749.673828 0.000000 2893.217529 0.000000 0.999905 0.000000 0.013819 0.800000 0.800000 0.800000
5735.046387 0.000000 2896.044922 0.000000 0.958216 0.000000 -0.286046 0.800000 0.800000 0.800000
5747.041992 0.000000 2892.248291 0.000000 0.662421 0.000000 -0.749132 0.800000 0.800000 0.800000
5741.791992 0.000000 2896.420166 0.000000 0.403524 0.000000 -0.914969 0.800000 0.800000 0.800000
5732.347656 0.000000 2899.973389 0.000000 0.214299 0.000000 0.976768 0.800000 0.800000 0.800000
5739.083984 0.000000 2895.786377 0.000000 0.422996 0.000000 -0.906131 0.800000 0.800000 0.800000
5730.294922 0.000000 2897.083252 0.000000 0.354551 0.000000 -0.935037 0.800000 0.800000 0.800000
5755.062012 0.000000 2894.943848 0.000000 0.730280 0.000000 -0.683149 0.800000 0.800000 0.800000
5729.845215 0.000000 2905.649414 0.000000 0.981498 0.000000 0.191470 0.800000 0.800000 0.800000
5733.330566 0.000000 2896.375732 0.000000 0.883253 0.000000 0.468896 0.800000 0.800000 0.800000
5740.354980 0.000000 2892.842285 0.000000 0.342143 0.000000 -0.939648 0.800000 0.800000 0.800000
5728.004883 0.000000 2899.935791 0.000000 0.094319 0.000000 0.995542 0.800000 0.800000 0.800000
5752.723633 0.000000 2893.872314 0.000000 0.455518 0.000000 -0.890227 0.800000 0.800000 0.800000
5754.873535 0.000000 2888.301270 0.000000 0.967492 0.000000 0.252903 0.800000 0.800000 0.800000
5730.927246 0.000000 2898.993652 0.000000 0.551377 0.000000 0.834256 0.800000 0.800000 0.800000
5758.117676 0.000000 2888.686279 0.000000 0.897158 0.000000 0.441709 0.800000 0.800000 0.800000
5733.578125 0.000000 2898.815186 0.000000 0.203489 0.000000 0.979077 0.800000 0.800000 0.800000
5753.364258 0.000000 2891.963867 0.000000 0.239902 0.000000 0.970797 0.800000 0.800000 0.800000
5755.810547 0.000000 2890.312012 0.000000 0.983745 0.000000 0.179571 0.800000 0.800000 0.800000
5728.011230 0.000000 2906.099121 0.000000 0.137926 0.000000 -0.990442 0.800000 0.800000 0.800000
5755.181152 0.000000 2891.855957 0.000000 0.919412 0.000000 0.393296 0.800000 0.800000 0.800000
5757.436035 0.000000 2890.161133 0.000000 0.558006 0.000000 -0.829837 0.800000 0.800000 0.800000
5748.361816 0.000000 2897.452881 0.000000 0.596962 0.000000 0.802269 0.800000 0.800000 0.800000
5739.397949 0.000000 2898.927979 0.000000 0.960222 0.000000 0.279239 0.800000 0.800000 0.800000
5756.145996 0.000000 2887.353516 0.000000 0.803507 0.000000 -0.595296 0.800000 0.800000 0.800000
5747.564453 0.000000 2895.751953 0.000000 0.934892 0.000000 0.354933 0.800000 0.800000 0.800000
5752.501953 0.000000 2890.781738 0.000000 0.460061 0.000000 -0.887887 0.800000 0.800000 0.800000
5746.180176 0.000000 2893.686035 0.000000 0.533606 0.000000 -0.845734 0.800000 0.800000 0.800000
5759.259277 0.000000 2886.479492 0.000000 0.635042 0.000000 -0.772478 0.800000 0.800000 0.800000
5738.563965 0.000000 2897.469971 0.000000 0.846725 0.000000 0.532031 0.800000 0.800000 0.800000
5735.835938 0.000000 2894.676270 0.000000 0.669331 0.000000 -0.742964 0.800000 0.800000 0.800000
5749.054199 0.000000 2894.586914 0.000000 0.968513 0.000000 0.248962 0.800000 0.800000 0.800000
5728.016113 0.000000 2903.053955 0.000000 0.966652 0.000000 -0.256092 0.800000 0.800000 0.800000
5721.162598 0.000000 2912.856934 0.000000 0.820543 0.000000 -0.571585 0.800000 0.800000 0.800000
5723.650391 0.000000 2913.134521 0.000000 0.960562 0.000000 0.278065 0.800000 0.800000 0.800000
5721.623535 0.000000 2915.584961 0.000000 0.868777 0.000000 0.495203 0.800000 0.800000 0.800000
5722.376465 0.000000 2914.136230 0.000000 0.842700 0.000000 -0.538384 0.800000 0.800000 0.800000
5720.497559 0.000000 2914.423584 0.000000 0.999325 0.000000 -0.036746 0.800000 0.800000 0.800000
5655.498535 0.000000 2953.706787 0.000000 0.764070 0.000000 0.645133 0.800000 0.800000 0.800000
5644.028809 0.000000 2961.442139 0.000000 0.997204 0.000000 0.074728 0.800000 0.800000 0.800000
5655.378418 0.000000 2948.744873 0.000000 0.149604 0.000000 0.988746 0.800000 0.800000 0.800000
5649.770996 0.000000 2954.510742 0.000000 0.062271 0.000000 -0.998059 0.953653 0.953653 0.953653
5662.083984 0.000000 2944.082275 0.000000 0.858427 0.000000 0.512936 0.800000 0.800000 0.800000
5647.844238 0.000000 2960.104248 0.000000 0.206617 0.000000 0.978422 0.800000 0.800000 0.800000
5645.865723 0.000000 2964.719238 0.000000 0.074183 0.000000 0.997245 0.647563 0.647563 0.647563
5653.226562 0.000000 2951.274658 0.000000 0.920707 0.000000 -0.390254 0.800000 0.800000 0.800000
5643.484863 0.000000 2966.695068 0.000000 0.214518 0.000000 0.976720 0.800000 0.800000 0.800000
5648.766113 0.000000 2957.274658 0.000000 0.539227 0.000000 0.842161 0.800000 0.800000 0.800000
5644.563477 0.000000 2958.581787 0.000000 0.911530 0.000000 0.411233 0.800000 0.800000 0.800000
5662.919922 0.000000 2946.828125 0.000000 0.326452 0.000000 -0.945214 0.800000 0.800000 0.800000
5652.769531 0.000000 2948.682129 0.000000 0.899010 0.000000 0.437929 0.800000 0.800000 0.800000
5646.919434 0.000000 2962.425293 0.000000 0.402686 0.000000 -0.915338 0.800000 0.800000 0.800000
5650.963867 0.000000 2952.413574 0.000000 0.111456 0.000000 0.993769 0.800000 0.800000 0.800000
5646.720215 0.000000 2958.146729 0.000000 0.059423 0.000000 -0.998233 0.800000 0.800000 0.800000
5643.643066 0.000000 2964.648682 0.000000 0.894640 0.000000 -0.446788 0.800000 0.800000 0.800000
5645.791992 0.000000 2960.420166 0.000000 0.047320 0.000000 -0.998880 0.800000 0.800000 0.800000
5655.807617 0.000000 2951.713135 0.000000 0.829286 0.000000 0.558824 0.800000 0.800000 0.800000
5653.583008 0.000000 2953.347900 0.000000 0.515260 0.000000 0.857034 0.800000 0.800000 0.800000
5645.335449 0.000000 2966.562012 0.000000 0.817663 0.000000 0.575696 0.800000 0.800000 0.800000
5644.975586 0.000000 2963.061279 0.000000 0.622679 0.000000 -0.782477 0.800000 0.800000 0.800000
5649.190918 0.000000 2952.794189 0.000000 0.647364 0.000000 -0.762181 0.800000 0.800000 0.800000
5644.354980 0.000000 2956.842285 0.000000 0.998881 0.000000 -0.047296 0.800000 0.800000 0.800000
5651.713379 0.000000 2950.036133 0.000000 0.971051 0.000000 -0.238871 0.800000 0.800000 0.800000
5651.477051 0.000000 2954.096436 0.000000 0.837653 0.000000 -0.546203 0.800000 0.800000 0.800000
5642.096680 0.000000 2965.395020 0.000000 0.341283 0.000000 -0.939960 0.800000 0.800000 0.800000
5654.077148 0.000000 2949.829590 0.000000 0.529175 0.000000 0.848512 0.800000 0.800000 0.800000
5647.291992 0.000000 2956.641113 0.000000 0.450564 0.000000 0.892744 0.800000 0.800000 0.800000
5663.113281 0.000000 2945.236084 0.000000 0.880435 0.000000 -0.474166 0.800000 0.800000 0.800000
5648.795410 0.000000 2955.719482 0.000000 0.997063 0.000000 0.076591 0.792191 0.792191 0.792191
5643.397949 0.000000 2962.927979 0.000000 0.257723 0.000000 -0.966219 0.800000 0.800000 0.800000
5655.832031 0.000000 2950.217773 0.000000 0.212605 0.000000 -0.977138 0.800000 0.800000 0.800000
5654.393555 0.000000 2952.138184 0.000000 0.978773 0.000000 -0.204945 0.800000 0.800000 0.800000
5667.067383 0.000000 2945.031982 0.000000 0.851722 0.000000 -0.523993 0.800000 0.800000 0.800000
5664.283691 0.000000 2944.049316 0.000000 0.934208 0.000000 -0.356729 0.800000 0.800000 0.800000
5665.025391 0.000000 2946.308105 0.000000 0.278567 0.000000 -0.960417 0.800000 0.800000 0.800000
5668.504395 0.000000 2944.043457 0.000000 0.209688 0.000000 0.977768 0.800000 0.800000 0.800000
5665.874023 0.000000 2944.103760 0.000000 0.086070 0.000000 0.996289 0.800000 0.800000 0.800000
"}
